#
# There is insufficient memory for the Java Runtime Environment to continue.
# Native memory allocation (malloc) failed to allocate 1967536 bytes for Chunk::new
# Possible reasons:
#   The system is out of physical RAM or swap space
#   The process is running with CompressedOops enabled, and the Java Heap may be blocking the growth of the native heap
# Possible solutions:
#   Reduce memory load on the system
#   Increase physical memory or swap space
#   Check if swap backing store is full
#   Decrease Java heap size (-Xmx/-Xms)
#   Decrease number of Java threads
#   Decrease Java thread stack sizes (-Xss)
#   Set larger code cache with -XX:ReservedCodeCacheSize=
#   JVM is running with Zero Based Compressed Oops mode in which the Java heap is
#     placed in the first 32GB address space. The Java Heap base address is the
#     maximum limit for the native heap growth. Please use -XX:HeapBaseMinAddress
#     to set the Java Heap base and to place the Java Heap above 32GB virtual address.
# This output file may be truncated or incomplete.
#
#  Out of Memory Error (arena.cpp:189), pid=15264, tid=6716
#
# JRE version: Java(TM) SE Runtime Environment (17.0.12+8) (build 17.0.12+8-LTS-286)
# Java VM: Java HotSpot(TM) 64-Bit Server VM (17.0.12+8-LTS-286, mixed mode, sharing, tiered, compressed oops, compressed class ptrs, g1 gc, windows-amd64)
# No core dump will be written. Minidumps are not enabled by default on client versions of Windows
#

---------------  S U M M A R Y ------------

Command Line: --add-opens=java.base/java.lang=ALL-UNNAMED --add-opens=java.base/java.lang.invoke=ALL-UNNAMED --add-opens=java.base/java.util=ALL-UNNAMED --add-opens=java.prefs/java.util.prefs=ALL-UNNAMED --add-exports=jdk.compiler/com.sun.tools.javac.api=ALL-UNNAMED --add-exports=jdk.compiler/com.sun.tools.javac.util=ALL-UNNAMED --add-opens=java.base/java.util=ALL-UNNAMED --add-opens=java.prefs/java.util.prefs=ALL-UNNAMED --add-opens=java.base/java.nio.charset=ALL-UNNAMED --add-opens=java.base/java.net=ALL-UNNAMED --add-opens=java.base/java.util.concurrent.atomic=ALL-UNNAMED --add-opens=java.xml/javax.xml.namespace=ALL-UNNAMED -XX:MaxMetaspaceSize=1g -XX:+HeapDumpOnOutOfMemoryError -Xmx4g -Dfile.encoding=windows-1252 -Duser.country=IN -Duser.language=en -Duser.variant -javaagent:C:\Users\rohan\.gradle\wrapper\dists\gradle-8.12-all\ejduaidbjup3bmmkhw3rie4zb\gradle-8.12\lib\agents\gradle-instrumentation-agent-8.12.jar org.gradle.launcher.daemon.bootstrap.GradleDaemon 8.12

Host: 11th Gen Intel(R) Core(TM) i5-11320H @ 3.20GHz, 8 cores, 15G,  Windows 11 , 64 bit Build 26100 (10.0.26100.8328)
Time: Thu May 28 21:16:42 2026 India Standard Time elapsed time: 2711.692332 seconds (0d 0h 45m 11s)

---------------  T H R E A D  ---------------

Current thread (0x0000013fe5c3f050):  JavaThread "C2 CompilerThread1" daemon [_thread_in_native, id=6716, stack(0x0000001d64200000,0x0000001d64300000)]


Current CompileTask:
C2:2711692 61406       4       com.android.tools.r8.internal.LH::remove (1708 bytes)

Stack: [0x0000001d64200000,0x0000001d64300000]
Native frames: (J=compiled Java code, j=interpreted, Vv=VM code, C=native code)
V  [jvm.dll+0x67a04a]
V  [jvm.dll+0x7da4ed]
V  [jvm.dll+0x7dbe33]
V  [jvm.dll+0x7dc4a3]
V  [jvm.dll+0x24508f]
V  [jvm.dll+0xab773]
V  [jvm.dll+0xabd3c]
V  [jvm.dll+0x361b9f]
V  [jvm.dll+0x32c431]
V  [jvm.dll+0x32b8ca]
V  [jvm.dll+0x21683f]
V  [jvm.dll+0x215c6f]
V  [jvm.dll+0x1a2960]
V  [jvm.dll+0x22610b]
V  [jvm.dll+0x2242ab]
V  [jvm.dll+0x79075c]
V  [jvm.dll+0x78abea]
V  [jvm.dll+0x678f35]
C  [ucrtbase.dll+0x37b0]
C  [KERNEL32.DLL+0x2e957]
C  [ntdll.dll+0x427c]


---------------  P R O C E S S  ---------------

Threads class SMR info:
_java_thread_list=0x0000013ffdaedd90, length=194, elements={
0x0000013f86b2b010, 0x0000013fab783460, 0x0000013fab785f40, 0x0000013fab8ae490,
0x0000013fab8aed60, 0x0000013fab8b1640, 0x0000013fab8b1f10, 0x0000013fab8b33d0,
0x0000013fab8bbda0, 0x0000013fab8bead0, 0x0000013fab9ca3f0, 0x0000013faba6bef0,
0x0000013fe68b3c20, 0x0000013fe687e860, 0x0000013fe69fa5d0, 0x0000013fe6ab85c0,
0x0000013fe6ab5830, 0x0000013fe6ab7690, 0x0000013fe6ab80b0, 0x0000013fe91c9dd0,
0x0000013fe91c98c0, 0x0000013fe91ca7f0, 0x0000013fe9ae8220, 0x0000013fea337090,
0x0000013fea3384d0, 0x0000013fe9e388a0, 0x0000013fe9e36530, 0x0000013febe3a560,
0x0000013febe3b490, 0x0000013febe3d2f0, 0x0000013ff5db8db0, 0x0000013ff572f2f0,
0x0000013ff5731660, 0x0000013ff5731150, 0x0000013ff5730730, 0x0000013ff5db5600,
0x0000013fe9e31e50, 0x0000013febe3fb70, 0x0000013fe5c249f0, 0x0000013fe5c244e0,
0x0000013fe5c235b0, 0x0000013ff5db4be0, 0x0000013fe84042d0, 0x0000013febe40080,
0x0000013febe3e730, 0x0000013febe3c8d0, 0x0000013febe40590, 0x0000013febe40fb0,
0x0000013fe83f8780, 0x0000013fe83fc440, 0x0000013fe83faaf0, 0x0000013fe83f91a0,
0x0000013fe83fc950, 0x0000013fe83fce60, 0x0000013fe83fb000, 0x0000013fe83f96b0,
0x0000013fe83fd370, 0x0000013fe83f9bc0, 0x0000013fe83fd880, 0x0000013fe83fa0d0,
0x0000013fe83fa5e0, 0x0000013fe83fdd90, 0x0000013fe83ff6e0, 0x0000013fe83ffbf0,
0x0000013fe8401a50, 0x0000013fe83fe2a0, 0x0000013fe8400610, 0x0000013fe8401030,
0x0000013fe8400100, 0x0000013fe8401f60, 0x0000013fe8402470, 0x0000013fe83fecc0,
0x0000013fe8402e90, 0x0000013fe8403dc0, 0x0000013fe8402980, 0x0000013fe84047e0,
0x0000013fe84033a0, 0x0000013fe8404cf0, 0x0000013fe8406b50, 0x0000013fe8405200,
0x0000013fe8407060, 0x0000013fe8405710, 0x0000013fe8405c20, 0x0000013fe8407570,
0x0000013fea332ec0, 0x0000013fea333df0, 0x0000013fea3333d0, 0x0000013fea3329b0,
0x0000013fea3338e0, 0x0000013fea334300, 0x0000013fea334810, 0x0000013fea331570,
0x0000013fea331060, 0x0000013fea334d20, 0x0000013fea331f90, 0x0000013fea335230,
0x0000013fea331a80, 0x0000013fea335c50, 0x0000013fea335740, 0x0000013fea3324a0,
0x0000013fea337ab0, 0x0000013fea336160, 0x0000013fea336670, 0x0000013fea336b80,
0x0000013fea3375a0, 0x0000013fe5c25410, 0x0000013fe5c23ac0, 0x0000013fe5c26340,
0x0000013fe5c25920, 0x0000013fe5c25e30, 0x0000013fe5c24f00, 0x0000013fe5c23fd0,
0x0000013fe5c22b90, 0x0000013fe5c26850, 0x0000013fe5c230a0, 0x0000013fe5c28bc0,
0x0000013fe5c27780, 0x0000013fe5c295e0, 0x0000013fe5c29af0, 0x0000013fe5c2a510,
0x0000013fe5c26d60, 0x0000013fe5c27270, 0x0000013fe5c27c90, 0x0000013fe5c281a0,
0x0000013fe5c286b0, 0x0000013fe5c290d0, 0x0000013fe91cc650, 0x0000013fe91cad00,
0x0000013fe91ca2e0, 0x0000013fe91cda90, 0x0000013fe91cb210, 0x0000013fe91ce4b0,
0x0000013fe91ccb60, 0x0000013fe91cb720, 0x0000013fe91cf3e0, 0x0000013fe91cbc30,
0x0000013fe91cf8f0, 0x0000013fe91cc140, 0x0000013fe91cfe00, 0x0000013fe91d1240,
0x0000013fe91d0820, 0x0000013fe91d0d30, 0x0000013fe9ae72f0, 0x0000013fe9ae4f80,
0x0000013fe9ae4a70, 0x0000013fe9aea080, 0x0000013fe9ae6de0, 0x0000013fe9ae7d10,
0x0000013fe9ae68d0, 0x0000013fe9ae9b70, 0x0000013fe9aec3f0, 0x0000013fe9aeb9d0,
0x0000013fe9ae9150, 0x0000013ff5db3cb0, 0x0000013ff5db92c0, 0x0000013ff572f800,
0x0000013ffd061f60, 0x0000013ffd062470, 0x0000013ffd062980, 0x0000013ffd061030,
0x0000013ffd062e90, 0x0000013ffd061540, 0x0000013ffd05f6e0, 0x0000013ffd066130,
0x0000013ffd0647e0, 0x0000013ffd066b50, 0x0000013ffd067570, 0x0000013ffd066640,
0x0000013ffd0638b0, 0x0000013ffd0633a0, 0x0000013ffd064cf0, 0x0000013ffd067060,
0x0000013ffd067a80, 0x0000013ffd065c20, 0x0000013ffd067f90, 0x0000013ffdb24ca0,
0x0000013ff130c060, 0x0000013fffa2eeb0, 0x0000013ffdb24790, 0x0000013ffdb251b0,
0x0000013ffe969290, 0x0000013ffe96abe0, 0x0000013ffe9697a0, 0x0000013ffe96a1c0,
0x0000013ffe545ef0, 0x0000013ffd060100, 0x0000013ffdb23d70, 0x0000013ffe976f40,
0x0000013fe5c3f050, 0x0000013fffa2f8d0, 0x0000013fe5feddf0, 0x0000013ffe977450,
0x0000013fe5fed8e0, 0x0000013fe5c3bb30
}

Java Threads: ( => current thread )
  0x0000013f86b2b010 JavaThread "main" [_thread_blocked, id=17248, stack(0x0000001d5a900000,0x0000001d5aa00000)]
  0x0000013fab783460 JavaThread "Reference Handler" daemon [_thread_blocked, id=22564, stack(0x0000001d5b000000,0x0000001d5b100000)]
  0x0000013fab785f40 JavaThread "Finalizer" daemon [_thread_blocked, id=8640, stack(0x0000001d5b100000,0x0000001d5b200000)]
  0x0000013fab8ae490 JavaThread "Signal Dispatcher" daemon [_thread_blocked, id=23912, stack(0x0000001d5b200000,0x0000001d5b300000)]
  0x0000013fab8aed60 JavaThread "Attach Listener" daemon [_thread_blocked, id=9716, stack(0x0000001d5b300000,0x0000001d5b400000)]
  0x0000013fab8b1640 JavaThread "Service Thread" daemon [_thread_blocked, id=11040, stack(0x0000001d5b400000,0x0000001d5b500000)]
  0x0000013fab8b1f10 JavaThread "Monitor Deflation Thread" daemon [_thread_blocked, id=22224, stack(0x0000001d5b500000,0x0000001d5b600000)]
  0x0000013fab8b33d0 JavaThread "C2 CompilerThread0" daemon [_thread_in_native, id=16772, stack(0x0000001d5b600000,0x0000001d5b700000)]
  0x0000013fab8bbda0 JavaThread "C1 CompilerThread0" daemon [_thread_blocked, id=5300, stack(0x0000001d5b700000,0x0000001d5b800000)]
  0x0000013fab8bead0 JavaThread "Sweeper thread" daemon [_thread_blocked, id=15040, stack(0x0000001d5b800000,0x0000001d5b900000)]
  0x0000013fab9ca3f0 JavaThread "Common-Cleaner" daemon [_thread_blocked, id=9428, stack(0x0000001d5b900000,0x0000001d5ba00000)]
  0x0000013faba6bef0 JavaThread "Notification Thread" daemon [_thread_blocked, id=11756, stack(0x0000001d5ba00000,0x0000001d5bb00000)]
  0x0000013fe68b3c20 JavaThread "Daemon health stats" [_thread_blocked, id=8004, stack(0x0000001d5c300000,0x0000001d5c400000)]
  0x0000013fe687e860 JavaThread "Incoming local TCP Connector on port 62848" [_thread_in_native, id=24260, stack(0x0000001d5c400000,0x0000001d5c500000)]
  0x0000013fe69fa5d0 JavaThread "Daemon periodic checks" [_thread_blocked, id=18152, stack(0x0000001d5c500000,0x0000001d5c600000)]
  0x0000013fe6ab85c0 JavaThread "Cache worker for journal cache (C:\Users\rohan\.gradle\caches\journal-1)" [_thread_blocked, id=13276, stack(0x0000001d5cd00000,0x0000001d5ce00000)]
  0x0000013fe6ab5830 JavaThread "File lock request listener" [_thread_in_native, id=13112, stack(0x0000001d5ce00000,0x0000001d5cf00000)]
  0x0000013fe6ab7690 JavaThread "Cache worker for file hash cache (C:\Users\rohan\.gradle\caches\8.12\fileHashes)" [_thread_blocked, id=15256, stack(0x0000001d5cf00000,0x0000001d5d000000)]
  0x0000013fe6ab80b0 JavaThread "File watcher server" daemon [_thread_in_native, id=23588, stack(0x0000001d5d400000,0x0000001d5d500000)]
  0x0000013fe91c9dd0 JavaThread "File watcher consumer" daemon [_thread_blocked, id=26496, stack(0x0000001d5d500000,0x0000001d5d600000)]
  0x0000013fe91c98c0 JavaThread "jar transforms" [_thread_blocked, id=8736, stack(0x0000001d5d700000,0x0000001d5d800000)]
  0x0000013fe91ca7f0 JavaThread "Cache worker for file content cache (C:\Users\rohan\.gradle\caches\8.12\fileContent)" [_thread_blocked, id=8620, stack(0x0000001d5d900000,0x0000001d5da00000)]
  0x0000013fe9ae8220 JavaThread "Memory manager" [_thread_blocked, id=14324, stack(0x0000001d5df00000,0x0000001d5e000000)]
  0x0000013fea337090 JavaThread "jar transforms Thread 2" [_thread_blocked, id=8940, stack(0x0000001d63700000,0x0000001d63800000)]
  0x0000013fea3384d0 JavaThread "jar transforms Thread 3" [_thread_blocked, id=17100, stack(0x0000001d63900000,0x0000001d63a00000)]
  0x0000013fe9e388a0 JavaThread "jar transforms Thread 4" [_thread_blocked, id=20936, stack(0x0000001d64400000,0x0000001d64500000)]
  0x0000013fe9e36530 JavaThread "jar transforms Thread 5" [_thread_blocked, id=11820, stack(0x0000001d64500000,0x0000001d64600000)]
  0x0000013febe3a560 JavaThread "jar transforms Thread 6" [_thread_blocked, id=21424, stack(0x0000001d64800000,0x0000001d64900000)]
  0x0000013febe3b490 JavaThread "jar transforms Thread 7" [_thread_blocked, id=2328, stack(0x0000001d64900000,0x0000001d64a00000)]
  0x0000013febe3d2f0 JavaThread "jar transforms Thread 8" [_thread_blocked, id=15088, stack(0x0000001d64a00000,0x0000001d64b00000)]
  0x0000013ff5db8db0 JavaThread "pool-3-thread-1" [_thread_blocked, id=3060, stack(0x0000001d64e00000,0x0000001d64f00000)]
  0x0000013ff572f2f0 JavaThread "RMI Scheduler(0)" daemon [_thread_blocked, id=18828, stack(0x0000001d65b00000,0x0000001d65c00000)]
  0x0000013ff5731660 JavaThread "RMI GC Daemon" daemon [_thread_blocked, id=23596, stack(0x0000001d65d00000,0x0000001d65e00000)]
  0x0000013ff5731150 JavaThread "RMI TCP Accept-0" daemon [_thread_in_native, id=22732, stack(0x0000001d65e00000,0x0000001d65f00000)]
  0x0000013ff5730730 JavaThread "RMI Reaper" [_thread_blocked, id=19940, stack(0x0000001d65f00000,0x0000001d66000000)]
  0x0000013ff5db5600 JavaThread "Cache worker for Java compile cache (C:\Users\rohan\.gradle\caches\8.12\javaCompile)" [_thread_blocked, id=11292, stack(0x0000001d66100000,0x0000001d66200000)]
  0x0000013fe9e31e50 JavaThread "pool-7-thread-1" [_thread_blocked, id=22972, stack(0x0000001d64300000,0x0000001d64400000)]
  0x0000013febe3fb70 JavaThread "pool-11-thread-1" [_thread_blocked, id=16228, stack(0x0000001d64f00000,0x0000001d65000000)]
  0x0000013fe5c249f0 JavaThread "ForkJoinPool.commonPool-worker-20" daemon [_thread_blocked, id=21668, stack(0x0000001d5f300000,0x0000001d5f400000)]
  0x0000013fe5c244e0 JavaThread "ForkJoinPool.commonPool-worker-21" daemon [_thread_blocked, id=20288, stack(0x0000001d5f400000,0x0000001d5f500000)]
  0x0000013fe5c235b0 JavaThread "ForkJoinPool.commonPool-worker-22" daemon [_thread_blocked, id=25468, stack(0x0000001d5f500000,0x0000001d5f600000)]
  0x0000013ff5db4be0 JavaThread "pool-15-thread-1" [_thread_blocked, id=25548, stack(0x0000001d65000000,0x0000001d65100000)]
  0x0000013fe84042d0 JavaThread "ForkJoinPool.commonPool-worker-25" daemon [_thread_blocked, id=13168, stack(0x0000001d5ef00000,0x0000001d5f000000)]
  0x0000013febe40080 JavaThread "pool-19-thread-1" [_thread_blocked, id=22216, stack(0x0000001d64d00000,0x0000001d64e00000)]
  0x0000013febe3e730 JavaThread "Daemon Thread 6" [_thread_blocked, id=17936, stack(0x0000001d5a600000,0x0000001d5a700000)]
  0x0000013febe3c8d0 JavaThread "Handler for socket connection from /127.0.0.1:62848 to /127.0.0.1:51037" [_thread_in_native, id=7816, stack(0x0000001d5a700000,0x0000001d5a800000)]
  0x0000013febe40590 JavaThread "Cancel handler" [_thread_blocked, id=8184, stack(0x0000001d5a800000,0x0000001d5a900000)]
  0x0000013febe40fb0 JavaThread "Daemon worker Thread 6" [_thread_blocked, id=20252, stack(0x0000001d5bd00000,0x0000001d5be00000)]
  0x0000013fe83f8780 JavaThread "Asynchronous log dispatcher for DefaultDaemonConnection: socket connection from /127.0.0.1:62848 to /127.0.0.1:51037" [_thread_blocked, id=3504, stack(0x0000001d5c600000,0x0000001d5c700000)]
  0x0000013fe83fc440 JavaThread "Stdin handler" [_thread_blocked, id=15616, stack(0x0000001d5c700000,0x0000001d5c800000)]
  0x0000013fe83faaf0 JavaThread "Daemon client event forwarder" [_thread_blocked, id=22736, stack(0x0000001d5c800000,0x0000001d5c900000)]
  0x0000013fe83f91a0 JavaThread "Cache worker for file hash cache (C:\Users\rohan\bundle\android\.gradle\8.12\fileHashes)" [_thread_blocked, id=21908, stack(0x0000001d5c900000,0x0000001d5ca00000)]
  0x0000013fe83fc950 JavaThread "Cache worker for Build Output Cleanup Cache (C:\Users\rohan\bundle\android\.gradle\buildOutputCleanup)" [_thread_blocked, id=23592, stack(0x0000001d5ca00000,0x0000001d5cb00000)]
  0x0000013fe83fce60 JavaThread "Cache worker for checksums cache (C:\Users\rohan\bundle\android\.gradle\8.12\checksums)" [_thread_blocked, id=9696, stack(0x0000001d5cb00000,0x0000001d5cc00000)]
  0x0000013fe83fb000 JavaThread "Cache worker for cache directory md-rule (C:\Users\rohan\.gradle\caches\8.12\md-rule)" [_thread_blocked, id=17308, stack(0x0000001d5cc00000,0x0000001d5cd00000)]
  0x0000013fe83f96b0 JavaThread "Cache worker for cache directory md-supplier (C:\Users\rohan\.gradle\caches\8.12\md-supplier)" [_thread_blocked, id=15740, stack(0x0000001d5d000000,0x0000001d5d100000)]
  0x0000013fe83fd370 JavaThread "Cache worker for Build Output Cleanup Cache (C:\Users\rohan\bundle\node_modules\@react-native\gradle-plugin\.gradle\buildOutputCleanup)" [_thread_blocked, id=26144, stack(0x0000001d5d100000,0x0000001d5d200000)]
  0x0000013fe83f9bc0 JavaThread "Unconstrained build operations" [_thread_blocked, id=19036, stack(0x0000001d5d600000,0x0000001d5d700000)]
  0x0000013fe83fd880 JavaThread "Unconstrained build operations Thread 2" [_thread_blocked, id=23480, stack(0x0000001d5d800000,0x0000001d5d900000)]
  0x0000013fe83fa0d0 JavaThread "Unconstrained build operations Thread 3" [_thread_blocked, id=18956, stack(0x0000001d5da00000,0x0000001d5db00000)]
  0x0000013fe83fa5e0 JavaThread "Unconstrained build operations Thread 4" [_thread_blocked, id=3540, stack(0x0000001d5db00000,0x0000001d5dc00000)]
  0x0000013fe83fdd90 JavaThread "Unconstrained build operations Thread 5" [_thread_blocked, id=15920, stack(0x0000001d5dd00000,0x0000001d5de00000)]
  0x0000013fe83ff6e0 JavaThread "Unconstrained build operations Thread 6" [_thread_blocked, id=12404, stack(0x0000001d5de00000,0x0000001d5df00000)]
  0x0000013fe83ffbf0 JavaThread "Unconstrained build operations Thread 7" [_thread_blocked, id=8668, stack(0x0000001d5e000000,0x0000001d5e100000)]
  0x0000013fe8401a50 JavaThread "Unconstrained build operations Thread 8" [_thread_blocked, id=10532, stack(0x0000001d5e100000,0x0000001d5e200000)]
  0x0000013fe83fe2a0 JavaThread "Unconstrained build operations Thread 9" [_thread_blocked, id=6880, stack(0x0000001d5e200000,0x0000001d5e300000)]
  0x0000013fe8400610 JavaThread "Unconstrained build operations Thread 10" [_thread_blocked, id=13504, stack(0x0000001d5e300000,0x0000001d5e400000)]
  0x0000013fe8401030 JavaThread "Unconstrained build operations Thread 11" [_thread_blocked, id=26372, stack(0x0000001d5e400000,0x0000001d5e500000)]
  0x0000013fe8400100 JavaThread "Unconstrained build operations Thread 12" [_thread_blocked, id=19600, stack(0x0000001d5e500000,0x0000001d5e600000)]
  0x0000013fe8401f60 JavaThread "Unconstrained build operations Thread 13" [_thread_blocked, id=23584, stack(0x0000001d5e600000,0x0000001d5e700000)]
  0x0000013fe8402470 JavaThread "Unconstrained build operations Thread 14" [_thread_blocked, id=2152, stack(0x0000001d5e700000,0x0000001d5e800000)]
  0x0000013fe83fecc0 JavaThread "Unconstrained build operations Thread 15" [_thread_blocked, id=17348, stack(0x0000001d5e800000,0x0000001d5e900000)]
  0x0000013fe8402e90 JavaThread "Unconstrained build operations Thread 16" [_thread_blocked, id=23148, stack(0x0000001d5e900000,0x0000001d5ea00000)]
  0x0000013fe8403dc0 JavaThread "Unconstrained build operations Thread 17" [_thread_blocked, id=948, stack(0x0000001d5ea00000,0x0000001d5eb00000)]
  0x0000013fe8402980 JavaThread "Unconstrained build operations Thread 18" [_thread_blocked, id=7620, stack(0x0000001d5eb00000,0x0000001d5ec00000)]
  0x0000013fe84047e0 JavaThread "build event listener" [_thread_blocked, id=7628, stack(0x0000001d5ec00000,0x0000001d5ed00000)]
  0x0000013fe84033a0 JavaThread "ForkJoinPool.commonPool-worker-27" daemon [_thread_blocked, id=17004, stack(0x0000001d5ed00000,0x0000001d5ee00000)]
  0x0000013fe8404cf0 JavaThread "ForkJoinPool.commonPool-worker-26" daemon [_thread_blocked, id=8064, stack(0x0000001d5ee00000,0x0000001d5ef00000)]
  0x0000013fe8406b50 JavaThread "ForkJoinPool.commonPool-worker-28" daemon [_thread_blocked, id=19108, stack(0x0000001d5f000000,0x0000001d5f100000)]
  0x0000013fe8405200 JavaThread "included builds" [_thread_blocked, id=24856, stack(0x0000001d5f100000,0x0000001d5f200000)]
  0x0000013fe8407060 JavaThread "Execution worker" [_thread_blocked, id=14776, stack(0x0000001d5f200000,0x0000001d5f300000)]
  0x0000013fe8405710 JavaThread "Execution worker Thread 2" [_thread_in_native, id=3268, stack(0x0000001d5f600000,0x0000001d5f700000)]
  0x0000013fe8405c20 JavaThread "Execution worker Thread 3" [_thread_blocked, id=16944, stack(0x0000001d5f700000,0x0000001d5f800000)]
  0x0000013fe8407570 JavaThread "Execution worker Thread 4" [_thread_blocked, id=10440, stack(0x0000001d5f800000,0x0000001d5f900000)]
  0x0000013fea332ec0 JavaThread "Execution worker Thread 5" [_thread_in_Java, id=23368, stack(0x0000001d5f900000,0x0000001d5fa00000)]
  0x0000013fea333df0 JavaThread "Execution worker Thread 6" [_thread_blocked, id=19712, stack(0x0000001d5fa00000,0x0000001d5fb00000)]
  0x0000013fea3333d0 JavaThread "Execution worker Thread 7" [_thread_blocked, id=11368, stack(0x0000001d5fb00000,0x0000001d5fc00000)]
  0x0000013fea3329b0 JavaThread "Cache worker for execution history cache (C:\Users\rohan\bundle\node_modules\@react-native\gradle-plugin\.gradle\8.12\executionHistory)" [_thread_blocked, id=5240, stack(0x0000001d5fc00000,0x0000001d5fd00000)]
  0x0000013fea3338e0 JavaThread "Unconstrained build operations Thread 19" [_thread_blocked, id=25556, stack(0x0000001d5fd00000,0x0000001d5fe00000)]
  0x0000013fea334300 JavaThread "Unconstrained build operations Thread 20" [_thread_blocked, id=9780, stack(0x0000001d5fe00000,0x0000001d5ff00000)]
  0x0000013fea334810 JavaThread "Unconstrained build operations Thread 21" [_thread_blocked, id=3552, stack(0x0000001d5ff00000,0x0000001d60000000)]
  0x0000013fea331570 JavaThread "Unconstrained build operations Thread 22" [_thread_blocked, id=20372, stack(0x0000001d60000000,0x0000001d60100000)]
  0x0000013fea331060 JavaThread "Unconstrained build operations Thread 23" [_thread_blocked, id=1068, stack(0x0000001d60100000,0x0000001d60200000)]
  0x0000013fea334d20 JavaThread "Unconstrained build operations Thread 24" [_thread_blocked, id=26408, stack(0x0000001d60200000,0x0000001d60300000)]
  0x0000013fea331f90 JavaThread "Unconstrained build operations Thread 25" [_thread_blocked, id=152, stack(0x0000001d60300000,0x0000001d60400000)]
  0x0000013fea335230 JavaThread "Unconstrained build operations Thread 26" [_thread_blocked, id=20880, stack(0x0000001d60400000,0x0000001d60500000)]
  0x0000013fea331a80 JavaThread "Unconstrained build operations Thread 27" [_thread_blocked, id=25476, stack(0x0000001d60500000,0x0000001d60600000)]
  0x0000013fea335c50 JavaThread "Unconstrained build operations Thread 28" [_thread_blocked, id=18504, stack(0x0000001d60600000,0x0000001d60700000)]
  0x0000013fea335740 JavaThread "Unconstrained build operations Thread 29" [_thread_blocked, id=17984, stack(0x0000001d60700000,0x0000001d60800000)]
  0x0000013fea3324a0 JavaThread "Unconstrained build operations Thread 30" [_thread_blocked, id=11916, stack(0x0000001d60800000,0x0000001d60900000)]
  0x0000013fea337ab0 JavaThread "Unconstrained build operations Thread 31" [_thread_blocked, id=21612, stack(0x0000001d60900000,0x0000001d60a00000)]
  0x0000013fea336160 JavaThread "Unconstrained build operations Thread 32" [_thread_blocked, id=18060, stack(0x0000001d60a00000,0x0000001d60b00000)]
  0x0000013fea336670 JavaThread "Unconstrained build operations Thread 33" [_thread_blocked, id=11760, stack(0x0000001d60b00000,0x0000001d60c00000)]
  0x0000013fea336b80 JavaThread "Unconstrained build operations Thread 34" [_thread_blocked, id=1980, stack(0x0000001d60c00000,0x0000001d60d00000)]
  0x0000013fea3375a0 JavaThread "Unconstrained build operations Thread 35" [_thread_blocked, id=6888, stack(0x0000001d60d00000,0x0000001d60e00000)]
  0x0000013fe5c25410 JavaThread "Unconstrained build operations Thread 36" [_thread_blocked, id=3384, stack(0x0000001d60e00000,0x0000001d60f00000)]
  0x0000013fe5c23ac0 JavaThread "Unconstrained build operations Thread 37" [_thread_blocked, id=16884, stack(0x0000001d60f00000,0x0000001d61000000)]
  0x0000013fe5c26340 JavaThread "Unconstrained build operations Thread 38" [_thread_blocked, id=22316, stack(0x0000001d61000000,0x0000001d61100000)]
  0x0000013fe5c25920 JavaThread "Unconstrained build operations Thread 39" [_thread_blocked, id=19360, stack(0x0000001d61100000,0x0000001d61200000)]
  0x0000013fe5c25e30 JavaThread "Unconstrained build operations Thread 40" [_thread_blocked, id=17568, stack(0x0000001d61200000,0x0000001d61300000)]
  0x0000013fe5c24f00 JavaThread "Unconstrained build operations Thread 41" [_thread_blocked, id=13980, stack(0x0000001d61300000,0x0000001d61400000)]
  0x0000013fe5c23fd0 JavaThread "Unconstrained build operations Thread 42" [_thread_blocked, id=9360, stack(0x0000001d61500000,0x0000001d61600000)]
  0x0000013fe5c22b90 JavaThread "Unconstrained build operations Thread 43" [_thread_blocked, id=22560, stack(0x0000001d61600000,0x0000001d61700000)]
  0x0000013fe5c26850 JavaThread "Unconstrained build operations Thread 44" [_thread_blocked, id=15084, stack(0x0000001d61700000,0x0000001d61800000)]
  0x0000013fe5c230a0 JavaThread "Unconstrained build operations Thread 45" [_thread_blocked, id=21440, stack(0x0000001d61800000,0x0000001d61900000)]
  0x0000013fe5c28bc0 JavaThread "Unconstrained build operations Thread 46" [_thread_blocked, id=3300, stack(0x0000001d61900000,0x0000001d61a00000)]
  0x0000013fe5c27780 JavaThread "Unconstrained build operations Thread 47" [_thread_blocked, id=1464, stack(0x0000001d61a00000,0x0000001d61b00000)]
  0x0000013fe5c295e0 JavaThread "Unconstrained build operations Thread 48" [_thread_blocked, id=776, stack(0x0000001d61b00000,0x0000001d61c00000)]
  0x0000013fe5c29af0 JavaThread "Unconstrained build operations Thread 49" [_thread_blocked, id=5076, stack(0x0000001d61400000,0x0000001d61500000)]
  0x0000013fe5c2a510 JavaThread "Unconstrained build operations Thread 50" [_thread_blocked, id=26104, stack(0x0000001d61c00000,0x0000001d61d00000)]
  0x0000013fe5c26d60 JavaThread "Unconstrained build operations Thread 51" [_thread_blocked, id=14872, stack(0x0000001d61d00000,0x0000001d61e00000)]
  0x0000013fe5c27270 JavaThread "Unconstrained build operations Thread 52" [_thread_blocked, id=15544, stack(0x0000001d61e00000,0x0000001d61f00000)]
  0x0000013fe5c27c90 JavaThread "Unconstrained build operations Thread 53" [_thread_blocked, id=22576, stack(0x0000001d61f00000,0x0000001d62000000)]
  0x0000013fe5c281a0 JavaThread "Unconstrained build operations Thread 54" [_thread_blocked, id=22468, stack(0x0000001d62000000,0x0000001d62100000)]
  0x0000013fe5c286b0 JavaThread "Unconstrained build operations Thread 55" [_thread_blocked, id=5888, stack(0x0000001d62100000,0x0000001d62200000)]
  0x0000013fe5c290d0 JavaThread "Unconstrained build operations Thread 56" [_thread_blocked, id=756, stack(0x0000001d62200000,0x0000001d62300000)]
  0x0000013fe91cc650 JavaThread "Unconstrained build operations Thread 57" [_thread_blocked, id=14152, stack(0x0000001d62300000,0x0000001d62400000)]
  0x0000013fe91cad00 JavaThread "Unconstrained build operations Thread 58" [_thread_blocked, id=11672, stack(0x0000001d62400000,0x0000001d62500000)]
  0x0000013fe91ca2e0 JavaThread "Unconstrained build operations Thread 59" [_thread_blocked, id=9596, stack(0x0000001d62500000,0x0000001d62600000)]
  0x0000013fe91cda90 JavaThread "Unconstrained build operations Thread 60" [_thread_blocked, id=8328, stack(0x0000001d62600000,0x0000001d62700000)]
  0x0000013fe91cb210 JavaThread "Unconstrained build operations Thread 61" [_thread_blocked, id=18224, stack(0x0000001d62700000,0x0000001d62800000)]
  0x0000013fe91ce4b0 JavaThread "Unconstrained build operations Thread 62" [_thread_blocked, id=12712, stack(0x0000001d62800000,0x0000001d62900000)]
  0x0000013fe91ccb60 JavaThread "Unconstrained build operations Thread 63" [_thread_blocked, id=24440, stack(0x0000001d62900000,0x0000001d62a00000)]
  0x0000013fe91cb720 JavaThread "build event listener" [_thread_blocked, id=12572, stack(0x0000001d5dc00000,0x0000001d5dd00000)]
  0x0000013fe91cf3e0 JavaThread "Problems report writer" [_thread_blocked, id=19888, stack(0x0000001d62a00000,0x0000001d62b00000)]
  0x0000013fe91cbc30 JavaThread "Unconstrained build operations Thread 64" [_thread_blocked, id=7104, stack(0x0000001d62b00000,0x0000001d62c00000)]
  0x0000013fe91cf8f0 JavaThread "Unconstrained build operations Thread 65" [_thread_blocked, id=8956, stack(0x0000001d62c00000,0x0000001d62d00000)]
  0x0000013fe91cc140 JavaThread "Unconstrained build operations Thread 66" [_thread_blocked, id=24680, stack(0x0000001d62d00000,0x0000001d62e00000)]
  0x0000013fe91cfe00 JavaThread "Unconstrained build operations Thread 67" [_thread_blocked, id=14232, stack(0x0000001d62e00000,0x0000001d62f00000)]
  0x0000013fe91d1240 JavaThread "Unconstrained build operations Thread 68" [_thread_blocked, id=18908, stack(0x0000001d62f00000,0x0000001d63000000)]
  0x0000013fe91d0820 JavaThread "Unconstrained build operations Thread 69" [_thread_blocked, id=9844, stack(0x0000001d63000000,0x0000001d63100000)]
  0x0000013fe91d0d30 JavaThread "Unconstrained build operations Thread 70" [_thread_blocked, id=19560, stack(0x0000001d63100000,0x0000001d63200000)]
  0x0000013fe9ae72f0 JavaThread "Unconstrained build operations Thread 71" [_thread_blocked, id=16416, stack(0x0000001d63200000,0x0000001d63300000)]
  0x0000013fe9ae4f80 JavaThread "Unconstrained build operations Thread 72" [_thread_blocked, id=8996, stack(0x0000001d63300000,0x0000001d63400000)]
  0x0000013fe9ae4a70 JavaThread "Unconstrained build operations Thread 73" [_thread_blocked, id=17992, stack(0x0000001d63400000,0x0000001d63500000)]
  0x0000013fe9aea080 JavaThread "Unconstrained build operations Thread 74" [_thread_blocked, id=15128, stack(0x0000001d63500000,0x0000001d63600000)]
  0x0000013fe9ae6de0 JavaThread "Unconstrained build operations Thread 75" [_thread_blocked, id=22652, stack(0x0000001d63600000,0x0000001d63700000)]
  0x0000013fe9ae7d10 JavaThread "Unconstrained build operations Thread 76" [_thread_blocked, id=17528, stack(0x0000001d63800000,0x0000001d63900000)]
  0x0000013fe9ae68d0 JavaThread "Unconstrained build operations Thread 77" [_thread_blocked, id=1240, stack(0x0000001d63a00000,0x0000001d63b00000)]
  0x0000013fe9ae9b70 JavaThread "Unconstrained build operations Thread 78" [_thread_blocked, id=2852, stack(0x0000001d63c00000,0x0000001d63d00000)]
  0x0000013fe9aec3f0 JavaThread "Unconstrained build operations Thread 79" [_thread_blocked, id=13756, stack(0x0000001d63d00000,0x0000001d63e00000)]
  0x0000013fe9aeb9d0 JavaThread "Unconstrained build operations Thread 80" [_thread_blocked, id=10992, stack(0x0000001d63e00000,0x0000001d63f00000)]
  0x0000013fe9ae9150 JavaThread "Exec process" [_thread_blocked, id=9328, stack(0x0000001d63b00000,0x0000001d63c00000)]
  0x0000013ff5db3cb0 JavaThread "Exec process Thread 2" [_thread_blocked, id=12116, stack(0x0000001d63f00000,0x0000001d64000000)]
  0x0000013ff5db92c0 JavaThread "Exec process Thread 3" [_thread_blocked, id=5276, stack(0x0000001d64000000,0x0000001d64100000)]
  0x0000013ff572f800 JavaThread "File lock release action executor" [_thread_blocked, id=5672, stack(0x0000001d64600000,0x0000001d64700000)]
  0x0000013ffd061f60 JavaThread "pool-22-thread-1" [_thread_blocked, id=1892, stack(0x0000001d65100000,0x0000001d65200000)]
  0x0000013ffd062470 JavaThread "build event listener" [_thread_blocked, id=19420, stack(0x0000001d65200000,0x0000001d65300000)]
  0x0000013ffd062980 JavaThread "Cache worker for execution history cache (C:\Users\rohan\bundle\android\.gradle\8.12\executionHistory)" [_thread_blocked, id=22232, stack(0x0000001d65700000,0x0000001d65800000)]
  0x0000013ffd061030 JavaThread "WorkerExecutor Queue" [_thread_in_native, id=22336, stack(0x0000001d65800000,0x0000001d65900000)]
  0x0000013ffd062e90 JavaThread "WorkerExecutor Queue Thread 2" [_thread_blocked, id=3796, stack(0x0000001d65900000,0x0000001d65a00000)]
  0x0000013ffd061540 JavaThread "WorkerExecutor Queue Thread 3" [_thread_in_native, id=13616, stack(0x0000001d65a00000,0x0000001d65b00000)]
  0x0000013ffd05f6e0 JavaThread "WorkerExecutor Queue Thread 4" [_thread_blocked, id=9732, stack(0x0000001d65c00000,0x0000001d65d00000)]
  0x0000013ffd066130 JavaThread "WorkerExecutor Queue Thread 6" [_thread_in_native, id=11220, stack(0x0000001d66200000,0x0000001d66300000)]
  0x0000013ffd0647e0 JavaThread "WorkerExecutor Queue Thread 7" [_thread_blocked, id=15972, stack(0x0000001d66300000,0x0000001d66400000)]
  0x0000013ffd066b50 JavaThread "WorkerExecutor Queue Thread 8" [_thread_in_native, id=12484, stack(0x0000001d66400000,0x0000001d66500000)]
  0x0000013ffd067570 JavaThread "WorkerExecutor Queue Thread 14" [_thread_in_native, id=15212, stack(0x0000001d66a00000,0x0000001d66b00000)]
  0x0000013ffd066640 JavaThread "Build operations" [_thread_blocked, id=16248, stack(0x0000001d66500000,0x0000001d66600000)]
  0x0000013ffd0638b0 JavaThread "Build operations Thread 2" [_thread_blocked, id=15028, stack(0x0000001d66600000,0x0000001d66700000)]
  0x0000013ffd0633a0 JavaThread "Build operations Thread 3" [_thread_blocked, id=1700, stack(0x0000001d66700000,0x0000001d66800000)]
  0x0000013ffd064cf0 JavaThread "Build operations Thread 4" [_thread_blocked, id=12396, stack(0x0000001d66800000,0x0000001d66900000)]
  0x0000013ffd067060 JavaThread "Build operations Thread 5" [_thread_blocked, id=14500, stack(0x0000001d66900000,0x0000001d66a00000)]
  0x0000013ffd067a80 JavaThread "Build operations Thread 6" [_thread_blocked, id=24876, stack(0x0000001d66b00000,0x0000001d66c00000)]
  0x0000013ffd065c20 JavaThread "Build operations Thread 7" [_thread_blocked, id=1652, stack(0x0000001d66c00000,0x0000001d66d00000)]
  0x0000013ffd067f90 JavaThread "Build operations Thread 8" [_thread_blocked, id=24684, stack(0x0000001d66d00000,0x0000001d66e00000)]
  0x0000013ffdb24ca0 JavaThread "RMI RenewClean-[127.0.0.1:17584,org.jetbrains.kotlin.daemon.common.LoopbackNetworkInterface$ClientLoopbackSocketFactory@7d4d3535]" daemon [_thread_blocked, id=23068, stack(0x0000001d66e00000,0x0000001d66f00000)]
  0x0000013ff130c060 JavaThread "RMI RenewClean-[127.0.0.1:17584,org.jetbrains.kotlin.daemon.common.LoopbackNetworkInterface$ClientLoopbackSocketFactory@4d8b7f9e]" daemon [_thread_blocked, id=9504, stack(0x0000001d66f00000,0x0000001d67000000)]
  0x0000013fffa2eeb0 JavaThread "RMI TCP Accept-0" daemon [_thread_in_native, id=8900, stack(0x0000001d67000000,0x0000001d67100000)]
  0x0000013ffdb24790 JavaThread "RMI TCP Connection(idle)" daemon [_thread_blocked, id=21192, stack(0x0000001d67100000,0x0000001d67200000)]
  0x0000013ffdb251b0 JavaThread "RMI TCP Connection(idle)" daemon [_thread_blocked, id=14332, stack(0x0000001d67200000,0x0000001d67300000)]
  0x0000013ffe969290 JavaThread "RMI TCP Connection(idle)" daemon [_thread_blocked, id=268, stack(0x0000001d67300000,0x0000001d67400000)]
  0x0000013ffe96abe0 JavaThread "RMI TCP Connection(idle)" daemon [_thread_blocked, id=4996, stack(0x0000001d67400000,0x0000001d67500000)]
  0x0000013ffe9697a0 JavaThread "RMI TCP Connection(idle)" daemon [_thread_blocked, id=24396, stack(0x0000001d67500000,0x0000001d67600000)]
  0x0000013ffe96a1c0 JavaThread "RMI TCP Connection(idle)" daemon [_thread_blocked, id=26168, stack(0x0000001d66000000,0x0000001d66100000)]
  0x0000013ffe545ef0 JavaThread "RMI RenewClean-[127.0.0.1:17584,org.jetbrains.kotlin.daemon.common.LoopbackNetworkInterface$ClientLoopbackSocketFactory@7d751481]" daemon [_thread_blocked, id=4192, stack(0x0000001d67600000,0x0000001d67700000)]
  0x0000013ffd060100 JavaThread "RMI TCP Connection(idle)" daemon [_thread_blocked, id=20392, stack(0x0000001d67700000,0x0000001d67800000)]
  0x0000013ffdb23d70 JavaThread "File lock release action executor Thread 2" [_thread_blocked, id=22792, stack(0x0000001d64100000,0x0000001d64200000)]
  0x0000013ffe976f40 JavaThread "RMI RenewClean-[127.0.0.1:17584,org.jetbrains.kotlin.daemon.common.LoopbackNetworkInterface$ClientLoopbackSocketFactory@82f23a5]" daemon [_thread_blocked, id=8480, stack(0x0000001d67800000,0x0000001d67900000)]
=>0x0000013fe5c3f050 JavaThread "C2 CompilerThread1" daemon [_thread_in_native, id=6716, stack(0x0000001d64200000,0x0000001d64300000)]
  0x0000013fffa2f8d0 JavaThread "Thread-784" [_thread_in_native, id=26500, stack(0x0000001d67900000,0x0000001d67a00000)]
  0x0000013fe5feddf0 JavaThread "Thread-785" [_thread_in_native, id=5936, stack(0x0000001d67a00000,0x0000001d67b00000)]
  0x0000013ffe977450 JavaThread "Thread-786" [_thread_in_native, id=22884, stack(0x0000001d67b00000,0x0000001d67c00000)]
  0x0000013fe5fed8e0 JavaThread "Thread-787" [_thread_in_native, id=18932, stack(0x0000001d67c00000,0x0000001d67d00000)]
  0x0000013fe5c3bb30 JavaThread "C2 CompilerThread2" daemon [_thread_in_native, id=13948, stack(0x0000001d67d00000,0x0000001d67e00000)]

Other Threads:
  0x0000013fab77fab0 VMThread "VM Thread" [stack: 0x0000001d5af00000,0x0000001d5b000000] [id=18564]
  0x0000013f86bc1a00 WatcherThread [stack: 0x0000001d5bb00000,0x0000001d5bc00000] [id=18620]
  0x0000013f86b97160 GCTaskThread "GC Thread#0" [stack: 0x0000001d5aa00000,0x0000001d5ab00000] [id=18928]
  0x0000013fabb97bb0 GCTaskThread "GC Thread#1" [stack: 0x0000001d5be00000,0x0000001d5bf00000] [id=21972]
  0x0000013fabb96870 GCTaskThread "GC Thread#2" [stack: 0x0000001d5bf00000,0x0000001d5c000000] [id=23260]
  0x0000013fabb978f0 GCTaskThread "GC Thread#3" [stack: 0x0000001d5c000000,0x0000001d5c100000] [id=10884]
  0x0000013fabb96df0 GCTaskThread "GC Thread#4" [stack: 0x0000001d5c100000,0x0000001d5c200000] [id=13400]
  0x0000013fabb970b0 GCTaskThread "GC Thread#5" [stack: 0x0000001d5c200000,0x0000001d5c300000] [id=6304]
  0x0000013fe67c7180 GCTaskThread "GC Thread#6" [stack: 0x0000001d5bc00000,0x0000001d5bd00000] [id=15648]
  0x0000013fe67c7700 GCTaskThread "GC Thread#7" [stack: 0x0000001d5d200000,0x0000001d5d300000] [id=10364]
  0x0000013f86ba7fc0 ConcurrentGCThread "G1 Main Marker" [stack: 0x0000001d5ab00000,0x0000001d5ac00000] [id=3296]
  0x0000013f86ba8a40 ConcurrentGCThread "G1 Conc#0" [stack: 0x0000001d5ac00000,0x0000001d5ad00000] [id=14180]
  0x0000013fe67ca040 ConcurrentGCThread "G1 Conc#1" [stack: 0x0000001d5d300000,0x0000001d5d400000] [id=20888]
  0x0000013f86bee980 ConcurrentGCThread "G1 Refine#0" [stack: 0x0000001d5ad00000,0x0000001d5ae00000] [id=24836]
  0x0000013ff53a4510 ConcurrentGCThread "G1 Refine#1" [stack: 0x0000001d65300000,0x0000001d65400000] [id=19376]
  0x0000013ff53a4af0 ConcurrentGCThread "G1 Refine#2" [stack: 0x0000001d65400000,0x0000001d65500000] [id=5776]
  0x0000013ff53a3080 ConcurrentGCThread "G1 Refine#3" [stack: 0x0000001d65500000,0x0000001d65600000] [id=25368]
  0x0000013ff53a2aa0 ConcurrentGCThread "G1 Refine#4" [stack: 0x0000001d65600000,0x0000001d65700000] [id=26044]
  0x0000013ff22664f0 ConcurrentGCThread "G1 Refine#5" [stack: 0x0000001d64b00000,0x0000001d64c00000] [id=20580]
  0x0000013ff2265350 ConcurrentGCThread "G1 Refine#6" [stack: 0x0000001d64c00000,0x0000001d64d00000] [id=25116]
  0x0000013fe93c9c90 ConcurrentGCThread "G1 Refine#7" [stack: 0x0000001d64700000,0x0000001d64800000] [id=5424]
  0x0000013fab6365a0 ConcurrentGCThread "G1 Service" [stack: 0x0000001d5ae00000,0x0000001d5af00000] [id=15948]

Threads with active compile tasks:
C2 CompilerThread0  2711726 61419       4       com.android.tools.r8.internal.Sv0::b (115 bytes)
C2 CompilerThread1  2711726 61406       4       com.android.tools.r8.internal.LH::remove (1708 bytes)
C2 CompilerThread2  2711726 61417       4       com.android.tools.r8.internal.Uv0::a (76 bytes)

VM state: not at safepoint (normal execution)

VM Mutex/Monitor currently owned by a thread: None

Heap address: 0x0000000700000000, size: 4096 MB, Compressed Oops mode: Zero based, Oop shift amount: 3

CDS archive(s) mapped at: [0x0000013fac000000-0x0000013facbd0000-0x0000013facbd0000), size 12386304, SharedBaseAddress: 0x0000013fac000000, ArchiveRelocationMode: 1.
Compressed class space mapped at: 0x0000013fad000000-0x0000013fe1000000, reserved size: 872415232
Narrow klass base: 0x0000013fac000000, Narrow klass shift: 0, Narrow klass range: 0x100000000

GC Precious Log:
 CPUs: 8 total, 8 available
 Memory: 16167M
 Large Page Support: Disabled
 NUMA Support: Disabled
 Compressed Oops: Enabled (Zero based)
 Heap Region Size: 2M
 Heap Min Capacity: 8M
 Heap Initial Capacity: 254M
 Heap Max Capacity: 4G
 Pre-touch: Disabled
 Parallel Workers: 8
 Concurrent Workers: 2
 Concurrent Refinement Workers: 8
 Periodic GC: Disabled

Heap:
 garbage-first heap   total 2385920K, used 1475300K [0x0000000700000000, 0x0000000800000000)
  region size 2048K, 90 young (184320K), 17 survivors (34816K)
 Metaspace       used 261439K, committed 266304K, reserved 1114112K
  class space    used 34232K, committed 36416K, reserved 851968K

Heap Regions: E=young(eden), S=young(survivor), O=old, HS=humongous(starts), HC=humongous(continues), CS=collection set, F=free, OA=open archive, CA=closed archive, TAMS=top-at-mark-start (previous, next)
|   0|0x0000000700000000, 0x0000000700200000, 0x0000000700200000|100%|HS|  |TAMS 0x0000000700200000, 0x0000000700200000| Complete 
|   1|0x0000000700200000, 0x0000000700400000, 0x0000000700400000|100%|HC|  |TAMS 0x0000000700400000, 0x0000000700400000| Complete 
|   2|0x0000000700400000, 0x0000000700600000, 0x0000000700600000|100%| O|  |TAMS 0x0000000700600000, 0x0000000700600000| Untracked 
|   3|0x0000000700600000, 0x0000000700800000, 0x0000000700800000|100%| O|  |TAMS 0x0000000700800000, 0x0000000700800000| Untracked 
|   4|0x0000000700800000, 0x0000000700a00000, 0x0000000700a00000|100%| O|  |TAMS 0x0000000700a00000, 0x0000000700a00000| Untracked 
|   5|0x0000000700a00000, 0x0000000700c00000, 0x0000000700c00000|100%| O|  |TAMS 0x0000000700c00000, 0x0000000700c00000| Untracked 
|   6|0x0000000700c00000, 0x0000000700e00000, 0x0000000700e00000|100%| O|  |TAMS 0x0000000700e00000, 0x0000000700e00000| Untracked 
|   7|0x0000000700e00000, 0x0000000701000000, 0x0000000701000000|100%| O|  |TAMS 0x0000000701000000, 0x0000000701000000| Untracked 
|   8|0x0000000701000000, 0x0000000701200000, 0x0000000701200000|100%| O|  |TAMS 0x0000000701200000, 0x0000000701200000| Untracked 
|   9|0x0000000701200000, 0x0000000701400000, 0x0000000701400000|100%| O|  |TAMS 0x0000000701400000, 0x0000000701400000| Untracked 
|  10|0x0000000701400000, 0x0000000701600000, 0x0000000701600000|100%| O|  |TAMS 0x0000000701600000, 0x0000000701600000| Untracked 
|  11|0x0000000701600000, 0x0000000701800000, 0x0000000701800000|100%| O|  |TAMS 0x0000000701800000, 0x0000000701800000| Untracked 
|  12|0x0000000701800000, 0x0000000701a00000, 0x0000000701a00000|100%| O|  |TAMS 0x0000000701a00000, 0x0000000701a00000| Untracked 
|  13|0x0000000701a00000, 0x0000000701c00000, 0x0000000701c00000|100%| O|  |TAMS 0x0000000701c00000, 0x0000000701c00000| Untracked 
|  14|0x0000000701c00000, 0x0000000701e00000, 0x0000000701e00000|100%|HS|  |TAMS 0x0000000701e00000, 0x0000000701e00000| Complete 
|  15|0x0000000701e00000, 0x0000000702000000, 0x0000000702000000|100%| O|  |TAMS 0x0000000702000000, 0x0000000702000000| Untracked 
|  16|0x0000000702000000, 0x0000000702200000, 0x0000000702200000|100%| O|  |TAMS 0x0000000702200000, 0x0000000702200000| Untracked 
|  17|0x0000000702200000, 0x0000000702400000, 0x0000000702400000|100%|HS|  |TAMS 0x0000000702400000, 0x0000000702400000| Complete 
|  18|0x0000000702400000, 0x0000000702600000, 0x0000000702600000|100%|HC|  |TAMS 0x0000000702600000, 0x0000000702600000| Complete 
|  19|0x0000000702600000, 0x0000000702800000, 0x0000000702800000|100%|HS|  |TAMS 0x0000000702800000, 0x0000000702800000| Complete 
|  20|0x0000000702800000, 0x0000000702a00000, 0x0000000702a00000|100%| O|  |TAMS 0x0000000702a00000, 0x0000000702a00000| Untracked 
|  21|0x0000000702a00000, 0x0000000702c00000, 0x0000000702c00000|100%| O|  |TAMS 0x0000000702c00000, 0x0000000702c00000| Untracked 
|  22|0x0000000702c00000, 0x0000000702e00000, 0x0000000702e00000|100%| O|  |TAMS 0x0000000702e00000, 0x0000000702e00000| Untracked 
|  23|0x0000000702e00000, 0x0000000703000000, 0x0000000703000000|100%| O|  |TAMS 0x0000000703000000, 0x0000000703000000| Untracked 
|  24|0x0000000703000000, 0x0000000703200000, 0x0000000703200000|100%| O|  |TAMS 0x0000000703200000, 0x0000000703200000| Untracked 
|  25|0x0000000703200000, 0x0000000703400000, 0x0000000703400000|100%| O|  |TAMS 0x0000000703400000, 0x0000000703400000| Untracked 
|  26|0x0000000703400000, 0x0000000703600000, 0x0000000703600000|100%| O|  |TAMS 0x0000000703600000, 0x0000000703600000| Untracked 
|  27|0x0000000703600000, 0x0000000703800000, 0x0000000703800000|100%| O|  |TAMS 0x0000000703800000, 0x0000000703800000| Untracked 
|  28|0x0000000703800000, 0x0000000703a00000, 0x0000000703a00000|100%| O|  |TAMS 0x0000000703a00000, 0x0000000703a00000| Untracked 
|  29|0x0000000703a00000, 0x0000000703c00000, 0x0000000703c00000|100%|HS|  |TAMS 0x0000000703c00000, 0x0000000703c00000| Complete 
|  30|0x0000000703c00000, 0x0000000703e00000, 0x0000000703e00000|100%|HC|  |TAMS 0x0000000703e00000, 0x0000000703e00000| Complete 
|  31|0x0000000703e00000, 0x0000000704000000, 0x0000000704000000|100%| O|  |TAMS 0x0000000704000000, 0x0000000704000000| Untracked 
|  32|0x0000000704000000, 0x0000000704200000, 0x0000000704200000|100%| O|  |TAMS 0x0000000704200000, 0x0000000704200000| Untracked 
|  33|0x0000000704200000, 0x0000000704400000, 0x0000000704400000|100%| O|  |TAMS 0x0000000704400000, 0x0000000704400000| Untracked 
|  34|0x0000000704400000, 0x0000000704600000, 0x0000000704600000|100%| O|  |TAMS 0x0000000704600000, 0x0000000704600000| Untracked 
|  35|0x0000000704600000, 0x0000000704800000, 0x0000000704800000|100%| O|  |TAMS 0x0000000704800000, 0x0000000704800000| Untracked 
|  36|0x0000000704800000, 0x0000000704a00000, 0x0000000704a00000|100%| O|  |TAMS 0x0000000704a00000, 0x0000000704a00000| Untracked 
|  37|0x0000000704a00000, 0x0000000704a00000, 0x0000000704c00000|  0%| F|  |TAMS 0x0000000704a00000, 0x0000000704a00000| Untracked 
|  38|0x0000000704c00000, 0x0000000704e00000, 0x0000000704e00000|100%| O|  |TAMS 0x0000000704c00000, 0x0000000704e00000| Untracked 
|  39|0x0000000704e00000, 0x0000000704e00000, 0x0000000705000000|  0%| F|  |TAMS 0x0000000704e00000, 0x0000000704e00000| Untracked 
|  40|0x0000000705000000, 0x0000000705200000, 0x0000000705200000|100%| O|  |TAMS 0x0000000705200000, 0x0000000705200000| Untracked 
|  41|0x0000000705200000, 0x0000000705400000, 0x0000000705400000|100%| O|  |TAMS 0x0000000705400000, 0x0000000705400000| Untracked 
|  42|0x0000000705400000, 0x0000000705600000, 0x0000000705600000|100%| O|  |TAMS 0x0000000705600000, 0x0000000705600000| Untracked 
|  43|0x0000000705600000, 0x0000000705800000, 0x0000000705800000|100%|HS|  |TAMS 0x0000000705800000, 0x0000000705800000| Complete 
|  44|0x0000000705800000, 0x0000000705a00000, 0x0000000705a00000|100%| O|  |TAMS 0x0000000705a00000, 0x0000000705a00000| Untracked 
|  45|0x0000000705a00000, 0x0000000705c00000, 0x0000000705c00000|100%| O|  |TAMS 0x0000000705c00000, 0x0000000705c00000| Untracked 
|  46|0x0000000705c00000, 0x0000000705e00000, 0x0000000705e00000|100%| O|  |TAMS 0x0000000705e00000, 0x0000000705e00000| Untracked 
|  47|0x0000000705e00000, 0x0000000706000000, 0x0000000706000000|100%| O|  |TAMS 0x0000000705e00000, 0x0000000706000000| Untracked 
|  48|0x0000000706000000, 0x0000000706200000, 0x0000000706200000|100%| O|  |TAMS 0x0000000706200000, 0x0000000706200000| Untracked 
|  49|0x0000000706200000, 0x0000000706400000, 0x0000000706400000|100%| O|  |TAMS 0x0000000706400000, 0x0000000706400000| Untracked 
|  50|0x0000000706400000, 0x0000000706600000, 0x0000000706600000|100%| O|  |TAMS 0x0000000706600000, 0x0000000706600000| Untracked 
|  51|0x0000000706600000, 0x0000000706800000, 0x0000000706800000|100%| O|  |TAMS 0x0000000706800000, 0x0000000706800000| Untracked 
|  52|0x0000000706800000, 0x0000000706a00000, 0x0000000706a00000|100%| O|  |TAMS 0x0000000706a00000, 0x0000000706a00000| Untracked 
|  53|0x0000000706a00000, 0x0000000706c00000, 0x0000000706c00000|100%| O|  |TAMS 0x0000000706c00000, 0x0000000706c00000| Untracked 
|  54|0x0000000706c00000, 0x0000000706e00000, 0x0000000706e00000|100%| O|  |TAMS 0x0000000706e00000, 0x0000000706e00000| Untracked 
|  55|0x0000000706e00000, 0x0000000707000000, 0x0000000707000000|100%| O|  |TAMS 0x0000000707000000, 0x0000000707000000| Untracked 
|  56|0x0000000707000000, 0x0000000707200000, 0x0000000707200000|100%| O|  |TAMS 0x0000000707200000, 0x0000000707200000| Untracked 
|  57|0x0000000707200000, 0x0000000707400000, 0x0000000707400000|100%| O|  |TAMS 0x0000000707400000, 0x0000000707400000| Untracked 
|  58|0x0000000707400000, 0x0000000707600000, 0x0000000707600000|100%| O|  |TAMS 0x0000000707600000, 0x0000000707600000| Untracked 
|  59|0x0000000707600000, 0x0000000707800000, 0x0000000707800000|100%| O|  |TAMS 0x0000000707800000, 0x0000000707800000| Untracked 
|  60|0x0000000707800000, 0x0000000707a00000, 0x0000000707a00000|100%| O|  |TAMS 0x0000000707a00000, 0x0000000707a00000| Untracked 
|  61|0x0000000707a00000, 0x0000000707c00000, 0x0000000707c00000|100%| O|  |TAMS 0x0000000707c00000, 0x0000000707c00000| Untracked 
|  62|0x0000000707c00000, 0x0000000707e00000, 0x0000000707e00000|100%| O|  |TAMS 0x0000000707e00000, 0x0000000707e00000| Untracked 
|  63|0x0000000707e00000, 0x0000000708000000, 0x0000000708000000|100%| O|  |TAMS 0x0000000708000000, 0x0000000708000000| Untracked 
|  64|0x0000000708000000, 0x0000000708200000, 0x0000000708200000|100%| O|  |TAMS 0x0000000708200000, 0x0000000708200000| Untracked 
|  65|0x0000000708200000, 0x0000000708400000, 0x0000000708400000|100%| O|  |TAMS 0x0000000708400000, 0x0000000708400000| Untracked 
|  66|0x0000000708400000, 0x0000000708600000, 0x0000000708600000|100%| O|  |TAMS 0x0000000708600000, 0x0000000708600000| Untracked 
|  67|0x0000000708600000, 0x0000000708800000, 0x0000000708800000|100%| O|  |TAMS 0x0000000708800000, 0x0000000708800000| Untracked 
|  68|0x0000000708800000, 0x0000000708a00000, 0x0000000708a00000|100%| O|  |TAMS 0x0000000708a00000, 0x0000000708a00000| Untracked 
|  69|0x0000000708a00000, 0x0000000708c00000, 0x0000000708c00000|100%|HS|  |TAMS 0x0000000708c00000, 0x0000000708c00000| Complete 
|  70|0x0000000708c00000, 0x0000000708e00000, 0x0000000708e00000|100%|HS|  |TAMS 0x0000000708e00000, 0x0000000708e00000| Complete 
|  71|0x0000000708e00000, 0x0000000709000000, 0x0000000709000000|100%|HC|  |TAMS 0x0000000709000000, 0x0000000709000000| Complete 
|  72|0x0000000709000000, 0x0000000709200000, 0x0000000709200000|100%| O|  |TAMS 0x0000000709200000, 0x0000000709200000| Untracked 
|  73|0x0000000709200000, 0x0000000709400000, 0x0000000709400000|100%| O|  |TAMS 0x0000000709400000, 0x0000000709400000| Untracked 
|  74|0x0000000709400000, 0x0000000709600000, 0x0000000709600000|100%| O|  |TAMS 0x0000000709400000, 0x0000000709600000| Untracked 
|  75|0x0000000709600000, 0x0000000709800000, 0x0000000709800000|100%| O|  |TAMS 0x0000000709600000, 0x0000000709800000| Untracked 
|  76|0x0000000709800000, 0x0000000709a00000, 0x0000000709a00000|100%|HS|  |TAMS 0x0000000709a00000, 0x0000000709a00000| Complete 
|  77|0x0000000709a00000, 0x0000000709c00000, 0x0000000709c00000|100%|HC|  |TAMS 0x0000000709c00000, 0x0000000709c00000| Complete 
|  78|0x0000000709c00000, 0x0000000709e00000, 0x0000000709e00000|100%|HS|  |TAMS 0x0000000709e00000, 0x0000000709e00000| Complete 
|  79|0x0000000709e00000, 0x000000070a000000, 0x000000070a000000|100%| O|  |TAMS 0x000000070a000000, 0x000000070a000000| Untracked 
|  80|0x000000070a000000, 0x000000070a200000, 0x000000070a200000|100%| O|  |TAMS 0x000000070a000000, 0x000000070a200000| Untracked 
|  81|0x000000070a200000, 0x000000070a400000, 0x000000070a400000|100%| O|  |TAMS 0x000000070a400000, 0x000000070a400000| Untracked 
|  82|0x000000070a400000, 0x000000070a600000, 0x000000070a600000|100%| O|  |TAMS 0x000000070a600000, 0x000000070a600000| Untracked 
|  83|0x000000070a600000, 0x000000070a800000, 0x000000070a800000|100%| O|  |TAMS 0x000000070a800000, 0x000000070a800000| Untracked 
|  84|0x000000070a800000, 0x000000070aa00000, 0x000000070aa00000|100%| O|  |TAMS 0x000000070aa00000, 0x000000070aa00000| Untracked 
|  85|0x000000070aa00000, 0x000000070ac00000, 0x000000070ac00000|100%| O|  |TAMS 0x000000070ac00000, 0x000000070ac00000| Untracked 
|  86|0x000000070ac00000, 0x000000070ae00000, 0x000000070ae00000|100%| O|  |TAMS 0x000000070ae00000, 0x000000070ae00000| Untracked 
|  87|0x000000070ae00000, 0x000000070b000000, 0x000000070b000000|100%| O|  |TAMS 0x000000070b000000, 0x000000070b000000| Untracked 
|  88|0x000000070b000000, 0x000000070b200000, 0x000000070b200000|100%| O|  |TAMS 0x000000070b200000, 0x000000070b200000| Untracked 
|  89|0x000000070b200000, 0x000000070b400000, 0x000000070b400000|100%| O|  |TAMS 0x000000070b400000, 0x000000070b400000| Untracked 
|  90|0x000000070b400000, 0x000000070b600000, 0x000000070b600000|100%| O|  |TAMS 0x000000070b600000, 0x000000070b600000| Untracked 
|  91|0x000000070b600000, 0x000000070b800000, 0x000000070b800000|100%| O|  |TAMS 0x000000070b800000, 0x000000070b800000| Untracked 
|  92|0x000000070b800000, 0x000000070ba00000, 0x000000070ba00000|100%| O|  |TAMS 0x000000070ba00000, 0x000000070ba00000| Untracked 
|  93|0x000000070ba00000, 0x000000070bc00000, 0x000000070bc00000|100%| O|  |TAMS 0x000000070ba00000, 0x000000070bc00000| Untracked 
|  94|0x000000070bc00000, 0x000000070be00000, 0x000000070be00000|100%| O|  |TAMS 0x000000070be00000, 0x000000070be00000| Untracked 
|  95|0x000000070be00000, 0x000000070c000000, 0x000000070c000000|100%| O|  |TAMS 0x000000070c000000, 0x000000070c000000| Untracked 
|  96|0x000000070c000000, 0x000000070c200000, 0x000000070c200000|100%| O|  |TAMS 0x000000070c200000, 0x000000070c200000| Untracked 
|  97|0x000000070c200000, 0x000000070c400000, 0x000000070c400000|100%| O|  |TAMS 0x000000070c400000, 0x000000070c400000| Untracked 
|  98|0x000000070c400000, 0x000000070c600000, 0x000000070c600000|100%| O|  |TAMS 0x000000070c600000, 0x000000070c600000| Untracked 
|  99|0x000000070c600000, 0x000000070c800000, 0x000000070c800000|100%| O|  |TAMS 0x000000070c800000, 0x000000070c800000| Untracked 
| 100|0x000000070c800000, 0x000000070ca00000, 0x000000070ca00000|100%| O|  |TAMS 0x000000070ca00000, 0x000000070ca00000| Untracked 
| 101|0x000000070ca00000, 0x000000070cc00000, 0x000000070cc00000|100%| O|  |TAMS 0x000000070cc00000, 0x000000070cc00000| Untracked 
| 102|0x000000070cc00000, 0x000000070ce00000, 0x000000070ce00000|100%| O|  |TAMS 0x000000070ce00000, 0x000000070ce00000| Untracked 
| 103|0x000000070ce00000, 0x000000070d000000, 0x000000070d000000|100%| O|  |TAMS 0x000000070d000000, 0x000000070d000000| Untracked 
| 104|0x000000070d000000, 0x000000070d200000, 0x000000070d200000|100%| O|  |TAMS 0x000000070d000000, 0x000000070d200000| Untracked 
| 105|0x000000070d200000, 0x000000070d400000, 0x000000070d400000|100%| O|  |TAMS 0x000000070d400000, 0x000000070d400000| Untracked 
| 106|0x000000070d400000, 0x000000070d600000, 0x000000070d600000|100%| O|  |TAMS 0x000000070d600000, 0x000000070d600000| Untracked 
| 107|0x000000070d600000, 0x000000070d800000, 0x000000070d800000|100%| O|  |TAMS 0x000000070d800000, 0x000000070d800000| Untracked 
| 108|0x000000070d800000, 0x000000070da00000, 0x000000070da00000|100%| O|  |TAMS 0x000000070d800000, 0x000000070da00000| Untracked 
| 109|0x000000070da00000, 0x000000070dc00000, 0x000000070dc00000|100%| O|  |TAMS 0x000000070dc00000, 0x000000070dc00000| Untracked 
| 110|0x000000070dc00000, 0x000000070de00000, 0x000000070de00000|100%| O|  |TAMS 0x000000070de00000, 0x000000070de00000| Untracked 
| 111|0x000000070de00000, 0x000000070e000000, 0x000000070e000000|100%| O|  |TAMS 0x000000070de00000, 0x000000070e000000| Untracked 
| 112|0x000000070e000000, 0x000000070e200000, 0x000000070e200000|100%| O|  |TAMS 0x000000070e200000, 0x000000070e200000| Untracked 
| 113|0x000000070e200000, 0x000000070e400000, 0x000000070e400000|100%| O|  |TAMS 0x000000070e400000, 0x000000070e400000| Untracked 
| 114|0x000000070e400000, 0x000000070e400000, 0x000000070e600000|  0%| F|  |TAMS 0x000000070e400000, 0x000000070e400000| Untracked 
| 115|0x000000070e600000, 0x000000070e800000, 0x000000070e800000|100%| O|  |TAMS 0x000000070e600000, 0x000000070e800000| Untracked 
| 116|0x000000070e800000, 0x000000070ea00000, 0x000000070ea00000|100%| O|  |TAMS 0x000000070ea00000, 0x000000070ea00000| Untracked 
| 117|0x000000070ea00000, 0x000000070ec00000, 0x000000070ec00000|100%| O|  |TAMS 0x000000070ec00000, 0x000000070ec00000| Untracked 
| 118|0x000000070ec00000, 0x000000070ee00000, 0x000000070ee00000|100%| O|  |TAMS 0x000000070ec00000, 0x000000070ee00000| Untracked 
| 119|0x000000070ee00000, 0x000000070f000000, 0x000000070f000000|100%| O|  |TAMS 0x000000070f000000, 0x000000070f000000| Untracked 
| 120|0x000000070f000000, 0x000000070f200000, 0x000000070f200000|100%| O|  |TAMS 0x000000070f200000, 0x000000070f200000| Untracked 
| 121|0x000000070f200000, 0x000000070f400000, 0x000000070f400000|100%| O|  |TAMS 0x000000070f400000, 0x000000070f400000| Untracked 
| 122|0x000000070f400000, 0x000000070f600000, 0x000000070f600000|100%| O|  |TAMS 0x000000070f600000, 0x000000070f600000| Untracked 
| 123|0x000000070f600000, 0x000000070f800000, 0x000000070f800000|100%| O|  |TAMS 0x000000070f800000, 0x000000070f800000| Untracked 
| 124|0x000000070f800000, 0x000000070f800000, 0x000000070fa00000|  0%| F|  |TAMS 0x000000070f800000, 0x000000070f800000| Untracked 
| 125|0x000000070fa00000, 0x000000070fa00000, 0x000000070fc00000|  0%| F|  |TAMS 0x000000070fa00000, 0x000000070fa00000| Untracked 
| 126|0x000000070fc00000, 0x000000070fe00000, 0x000000070fe00000|100%| O|  |TAMS 0x000000070fe00000, 0x000000070fe00000| Untracked 
| 127|0x000000070fe00000, 0x0000000710000000, 0x0000000710000000|100%| O|  |TAMS 0x000000070fe00000, 0x0000000710000000| Untracked 
| 128|0x0000000710000000, 0x0000000710200000, 0x0000000710200000|100%| O|  |TAMS 0x0000000710000000, 0x0000000710200000| Untracked 
| 129|0x0000000710200000, 0x0000000710400000, 0x0000000710400000|100%| O|  |TAMS 0x0000000710400000, 0x0000000710400000| Untracked 
| 130|0x0000000710400000, 0x0000000710600000, 0x0000000710600000|100%| O|  |TAMS 0x0000000710400000, 0x0000000710600000| Untracked 
| 131|0x0000000710600000, 0x0000000710800000, 0x0000000710800000|100%| O|  |TAMS 0x0000000710600000, 0x0000000710800000| Untracked 
| 132|0x0000000710800000, 0x0000000710a00000, 0x0000000710a00000|100%| O|  |TAMS 0x0000000710800000, 0x0000000710800000| Untracked 
| 133|0x0000000710a00000, 0x0000000710c00000, 0x0000000710c00000|100%| O|  |TAMS 0x0000000710c00000, 0x0000000710c00000| Untracked 
| 134|0x0000000710c00000, 0x0000000710e00000, 0x0000000710e00000|100%| O|  |TAMS 0x0000000710e00000, 0x0000000710e00000| Untracked 
| 135|0x0000000710e00000, 0x0000000711000000, 0x0000000711000000|100%| O|  |TAMS 0x0000000711000000, 0x0000000711000000| Untracked 
| 136|0x0000000711000000, 0x0000000711200000, 0x0000000711200000|100%| O|  |TAMS 0x0000000711000000, 0x0000000711000000| Untracked 
| 137|0x0000000711200000, 0x0000000711400000, 0x0000000711400000|100%| O|  |TAMS 0x0000000711200000, 0x0000000711200000| Untracked 
| 138|0x0000000711400000, 0x0000000711600000, 0x0000000711600000|100%| O|  |TAMS 0x0000000711600000, 0x0000000711600000| Untracked 
| 139|0x0000000711600000, 0x0000000711800000, 0x0000000711800000|100%|HS|  |TAMS 0x0000000711800000, 0x0000000711800000| Complete 
| 140|0x0000000711800000, 0x0000000711a00000, 0x0000000711a00000|100%| O|  |TAMS 0x0000000711a00000, 0x0000000711a00000| Untracked 
| 141|0x0000000711a00000, 0x0000000711c00000, 0x0000000711c00000|100%| O|  |TAMS 0x0000000711c00000, 0x0000000711c00000| Untracked 
| 142|0x0000000711c00000, 0x0000000711e00000, 0x0000000711e00000|100%| O|  |TAMS 0x0000000711e00000, 0x0000000711e00000| Untracked 
| 143|0x0000000711e00000, 0x0000000712000000, 0x0000000712000000|100%| O|  |TAMS 0x0000000711e00000, 0x0000000711e00000| Untracked 
| 144|0x0000000712000000, 0x0000000712200000, 0x0000000712200000|100%| O|  |TAMS 0x0000000712200000, 0x0000000712200000| Untracked 
| 145|0x0000000712200000, 0x0000000712400000, 0x0000000712400000|100%| O|  |TAMS 0x0000000712200000, 0x0000000712200000| Untracked 
| 146|0x0000000712400000, 0x0000000712600000, 0x0000000712600000|100%|HS|  |TAMS 0x0000000712400000, 0x0000000712600000| Complete 
| 147|0x0000000712600000, 0x0000000712800000, 0x0000000712800000|100%|HS|  |TAMS 0x0000000712600000, 0x0000000712800000| Complete 
| 148|0x0000000712800000, 0x0000000712a00000, 0x0000000712a00000|100%| O|  |TAMS 0x0000000712800000, 0x0000000712a00000| Untracked 
| 149|0x0000000712a00000, 0x0000000712a00000, 0x0000000712c00000|  0%| F|  |TAMS 0x0000000712a00000, 0x0000000712a00000| Untracked 
| 150|0x0000000712c00000, 0x0000000712e00000, 0x0000000712e00000|100%| O|  |TAMS 0x0000000712c00000, 0x0000000712e00000| Untracked 
| 151|0x0000000712e00000, 0x0000000713000000, 0x0000000713000000|100%| O|  |TAMS 0x0000000713000000, 0x0000000713000000| Untracked 
| 152|0x0000000713000000, 0x0000000713200000, 0x0000000713200000|100%| O|  |TAMS 0x0000000713200000, 0x0000000713200000| Untracked 
| 153|0x0000000713200000, 0x0000000713400000, 0x0000000713400000|100%| O|  |TAMS 0x0000000713400000, 0x0000000713400000| Untracked 
| 154|0x0000000713400000, 0x0000000713600000, 0x0000000713600000|100%| O|  |TAMS 0x0000000713600000, 0x0000000713600000| Untracked 
| 155|0x0000000713600000, 0x0000000713600000, 0x0000000713800000|  0%| F|  |TAMS 0x0000000713600000, 0x0000000713600000| Untracked 
| 156|0x0000000713800000, 0x0000000713800000, 0x0000000713a00000|  0%| F|  |TAMS 0x0000000713800000, 0x0000000713800000| Untracked 
| 157|0x0000000713a00000, 0x0000000713c00000, 0x0000000713c00000|100%|HS|  |TAMS 0x0000000713a00000, 0x0000000713a00000| Complete 
| 158|0x0000000713c00000, 0x0000000713c00000, 0x0000000713e00000|  0%| F|  |TAMS 0x0000000713c00000, 0x0000000713c00000| Untracked 
| 159|0x0000000713e00000, 0x0000000714000000, 0x0000000714000000|100%| O|  |TAMS 0x0000000713e00000, 0x0000000713e00000| Untracked 
| 160|0x0000000714000000, 0x0000000714200000, 0x0000000714200000|100%| O|  |TAMS 0x0000000714200000, 0x0000000714200000| Untracked 
| 161|0x0000000714200000, 0x0000000714400000, 0x0000000714400000|100%| O|  |TAMS 0x0000000714200000, 0x0000000714200000| Untracked 
| 162|0x0000000714400000, 0x0000000714600000, 0x0000000714600000|100%| O|  |TAMS 0x0000000714400000, 0x0000000714400000| Untracked 
| 163|0x0000000714600000, 0x0000000714800000, 0x0000000714800000|100%| O|  |TAMS 0x0000000714600000, 0x0000000714600000| Untracked 
| 164|0x0000000714800000, 0x0000000714a00000, 0x0000000714a00000|100%| O|  |TAMS 0x0000000714800000, 0x0000000714800000| Untracked 
| 165|0x0000000714a00000, 0x0000000714c00000, 0x0000000714c00000|100%| O|  |TAMS 0x0000000714a00000, 0x0000000714a00000| Untracked 
| 166|0x0000000714c00000, 0x0000000714e00000, 0x0000000714e00000|100%| O|  |TAMS 0x0000000714c00000, 0x0000000714e00000| Untracked 
| 167|0x0000000714e00000, 0x0000000715000000, 0x0000000715000000|100%| O|  |TAMS 0x0000000715000000, 0x0000000715000000| Untracked 
| 168|0x0000000715000000, 0x0000000715200000, 0x0000000715200000|100%| O|  |TAMS 0x0000000715200000, 0x0000000715200000| Untracked 
| 169|0x0000000715200000, 0x0000000715400000, 0x0000000715400000|100%| O|  |TAMS 0x0000000715200000, 0x0000000715200000| Untracked 
| 170|0x0000000715400000, 0x0000000715600000, 0x0000000715600000|100%| O|  |TAMS 0x0000000715400000, 0x0000000715600000| Untracked 
| 171|0x0000000715600000, 0x0000000715800000, 0x0000000715800000|100%| O|  |TAMS 0x0000000715600000, 0x0000000715800000| Untracked 
| 172|0x0000000715800000, 0x0000000715a00000, 0x0000000715a00000|100%| O|  |TAMS 0x0000000715800000, 0x0000000715a00000| Untracked 
| 173|0x0000000715a00000, 0x0000000715c00000, 0x0000000715c00000|100%| O|  |TAMS 0x0000000715a00000, 0x0000000715a00000| Untracked 
| 174|0x0000000715c00000, 0x0000000715e00000, 0x0000000715e00000|100%| O|  |TAMS 0x0000000715e00000, 0x0000000715e00000| Untracked 
| 175|0x0000000715e00000, 0x0000000716000000, 0x0000000716000000|100%|HS|  |TAMS 0x0000000715e00000, 0x0000000716000000| Complete 
| 176|0x0000000716000000, 0x0000000716200000, 0x0000000716200000|100%|HC|  |TAMS 0x0000000716000000, 0x0000000716200000| Complete 
| 177|0x0000000716200000, 0x0000000716400000, 0x0000000716400000|100%|HC|  |TAMS 0x0000000716200000, 0x0000000716400000| Complete 
| 178|0x0000000716400000, 0x0000000716600000, 0x0000000716600000|100%|HC|  |TAMS 0x0000000716400000, 0x0000000716600000| Complete 
| 179|0x0000000716600000, 0x0000000716800000, 0x0000000716800000|100%| O|  |TAMS 0x0000000716600000, 0x0000000716600000| Untracked 
| 180|0x0000000716800000, 0x0000000716a00000, 0x0000000716a00000|100%| O|  |TAMS 0x0000000716800000, 0x0000000716a00000| Untracked 
| 181|0x0000000716a00000, 0x0000000716c00000, 0x0000000716c00000|100%| O|  |TAMS 0x0000000716c00000, 0x0000000716c00000| Untracked 
| 182|0x0000000716c00000, 0x0000000716e00000, 0x0000000716e00000|100%| O|  |TAMS 0x0000000716c00000, 0x0000000716c00000| Untracked 
| 183|0x0000000716e00000, 0x0000000717000000, 0x0000000717000000|100%| O|  |TAMS 0x0000000717000000, 0x0000000717000000| Untracked 
| 184|0x0000000717000000, 0x0000000717200000, 0x0000000717200000|100%| O|  |TAMS 0x0000000717000000, 0x0000000717200000| Untracked 
| 185|0x0000000717200000, 0x0000000717400000, 0x0000000717400000|100%| O|  |TAMS 0x0000000717200000, 0x0000000717400000| Untracked 
| 186|0x0000000717400000, 0x0000000717600000, 0x0000000717600000|100%| O|  |TAMS 0x0000000717400000, 0x0000000717600000| Untracked 
| 187|0x0000000717600000, 0x0000000717800000, 0x0000000717800000|100%| O|  |TAMS 0x0000000717600000, 0x0000000717800000| Untracked 
| 188|0x0000000717800000, 0x0000000717a00000, 0x0000000717a00000|100%| O|  |TAMS 0x0000000717800000, 0x0000000717a00000| Untracked 
| 189|0x0000000717a00000, 0x0000000717c00000, 0x0000000717c00000|100%| O|  |TAMS 0x0000000717a00000, 0x0000000717c00000| Untracked 
| 190|0x0000000717c00000, 0x0000000717e00000, 0x0000000717e00000|100%| O|  |TAMS 0x0000000717c00000, 0x0000000717e00000| Untracked 
| 191|0x0000000717e00000, 0x0000000718000000, 0x0000000718000000|100%| O|  |TAMS 0x0000000717e00000, 0x0000000718000000| Untracked 
| 192|0x0000000718000000, 0x0000000718200000, 0x0000000718200000|100%| O|  |TAMS 0x0000000718000000, 0x0000000718200000| Untracked 
| 193|0x0000000718200000, 0x0000000718400000, 0x0000000718400000|100%| O|  |TAMS 0x0000000718200000, 0x0000000718400000| Untracked 
| 194|0x0000000718400000, 0x0000000718600000, 0x0000000718600000|100%| O|  |TAMS 0x0000000718400000, 0x0000000718600000| Untracked 
| 195|0x0000000718600000, 0x0000000718800000, 0x0000000718800000|100%| O|  |TAMS 0x0000000718600000, 0x0000000718800000| Untracked 
| 196|0x0000000718800000, 0x0000000718a00000, 0x0000000718a00000|100%| O|  |TAMS 0x0000000718800000, 0x0000000718a00000| Untracked 
| 197|0x0000000718a00000, 0x0000000718c00000, 0x0000000718c00000|100%| O|  |TAMS 0x0000000718a00000, 0x0000000718c00000| Untracked 
| 198|0x0000000718c00000, 0x0000000718e00000, 0x0000000718e00000|100%| O|  |TAMS 0x0000000718c00000, 0x0000000718e00000| Untracked 
| 199|0x0000000718e00000, 0x0000000719000000, 0x0000000719000000|100%| O|  |TAMS 0x0000000718e00000, 0x0000000719000000| Untracked 
| 200|0x0000000719000000, 0x0000000719200000, 0x0000000719200000|100%| O|  |TAMS 0x0000000719000000, 0x0000000719200000| Untracked 
| 201|0x0000000719200000, 0x0000000719400000, 0x0000000719400000|100%| O|  |TAMS 0x0000000719200000, 0x0000000719400000| Untracked 
| 202|0x0000000719400000, 0x0000000719600000, 0x0000000719600000|100%| O|  |TAMS 0x0000000719400000, 0x0000000719600000| Untracked 
| 203|0x0000000719600000, 0x0000000719800000, 0x0000000719800000|100%| O|  |TAMS 0x0000000719600000, 0x0000000719800000| Untracked 
| 204|0x0000000719800000, 0x0000000719a00000, 0x0000000719a00000|100%| O|  |TAMS 0x0000000719800000, 0x0000000719a00000| Untracked 
| 205|0x0000000719a00000, 0x0000000719c00000, 0x0000000719c00000|100%| O|  |TAMS 0x0000000719a00000, 0x0000000719c00000| Untracked 
| 206|0x0000000719c00000, 0x0000000719e00000, 0x0000000719e00000|100%| O|  |TAMS 0x0000000719e00000, 0x0000000719e00000| Untracked 
| 207|0x0000000719e00000, 0x000000071a000000, 0x000000071a000000|100%| O|  |TAMS 0x0000000719e00000, 0x000000071a000000| Untracked 
| 208|0x000000071a000000, 0x000000071a200000, 0x000000071a200000|100%| O|  |TAMS 0x000000071a000000, 0x000000071a200000| Untracked 
| 209|0x000000071a200000, 0x000000071a400000, 0x000000071a400000|100%| O|  |TAMS 0x000000071a200000, 0x000000071a400000| Untracked 
| 210|0x000000071a400000, 0x000000071a600000, 0x000000071a600000|100%| O|  |TAMS 0x000000071a400000, 0x000000071a600000| Untracked 
| 211|0x000000071a600000, 0x000000071a800000, 0x000000071a800000|100%| O|  |TAMS 0x000000071a800000, 0x000000071a800000| Untracked 
| 212|0x000000071a800000, 0x000000071aa00000, 0x000000071aa00000|100%| O|  |TAMS 0x000000071aa00000, 0x000000071aa00000| Untracked 
| 213|0x000000071aa00000, 0x000000071ac00000, 0x000000071ac00000|100%| O|  |TAMS 0x000000071ac00000, 0x000000071ac00000| Untracked 
| 214|0x000000071ac00000, 0x000000071ae00000, 0x000000071ae00000|100%| O|  |TAMS 0x000000071ae00000, 0x000000071ae00000| Untracked 
| 215|0x000000071ae00000, 0x000000071b000000, 0x000000071b000000|100%| O|  |TAMS 0x000000071b000000, 0x000000071b000000| Untracked 
| 216|0x000000071b000000, 0x000000071b200000, 0x000000071b200000|100%| O|  |TAMS 0x000000071b200000, 0x000000071b200000| Untracked 
| 217|0x000000071b200000, 0x000000071b400000, 0x000000071b400000|100%| O|  |TAMS 0x000000071b400000, 0x000000071b400000| Untracked 
| 218|0x000000071b400000, 0x000000071b600000, 0x000000071b600000|100%| O|  |TAMS 0x000000071b600000, 0x000000071b600000| Untracked 
| 219|0x000000071b600000, 0x000000071b800000, 0x000000071b800000|100%| O|  |TAMS 0x000000071b800000, 0x000000071b800000| Untracked 
| 220|0x000000071b800000, 0x000000071ba00000, 0x000000071ba00000|100%| O|  |TAMS 0x000000071ba00000, 0x000000071ba00000| Untracked 
| 221|0x000000071ba00000, 0x000000071bc00000, 0x000000071bc00000|100%| O|  |TAMS 0x000000071bc00000, 0x000000071bc00000| Untracked 
| 222|0x000000071bc00000, 0x000000071be00000, 0x000000071be00000|100%| O|  |TAMS 0x000000071bc00000, 0x000000071bc00000| Untracked 
| 223|0x000000071be00000, 0x000000071c000000, 0x000000071c000000|100%| O|  |TAMS 0x000000071c000000, 0x000000071c000000| Untracked 
| 224|0x000000071c000000, 0x000000071c200000, 0x000000071c200000|100%| O|  |TAMS 0x000000071c200000, 0x000000071c200000| Untracked 
| 225|0x000000071c200000, 0x000000071c400000, 0x000000071c400000|100%| O|  |TAMS 0x000000071c400000, 0x000000071c400000| Untracked 
| 226|0x000000071c400000, 0x000000071c600000, 0x000000071c600000|100%| O|  |TAMS 0x000000071c600000, 0x000000071c600000| Untracked 
| 227|0x000000071c600000, 0x000000071c800000, 0x000000071c800000|100%| O|  |TAMS 0x000000071c800000, 0x000000071c800000| Untracked 
| 228|0x000000071c800000, 0x000000071ca00000, 0x000000071ca00000|100%| O|  |TAMS 0x000000071ca00000, 0x000000071ca00000| Untracked 
| 229|0x000000071ca00000, 0x000000071cc00000, 0x000000071cc00000|100%| O|  |TAMS 0x000000071cc00000, 0x000000071cc00000| Untracked 
| 230|0x000000071cc00000, 0x000000071ce00000, 0x000000071ce00000|100%| O|  |TAMS 0x000000071ce00000, 0x000000071ce00000| Untracked 
| 231|0x000000071ce00000, 0x000000071d000000, 0x000000071d000000|100%| O|  |TAMS 0x000000071d000000, 0x000000071d000000| Untracked 
| 232|0x000000071d000000, 0x000000071d200000, 0x000000071d200000|100%| O|  |TAMS 0x000000071d200000, 0x000000071d200000| Untracked 
| 233|0x000000071d200000, 0x000000071d400000, 0x000000071d400000|100%| O|  |TAMS 0x000000071d400000, 0x000000071d400000| Untracked 
| 234|0x000000071d400000, 0x000000071d600000, 0x000000071d600000|100%| O|  |TAMS 0x000000071d400000, 0x000000071d600000| Untracked 
| 235|0x000000071d600000, 0x000000071d800000, 0x000000071d800000|100%| O|  |TAMS 0x000000071d600000, 0x000000071d800000| Untracked 
| 236|0x000000071d800000, 0x000000071da00000, 0x000000071da00000|100%| O|  |TAMS 0x000000071da00000, 0x000000071da00000| Untracked 
| 237|0x000000071da00000, 0x000000071dc00000, 0x000000071dc00000|100%| O|  |TAMS 0x000000071dc00000, 0x000000071dc00000| Untracked 
| 238|0x000000071dc00000, 0x000000071de00000, 0x000000071de00000|100%| O|  |TAMS 0x000000071dc00000, 0x000000071de00000| Untracked 
| 239|0x000000071de00000, 0x000000071e000000, 0x000000071e000000|100%| O|  |TAMS 0x000000071e000000, 0x000000071e000000| Untracked 
| 240|0x000000071e000000, 0x000000071e200000, 0x000000071e200000|100%| O|  |TAMS 0x000000071e200000, 0x000000071e200000| Untracked 
| 241|0x000000071e200000, 0x000000071e400000, 0x000000071e400000|100%| O|  |TAMS 0x000000071e400000, 0x000000071e400000| Untracked 
| 242|0x000000071e400000, 0x000000071e600000, 0x000000071e600000|100%| O|  |TAMS 0x000000071e600000, 0x000000071e600000| Untracked 
| 243|0x000000071e600000, 0x000000071e800000, 0x000000071e800000|100%| O|  |TAMS 0x000000071e800000, 0x000000071e800000| Untracked 
| 244|0x000000071e800000, 0x000000071ea00000, 0x000000071ea00000|100%| O|  |TAMS 0x000000071ea00000, 0x000000071ea00000| Untracked 
| 245|0x000000071ea00000, 0x000000071ec00000, 0x000000071ec00000|100%| O|  |TAMS 0x000000071ec00000, 0x000000071ec00000| Untracked 
| 246|0x000000071ec00000, 0x000000071ee00000, 0x000000071ee00000|100%| O|  |TAMS 0x000000071ee00000, 0x000000071ee00000| Untracked 
| 247|0x000000071ee00000, 0x000000071f000000, 0x000000071f000000|100%| O|  |TAMS 0x000000071f000000, 0x000000071f000000| Untracked 
| 248|0x000000071f000000, 0x000000071f200000, 0x000000071f200000|100%| O|  |TAMS 0x000000071f200000, 0x000000071f200000| Untracked 
| 249|0x000000071f200000, 0x000000071f400000, 0x000000071f400000|100%| O|  |TAMS 0x000000071f400000, 0x000000071f400000| Untracked 
| 250|0x000000071f400000, 0x000000071f600000, 0x000000071f600000|100%| O|  |TAMS 0x000000071f600000, 0x000000071f600000| Untracked 
| 251|0x000000071f600000, 0x000000071f800000, 0x000000071f800000|100%| O|  |TAMS 0x000000071f800000, 0x000000071f800000| Untracked 
| 252|0x000000071f800000, 0x000000071fa00000, 0x000000071fa00000|100%| O|  |TAMS 0x000000071fa00000, 0x000000071fa00000| Untracked 
| 253|0x000000071fa00000, 0x000000071fc00000, 0x000000071fc00000|100%| O|  |TAMS 0x000000071fa00000, 0x000000071fc00000| Untracked 
| 254|0x000000071fc00000, 0x000000071fe00000, 0x000000071fe00000|100%| O|  |TAMS 0x000000071fe00000, 0x000000071fe00000| Untracked 
| 255|0x000000071fe00000, 0x0000000720000000, 0x0000000720000000|100%| O|  |TAMS 0x000000071fe00000, 0x0000000720000000| Untracked 
| 256|0x0000000720000000, 0x0000000720200000, 0x0000000720200000|100%| O|  |TAMS 0x0000000720000000, 0x0000000720200000| Untracked 
| 257|0x0000000720200000, 0x0000000720400000, 0x0000000720400000|100%| O|  |TAMS 0x0000000720200000, 0x0000000720400000| Untracked 
| 258|0x0000000720400000, 0x0000000720600000, 0x0000000720600000|100%| O|  |TAMS 0x0000000720400000, 0x0000000720600000| Untracked 
| 259|0x0000000720600000, 0x0000000720800000, 0x0000000720800000|100%| O|  |TAMS 0x0000000720600000, 0x0000000720800000| Untracked 
| 260|0x0000000720800000, 0x0000000720a00000, 0x0000000720a00000|100%| O|  |TAMS 0x0000000720a00000, 0x0000000720a00000| Untracked 
| 261|0x0000000720a00000, 0x0000000720c00000, 0x0000000720c00000|100%| O|  |TAMS 0x0000000720c00000, 0x0000000720c00000| Untracked 
| 262|0x0000000720c00000, 0x0000000720e00000, 0x0000000720e00000|100%| O|  |TAMS 0x0000000720e00000, 0x0000000720e00000| Untracked 
| 263|0x0000000720e00000, 0x0000000721000000, 0x0000000721000000|100%| O|  |TAMS 0x0000000721000000, 0x0000000721000000| Untracked 
| 264|0x0000000721000000, 0x0000000721200000, 0x0000000721200000|100%| O|  |TAMS 0x0000000721200000, 0x0000000721200000| Untracked 
| 265|0x0000000721200000, 0x0000000721400000, 0x0000000721400000|100%| O|  |TAMS 0x0000000721400000, 0x0000000721400000| Untracked 
| 266|0x0000000721400000, 0x0000000721600000, 0x0000000721600000|100%| O|  |TAMS 0x0000000721600000, 0x0000000721600000| Untracked 
| 267|0x0000000721600000, 0x0000000721800000, 0x0000000721800000|100%| O|  |TAMS 0x0000000721800000, 0x0000000721800000| Untracked 
| 268|0x0000000721800000, 0x0000000721a00000, 0x0000000721a00000|100%| O|  |TAMS 0x0000000721a00000, 0x0000000721a00000| Untracked 
| 269|0x0000000721a00000, 0x0000000721c00000, 0x0000000721c00000|100%| O|  |TAMS 0x0000000721c00000, 0x0000000721c00000| Untracked 
| 270|0x0000000721c00000, 0x0000000721e00000, 0x0000000721e00000|100%| O|  |TAMS 0x0000000721e00000, 0x0000000721e00000| Untracked 
| 271|0x0000000721e00000, 0x0000000722000000, 0x0000000722000000|100%| O|  |TAMS 0x0000000722000000, 0x0000000722000000| Untracked 
| 272|0x0000000722000000, 0x0000000722200000, 0x0000000722200000|100%| O|  |TAMS 0x0000000722200000, 0x0000000722200000| Untracked 
| 273|0x0000000722200000, 0x0000000722400000, 0x0000000722400000|100%| O|  |TAMS 0x0000000722400000, 0x0000000722400000| Untracked 
| 274|0x0000000722400000, 0x0000000722600000, 0x0000000722600000|100%| O|  |TAMS 0x0000000722400000, 0x0000000722400000| Untracked 
| 275|0x0000000722600000, 0x0000000722800000, 0x0000000722800000|100%| O|  |TAMS 0x0000000722800000, 0x0000000722800000| Untracked 
| 276|0x0000000722800000, 0x0000000722a00000, 0x0000000722a00000|100%| O|  |TAMS 0x0000000722800000, 0x0000000722a00000| Untracked 
| 277|0x0000000722a00000, 0x0000000722c00000, 0x0000000722c00000|100%| O|  |TAMS 0x0000000722a00000, 0x0000000722c00000| Untracked 
| 278|0x0000000722c00000, 0x0000000722e00000, 0x0000000722e00000|100%| O|  |TAMS 0x0000000722c00000, 0x0000000722e00000| Untracked 
| 279|0x0000000722e00000, 0x0000000723000000, 0x0000000723000000|100%| O|  |TAMS 0x0000000722e00000, 0x0000000723000000| Untracked 
| 280|0x0000000723000000, 0x0000000723200000, 0x0000000723200000|100%| O|  |TAMS 0x0000000723000000, 0x0000000723200000| Untracked 
| 281|0x0000000723200000, 0x0000000723400000, 0x0000000723400000|100%|HS|  |TAMS 0x0000000723200000, 0x0000000723400000| Complete 
| 282|0x0000000723400000, 0x0000000723600000, 0x0000000723600000|100%|HC|  |TAMS 0x0000000723400000, 0x0000000723600000| Complete 
| 283|0x0000000723600000, 0x0000000723800000, 0x0000000723800000|100%|HC|  |TAMS 0x0000000723600000, 0x0000000723800000| Complete 
| 284|0x0000000723800000, 0x0000000723a00000, 0x0000000723a00000|100%| O|  |TAMS 0x0000000723800000, 0x0000000723800000| Untracked 
| 285|0x0000000723a00000, 0x0000000723c00000, 0x0000000723c00000|100%| O|  |TAMS 0x0000000723a00000, 0x0000000723a00000| Untracked 
| 286|0x0000000723c00000, 0x0000000723c00000, 0x0000000723e00000|  0%| F|  |TAMS 0x0000000723c00000, 0x0000000723c00000| Untracked 
| 287|0x0000000723e00000, 0x0000000724000000, 0x0000000724000000|100%|HS|  |TAMS 0x0000000723e00000, 0x0000000723e00000| Complete 
| 288|0x0000000724000000, 0x0000000724200000, 0x0000000724200000|100%|HS|  |TAMS 0x0000000724000000, 0x0000000724000000| Complete 
| 289|0x0000000724200000, 0x0000000724200000, 0x0000000724400000|  0%| F|  |TAMS 0x0000000724200000, 0x0000000724200000| Untracked 
| 290|0x0000000724400000, 0x0000000724600000, 0x0000000724600000|100%|HS|  |TAMS 0x0000000724400000, 0x0000000724400000| Complete 
| 291|0x0000000724600000, 0x0000000724800000, 0x0000000724800000|100%|HS|  |TAMS 0x0000000724600000, 0x0000000724600000| Complete 
| 292|0x0000000724800000, 0x0000000724a00000, 0x0000000724a00000|100%| O|  |TAMS 0x0000000724800000, 0x0000000724800000| Untracked 
| 293|0x0000000724a00000, 0x0000000724c00000, 0x0000000724c00000|100%| O|  |TAMS 0x0000000724a00000, 0x0000000724a00000| Untracked 
| 294|0x0000000724c00000, 0x0000000724e00000, 0x0000000724e00000|100%| O|  |TAMS 0x0000000724c00000, 0x0000000724c00000| Untracked 
| 295|0x0000000724e00000, 0x0000000725000000, 0x0000000725000000|100%| O|  |TAMS 0x0000000724e00000, 0x0000000724e00000| Untracked 
| 296|0x0000000725000000, 0x0000000725200000, 0x0000000725200000|100%| O|  |TAMS 0x0000000725000000, 0x0000000725000000| Untracked 
| 297|0x0000000725200000, 0x0000000725400000, 0x0000000725400000|100%|HS|  |TAMS 0x0000000725200000, 0x0000000725400000| Complete 
| 298|0x0000000725400000, 0x0000000725600000, 0x0000000725600000|100%|HC|  |TAMS 0x0000000725400000, 0x0000000725600000| Complete 
| 299|0x0000000725600000, 0x0000000725800000, 0x0000000725800000|100%|HC|  |TAMS 0x0000000725600000, 0x0000000725800000| Complete 
| 300|0x0000000725800000, 0x0000000725a00000, 0x0000000725a00000|100%|HC|  |TAMS 0x0000000725800000, 0x0000000725a00000| Complete 
| 301|0x0000000725a00000, 0x0000000725c00000, 0x0000000725c00000|100%| O|  |TAMS 0x0000000725a00000, 0x0000000725a00000| Untracked 
| 302|0x0000000725c00000, 0x0000000725e00000, 0x0000000725e00000|100%| O|  |TAMS 0x0000000725c00000, 0x0000000725c00000| Untracked 
| 303|0x0000000725e00000, 0x0000000725eb9200, 0x0000000726000000| 36%| O|  |TAMS 0x0000000725e00000, 0x0000000725e00000| Untracked 
| 304|0x0000000726000000, 0x0000000726200000, 0x0000000726200000|100%|HS|  |TAMS 0x0000000726000000, 0x0000000726200000| Complete 
| 305|0x0000000726200000, 0x0000000726200000, 0x0000000726400000|  0%| F|  |TAMS 0x0000000726200000, 0x0000000726200000| Untracked 
| 306|0x0000000726400000, 0x0000000726400000, 0x0000000726600000|  0%| F|  |TAMS 0x0000000726400000, 0x0000000726400000| Untracked 
| 307|0x0000000726600000, 0x0000000726600000, 0x0000000726800000|  0%| F|  |TAMS 0x0000000726600000, 0x0000000726600000| Untracked 
| 308|0x0000000726800000, 0x0000000726800000, 0x0000000726a00000|  0%| F|  |TAMS 0x0000000726800000, 0x0000000726800000| Untracked 
| 309|0x0000000726a00000, 0x0000000726a00000, 0x0000000726c00000|  0%| F|  |TAMS 0x0000000726a00000, 0x0000000726a00000| Untracked 
| 310|0x0000000726c00000, 0x0000000726c00000, 0x0000000726e00000|  0%| F|  |TAMS 0x0000000726c00000, 0x0000000726c00000| Untracked 
| 311|0x0000000726e00000, 0x0000000726e00000, 0x0000000727000000|  0%| F|  |TAMS 0x0000000726e00000, 0x0000000726e00000| Untracked 
| 312|0x0000000727000000, 0x0000000727000000, 0x0000000727200000|  0%| F|  |TAMS 0x0000000727000000, 0x0000000727000000| Untracked 
| 313|0x0000000727200000, 0x0000000727200000, 0x0000000727400000|  0%| F|  |TAMS 0x0000000727200000, 0x0000000727200000| Untracked 
| 314|0x0000000727400000, 0x0000000727400000, 0x0000000727600000|  0%| F|  |TAMS 0x0000000727400000, 0x0000000727400000| Untracked 
| 315|0x0000000727600000, 0x0000000727600000, 0x0000000727800000|  0%| F|  |TAMS 0x0000000727600000, 0x0000000727600000| Untracked 
| 316|0x0000000727800000, 0x0000000727a00000, 0x0000000727a00000|100%|HS|  |TAMS 0x0000000727800000, 0x0000000727a00000| Complete 
| 317|0x0000000727a00000, 0x0000000727c00000, 0x0000000727c00000|100%|HC|  |TAMS 0x0000000727a00000, 0x0000000727c00000| Complete 
| 318|0x0000000727c00000, 0x0000000727e00000, 0x0000000727e00000|100%|HC|  |TAMS 0x0000000727c00000, 0x0000000727e00000| Complete 
| 319|0x0000000727e00000, 0x0000000728000000, 0x0000000728000000|100%|HC|  |TAMS 0x0000000727e00000, 0x0000000728000000| Complete 
| 320|0x0000000728000000, 0x0000000728000000, 0x0000000728200000|  0%| F|  |TAMS 0x0000000728000000, 0x0000000728000000| Untracked 
| 321|0x0000000728200000, 0x0000000728200000, 0x0000000728400000|  0%| F|  |TAMS 0x0000000728200000, 0x0000000728200000| Untracked 
| 322|0x0000000728400000, 0x0000000728400000, 0x0000000728600000|  0%| F|  |TAMS 0x0000000728400000, 0x0000000728400000| Untracked 
| 323|0x0000000728600000, 0x0000000728800000, 0x0000000728800000|100%| O|  |TAMS 0x0000000728800000, 0x0000000728800000| Untracked 
| 324|0x0000000728800000, 0x0000000728a00000, 0x0000000728a00000|100%| O|  |TAMS 0x0000000728a00000, 0x0000000728a00000| Untracked 
| 325|0x0000000728a00000, 0x0000000728c00000, 0x0000000728c00000|100%| O|  |TAMS 0x0000000728c00000, 0x0000000728c00000| Untracked 
| 326|0x0000000728c00000, 0x0000000728e00000, 0x0000000728e00000|100%| O|  |TAMS 0x0000000728e00000, 0x0000000728e00000| Untracked 
| 327|0x0000000728e00000, 0x0000000729000000, 0x0000000729000000|100%| O|  |TAMS 0x0000000729000000, 0x0000000729000000| Untracked 
| 328|0x0000000729000000, 0x0000000729200000, 0x0000000729200000|100%| O|  |TAMS 0x0000000729200000, 0x0000000729200000| Untracked 
| 329|0x0000000729200000, 0x0000000729400000, 0x0000000729400000|100%| O|  |TAMS 0x0000000729400000, 0x0000000729400000| Untracked 
| 330|0x0000000729400000, 0x0000000729600000, 0x0000000729600000|100%| O|  |TAMS 0x0000000729600000, 0x0000000729600000| Untracked 
| 331|0x0000000729600000, 0x0000000729800000, 0x0000000729800000|100%| O|  |TAMS 0x0000000729800000, 0x0000000729800000| Untracked 
| 332|0x0000000729800000, 0x0000000729a00000, 0x0000000729a00000|100%|HS|  |TAMS 0x0000000729800000, 0x0000000729a00000| Complete 
| 333|0x0000000729a00000, 0x0000000729c00000, 0x0000000729c00000|100%| O|  |TAMS 0x0000000729c00000, 0x0000000729c00000| Untracked 
| 334|0x0000000729c00000, 0x0000000729c00000, 0x0000000729e00000|  0%| F|  |TAMS 0x0000000729c00000, 0x0000000729c00000| Untracked 
| 335|0x0000000729e00000, 0x0000000729e00000, 0x000000072a000000|  0%| F|  |TAMS 0x0000000729e00000, 0x0000000729e00000| Untracked 
| 336|0x000000072a000000, 0x000000072a000000, 0x000000072a200000|  0%| F|  |TAMS 0x000000072a000000, 0x000000072a000000| Untracked 
| 337|0x000000072a200000, 0x000000072a400000, 0x000000072a400000|100%|HS|  |TAMS 0x000000072a200000, 0x000000072a400000| Complete 
| 338|0x000000072a400000, 0x000000072a400000, 0x000000072a600000|  0%| F|  |TAMS 0x000000072a400000, 0x000000072a400000| Untracked 
| 339|0x000000072a600000, 0x000000072a600000, 0x000000072a800000|  0%| F|  |TAMS 0x000000072a600000, 0x000000072a600000| Untracked 
| 340|0x000000072a800000, 0x000000072a800000, 0x000000072aa00000|  0%| F|  |TAMS 0x000000072a800000, 0x000000072a800000| Untracked 
| 341|0x000000072aa00000, 0x000000072ac00000, 0x000000072ac00000|100%|HS|  |TAMS 0x000000072aa00000, 0x000000072ac00000| Complete 
| 342|0x000000072ac00000, 0x000000072ac00000, 0x000000072ae00000|  0%| F|  |TAMS 0x000000072ac00000, 0x000000072ac00000| Untracked 
| 343|0x000000072ae00000, 0x000000072ae00000, 0x000000072b000000|  0%| F|  |TAMS 0x000000072ae00000, 0x000000072ae00000| Untracked 
| 344|0x000000072b000000, 0x000000072b000000, 0x000000072b200000|  0%| F|  |TAMS 0x000000072b000000, 0x000000072b000000| Untracked 
| 345|0x000000072b200000, 0x000000072b400000, 0x000000072b400000|100%|HS|  |TAMS 0x000000072b200000, 0x000000072b400000| Complete 
| 346|0x000000072b400000, 0x000000072b400000, 0x000000072b600000|  0%| F|  |TAMS 0x000000072b400000, 0x000000072b400000| Untracked 
| 347|0x000000072b600000, 0x000000072b600000, 0x000000072b800000|  0%| F|  |TAMS 0x000000072b600000, 0x000000072b600000| Untracked 
| 348|0x000000072b800000, 0x000000072b800000, 0x000000072ba00000|  0%| F|  |TAMS 0x000000072b800000, 0x000000072b800000| Untracked 
| 349|0x000000072ba00000, 0x000000072bc00000, 0x000000072bc00000|100%|HS|  |TAMS 0x000000072ba00000, 0x000000072bc00000| Complete 
| 350|0x000000072bc00000, 0x000000072bc00000, 0x000000072be00000|  0%| F|  |TAMS 0x000000072bc00000, 0x000000072bc00000| Untracked 
| 351|0x000000072be00000, 0x000000072be00000, 0x000000072c000000|  0%| F|  |TAMS 0x000000072be00000, 0x000000072be00000| Untracked 
| 352|0x000000072c000000, 0x000000072c000000, 0x000000072c200000|  0%| F|  |TAMS 0x000000072c000000, 0x000000072c000000| Untracked 
| 353|0x000000072c200000, 0x000000072c400000, 0x000000072c400000|100%|HS|  |TAMS 0x000000072c200000, 0x000000072c400000| Complete 
| 354|0x000000072c400000, 0x000000072c400000, 0x000000072c600000|  0%| F|  |TAMS 0x000000072c400000, 0x000000072c400000| Untracked 
| 355|0x000000072c600000, 0x000000072c600000, 0x000000072c800000|  0%| F|  |TAMS 0x000000072c600000, 0x000000072c600000| Untracked 
| 356|0x000000072c800000, 0x000000072c800000, 0x000000072ca00000|  0%| F|  |TAMS 0x000000072c800000, 0x000000072c800000| Untracked 
| 357|0x000000072ca00000, 0x000000072cc00000, 0x000000072cc00000|100%|HS|  |TAMS 0x000000072ca00000, 0x000000072cc00000| Complete 
| 358|0x000000072cc00000, 0x000000072cc00000, 0x000000072ce00000|  0%| F|  |TAMS 0x000000072cc00000, 0x000000072cc00000| Untracked 
| 359|0x000000072ce00000, 0x000000072ce00000, 0x000000072d000000|  0%| F|  |TAMS 0x000000072ce00000, 0x000000072ce00000| Untracked 
| 360|0x000000072d000000, 0x000000072d000000, 0x000000072d200000|  0%| F|  |TAMS 0x000000072d000000, 0x000000072d000000| Untracked 
| 361|0x000000072d200000, 0x000000072d400000, 0x000000072d400000|100%|HS|  |TAMS 0x000000072d200000, 0x000000072d400000| Complete 
| 362|0x000000072d400000, 0x000000072d400000, 0x000000072d600000|  0%| F|  |TAMS 0x000000072d400000, 0x000000072d400000| Untracked 
| 363|0x000000072d600000, 0x000000072d600000, 0x000000072d800000|  0%| F|  |TAMS 0x000000072d600000, 0x000000072d600000| Untracked 
| 364|0x000000072d800000, 0x000000072d800000, 0x000000072da00000|  0%| F|  |TAMS 0x000000072d800000, 0x000000072d800000| Untracked 
| 365|0x000000072da00000, 0x000000072da00000, 0x000000072dc00000|  0%| F|  |TAMS 0x000000072da00000, 0x000000072da00000| Untracked 
| 366|0x000000072dc00000, 0x000000072dc00000, 0x000000072de00000|  0%| F|  |TAMS 0x000000072dc00000, 0x000000072dc00000| Untracked 
| 367|0x000000072de00000, 0x000000072de00000, 0x000000072e000000|  0%| F|  |TAMS 0x000000072de00000, 0x000000072de00000| Untracked 
| 368|0x000000072e000000, 0x000000072e200000, 0x000000072e200000|100%|HS|  |TAMS 0x000000072e000000, 0x000000072e200000| Complete 
| 369|0x000000072e200000, 0x000000072e400000, 0x000000072e400000|100%|HC|  |TAMS 0x000000072e200000, 0x000000072e400000| Complete 
| 370|0x000000072e400000, 0x000000072e400000, 0x000000072e600000|  0%| F|  |TAMS 0x000000072e400000, 0x000000072e400000| Untracked 
| 371|0x000000072e600000, 0x000000072e600000, 0x000000072e800000|  0%| F|  |TAMS 0x000000072e600000, 0x000000072e600000| Untracked 
| 372|0x000000072e800000, 0x000000072e800000, 0x000000072ea00000|  0%| F|  |TAMS 0x000000072e800000, 0x000000072e800000| Untracked 
| 373|0x000000072ea00000, 0x000000072ea00000, 0x000000072ec00000|  0%| F|  |TAMS 0x000000072ea00000, 0x000000072ea00000| Untracked 
| 374|0x000000072ec00000, 0x000000072ec00000, 0x000000072ee00000|  0%| F|  |TAMS 0x000000072ec00000, 0x000000072ec00000| Untracked 
| 375|0x000000072ee00000, 0x000000072ee00000, 0x000000072f000000|  0%| F|  |TAMS 0x000000072ee00000, 0x000000072ee00000| Untracked 
| 376|0x000000072f000000, 0x000000072f200000, 0x000000072f200000|100%|HS|  |TAMS 0x000000072f000000, 0x000000072f200000| Complete 
| 377|0x000000072f200000, 0x000000072f400000, 0x000000072f400000|100%|HC|  |TAMS 0x000000072f200000, 0x000000072f400000| Complete 
| 378|0x000000072f400000, 0x000000072f400000, 0x000000072f600000|  0%| F|  |TAMS 0x000000072f400000, 0x000000072f400000| Untracked 
| 379|0x000000072f600000, 0x000000072f600000, 0x000000072f800000|  0%| F|  |TAMS 0x000000072f600000, 0x000000072f600000| Untracked 
| 380|0x000000072f800000, 0x000000072f800000, 0x000000072fa00000|  0%| F|  |TAMS 0x000000072f800000, 0x000000072f800000| Untracked 
| 381|0x000000072fa00000, 0x000000072fa00000, 0x000000072fc00000|  0%| F|  |TAMS 0x000000072fa00000, 0x000000072fa00000| Untracked 
| 382|0x000000072fc00000, 0x000000072fc00000, 0x000000072fe00000|  0%| F|  |TAMS 0x000000072fc00000, 0x000000072fc00000| Untracked 
| 383|0x000000072fe00000, 0x000000072fe00000, 0x0000000730000000|  0%| F|  |TAMS 0x000000072fe00000, 0x000000072fe00000| Untracked 
| 384|0x0000000730000000, 0x0000000730200000, 0x0000000730200000|100%|HS|  |TAMS 0x0000000730000000, 0x0000000730200000| Complete 
| 385|0x0000000730200000, 0x0000000730400000, 0x0000000730400000|100%|HC|  |TAMS 0x0000000730200000, 0x0000000730400000| Complete 
| 386|0x0000000730400000, 0x0000000730400000, 0x0000000730600000|  0%| F|  |TAMS 0x0000000730400000, 0x0000000730400000| Untracked 
| 387|0x0000000730600000, 0x0000000730600000, 0x0000000730800000|  0%| F|  |TAMS 0x0000000730600000, 0x0000000730600000| Untracked 
| 388|0x0000000730800000, 0x0000000730800000, 0x0000000730a00000|  0%| F|  |TAMS 0x0000000730800000, 0x0000000730800000| Untracked 
| 389|0x0000000730a00000, 0x0000000730a00000, 0x0000000730c00000|  0%| F|  |TAMS 0x0000000730a00000, 0x0000000730a00000| Untracked 
| 390|0x0000000730c00000, 0x0000000730c00000, 0x0000000730e00000|  0%| F|  |TAMS 0x0000000730c00000, 0x0000000730c00000| Untracked 
| 391|0x0000000730e00000, 0x0000000730e00000, 0x0000000731000000|  0%| F|  |TAMS 0x0000000730e00000, 0x0000000730e00000| Untracked 
| 392|0x0000000731000000, 0x0000000731200000, 0x0000000731200000|100%|HS|  |TAMS 0x0000000731000000, 0x0000000731200000| Complete 
| 393|0x0000000731200000, 0x0000000731400000, 0x0000000731400000|100%|HC|  |TAMS 0x0000000731200000, 0x0000000731400000| Complete 
| 394|0x0000000731400000, 0x0000000731600000, 0x0000000731600000|100%| O|  |TAMS 0x0000000731400000, 0x0000000731600000| Untracked 
| 395|0x0000000731600000, 0x0000000731800000, 0x0000000731800000|100%| O|  |TAMS 0x0000000731600000, 0x0000000731800000| Untracked 
| 396|0x0000000731800000, 0x0000000731a00000, 0x0000000731a00000|100%| O|  |TAMS 0x0000000731800000, 0x0000000731a00000| Untracked 
| 397|0x0000000731a00000, 0x0000000731c00000, 0x0000000731c00000|100%| O|  |TAMS 0x0000000731a00000, 0x0000000731c00000| Untracked 
| 398|0x0000000731c00000, 0x0000000731e00000, 0x0000000731e00000|100%| O|  |TAMS 0x0000000731c00000, 0x0000000731e00000| Untracked 
| 399|0x0000000731e00000, 0x0000000732000000, 0x0000000732000000|100%| O|  |TAMS 0x0000000731e00000, 0x0000000732000000| Untracked 
| 400|0x0000000732000000, 0x0000000732200000, 0x0000000732200000|100%| O|  |TAMS 0x0000000732000000, 0x0000000732200000| Untracked 
| 401|0x0000000732200000, 0x0000000732400000, 0x0000000732400000|100%| O|  |TAMS 0x0000000732200000, 0x0000000732400000| Untracked 
| 402|0x0000000732400000, 0x0000000732600000, 0x0000000732600000|100%| O|  |TAMS 0x0000000732400000, 0x0000000732600000| Untracked 
| 403|0x0000000732600000, 0x0000000732800000, 0x0000000732800000|100%| O|  |TAMS 0x0000000732600000, 0x0000000732800000| Untracked 
| 404|0x0000000732800000, 0x0000000732a00000, 0x0000000732a00000|100%| O|  |TAMS 0x0000000732800000, 0x0000000732a00000| Untracked 
| 405|0x0000000732a00000, 0x0000000732c00000, 0x0000000732c00000|100%| O|  |TAMS 0x0000000732a00000, 0x0000000732c00000| Untracked 
| 406|0x0000000732c00000, 0x0000000732e00000, 0x0000000732e00000|100%| O|  |TAMS 0x0000000732c00000, 0x0000000732e00000| Untracked 
| 407|0x0000000732e00000, 0x0000000733000000, 0x0000000733000000|100%| O|  |TAMS 0x0000000732e00000, 0x0000000733000000| Untracked 
| 408|0x0000000733000000, 0x0000000733200000, 0x0000000733200000|100%| O|  |TAMS 0x0000000733000000, 0x0000000733200000| Untracked 
| 409|0x0000000733200000, 0x0000000733400000, 0x0000000733400000|100%| O|  |TAMS 0x0000000733200000, 0x0000000733400000| Untracked 
| 410|0x0000000733400000, 0x0000000733600000, 0x0000000733600000|100%| O|  |TAMS 0x0000000733400000, 0x0000000733500000| Untracked 
| 411|0x0000000733600000, 0x0000000733600000, 0x0000000733800000|  0%| F|  |TAMS 0x0000000733600000, 0x0000000733600000| Untracked 
| 412|0x0000000733800000, 0x0000000733800000, 0x0000000733a00000|  0%| F|  |TAMS 0x0000000733800000, 0x0000000733800000| Untracked 
| 413|0x0000000733a00000, 0x0000000733a00000, 0x0000000733c00000|  0%| F|  |TAMS 0x0000000733a00000, 0x0000000733a00000| Untracked 
| 414|0x0000000733c00000, 0x0000000733c00000, 0x0000000733e00000|  0%| F|  |TAMS 0x0000000733c00000, 0x0000000733c00000| Untracked 
| 415|0x0000000733e00000, 0x0000000733e00000, 0x0000000734000000|  0%| F|  |TAMS 0x0000000733e00000, 0x0000000733e00000| Untracked 
| 416|0x0000000734000000, 0x0000000734000000, 0x0000000734200000|  0%| F|  |TAMS 0x0000000734000000, 0x0000000734000000| Untracked 
| 417|0x0000000734200000, 0x0000000734200000, 0x0000000734400000|  0%| F|  |TAMS 0x0000000734200000, 0x0000000734200000| Untracked 
| 418|0x0000000734400000, 0x0000000734400000, 0x0000000734600000|  0%| F|  |TAMS 0x0000000734400000, 0x0000000734400000| Untracked 
| 419|0x0000000734600000, 0x0000000734600000, 0x0000000734800000|  0%| F|  |TAMS 0x0000000734600000, 0x0000000734600000| Untracked 
| 420|0x0000000734800000, 0x0000000734800000, 0x0000000734a00000|  0%| F|  |TAMS 0x0000000734800000, 0x0000000734800000| Untracked 
| 421|0x0000000734a00000, 0x0000000734a00000, 0x0000000734c00000|  0%| F|  |TAMS 0x0000000734a00000, 0x0000000734a00000| Untracked 
| 422|0x0000000734c00000, 0x0000000734c00000, 0x0000000734e00000|  0%| F|  |TAMS 0x0000000734c00000, 0x0000000734c00000| Untracked 
| 423|0x0000000734e00000, 0x0000000734e00000, 0x0000000735000000|  0%| F|  |TAMS 0x0000000734e00000, 0x0000000734e00000| Untracked 
| 424|0x0000000735000000, 0x0000000735000000, 0x0000000735200000|  0%| F|  |TAMS 0x0000000735000000, 0x0000000735000000| Untracked 
| 425|0x0000000735200000, 0x0000000735200000, 0x0000000735400000|  0%| F|  |TAMS 0x0000000735200000, 0x0000000735200000| Untracked 
| 426|0x0000000735400000, 0x0000000735400000, 0x0000000735600000|  0%| F|  |TAMS 0x0000000735400000, 0x0000000735400000| Untracked 
| 427|0x0000000735600000, 0x0000000735600000, 0x0000000735800000|  0%| F|  |TAMS 0x0000000735600000, 0x0000000735600000| Untracked 
| 428|0x0000000735800000, 0x0000000735800000, 0x0000000735a00000|  0%| F|  |TAMS 0x0000000735800000, 0x0000000735800000| Untracked 
| 429|0x0000000735a00000, 0x0000000735a00000, 0x0000000735c00000|  0%| F|  |TAMS 0x0000000735a00000, 0x0000000735a00000| Untracked 
| 430|0x0000000735c00000, 0x0000000735c00000, 0x0000000735e00000|  0%| F|  |TAMS 0x0000000735c00000, 0x0000000735c00000| Untracked 
| 431|0x0000000735e00000, 0x0000000735e00000, 0x0000000736000000|  0%| F|  |TAMS 0x0000000735e00000, 0x0000000735e00000| Untracked 
| 432|0x0000000736000000, 0x0000000736000000, 0x0000000736200000|  0%| F|  |TAMS 0x0000000736000000, 0x0000000736000000| Untracked 
| 433|0x0000000736200000, 0x0000000736200000, 0x0000000736400000|  0%| F|  |TAMS 0x0000000736200000, 0x0000000736200000| Untracked 
| 434|0x0000000736400000, 0x0000000736400000, 0x0000000736600000|  0%| F|  |TAMS 0x0000000736400000, 0x0000000736400000| Untracked 
| 435|0x0000000736600000, 0x0000000736600000, 0x0000000736800000|  0%| F|  |TAMS 0x0000000736600000, 0x0000000736600000| Untracked 
| 436|0x0000000736800000, 0x0000000736800000, 0x0000000736a00000|  0%| F|  |TAMS 0x0000000736800000, 0x0000000736800000| Untracked 
| 437|0x0000000736a00000, 0x0000000736a00000, 0x0000000736c00000|  0%| F|  |TAMS 0x0000000736a00000, 0x0000000736a00000| Untracked 
| 438|0x0000000736c00000, 0x0000000736c00000, 0x0000000736e00000|  0%| F|  |TAMS 0x0000000736c00000, 0x0000000736c00000| Untracked 
| 439|0x0000000736e00000, 0x0000000736e00000, 0x0000000737000000|  0%| F|  |TAMS 0x0000000736e00000, 0x0000000736e00000| Untracked 
| 440|0x0000000737000000, 0x0000000737000000, 0x0000000737200000|  0%| F|  |TAMS 0x0000000737000000, 0x0000000737000000| Untracked 
| 441|0x0000000737200000, 0x0000000737200000, 0x0000000737400000|  0%| F|  |TAMS 0x0000000737200000, 0x0000000737200000| Untracked 
| 442|0x0000000737400000, 0x0000000737400000, 0x0000000737600000|  0%| F|  |TAMS 0x0000000737400000, 0x0000000737400000| Untracked 
| 443|0x0000000737600000, 0x0000000737600000, 0x0000000737800000|  0%| F|  |TAMS 0x0000000737600000, 0x0000000737600000| Untracked 
| 444|0x0000000737800000, 0x0000000737800000, 0x0000000737a00000|  0%| F|  |TAMS 0x0000000737800000, 0x0000000737800000| Untracked 
| 445|0x0000000737a00000, 0x0000000737a00000, 0x0000000737c00000|  0%| F|  |TAMS 0x0000000737a00000, 0x0000000737a00000| Untracked 
| 446|0x0000000737c00000, 0x0000000737c00000, 0x0000000737e00000|  0%| F|  |TAMS 0x0000000737c00000, 0x0000000737c00000| Untracked 
| 447|0x0000000737e00000, 0x0000000737e00000, 0x0000000738000000|  0%| F|  |TAMS 0x0000000737e00000, 0x0000000737e00000| Untracked 
| 448|0x0000000738000000, 0x0000000738000000, 0x0000000738200000|  0%| F|  |TAMS 0x0000000738000000, 0x0000000738000000| Untracked 
| 449|0x0000000738200000, 0x0000000738200000, 0x0000000738400000|  0%| F|  |TAMS 0x0000000738200000, 0x0000000738200000| Untracked 
| 450|0x0000000738400000, 0x0000000738400000, 0x0000000738600000|  0%| F|  |TAMS 0x0000000738400000, 0x0000000738400000| Untracked 
| 451|0x0000000738600000, 0x0000000738600000, 0x0000000738800000|  0%| F|  |TAMS 0x0000000738600000, 0x0000000738600000| Untracked 
| 452|0x0000000738800000, 0x0000000738800000, 0x0000000738a00000|  0%| F|  |TAMS 0x0000000738800000, 0x0000000738800000| Untracked 
| 453|0x0000000738a00000, 0x0000000738a00000, 0x0000000738c00000|  0%| F|  |TAMS 0x0000000738a00000, 0x0000000738a00000| Untracked 
| 454|0x0000000738c00000, 0x0000000738c00000, 0x0000000738e00000|  0%| F|  |TAMS 0x0000000738c00000, 0x0000000738c00000| Untracked 
| 455|0x0000000738e00000, 0x0000000738e00000, 0x0000000739000000|  0%| F|  |TAMS 0x0000000738e00000, 0x0000000738e00000| Untracked 
| 456|0x0000000739000000, 0x0000000739000000, 0x0000000739200000|  0%| F|  |TAMS 0x0000000739000000, 0x0000000739000000| Untracked 
| 457|0x0000000739200000, 0x0000000739200000, 0x0000000739400000|  0%| F|  |TAMS 0x0000000739200000, 0x0000000739200000| Untracked 
| 458|0x0000000739400000, 0x0000000739400000, 0x0000000739600000|  0%| F|  |TAMS 0x0000000739400000, 0x0000000739400000| Untracked 
| 459|0x0000000739600000, 0x0000000739600000, 0x0000000739800000|  0%| F|  |TAMS 0x0000000739600000, 0x0000000739600000| Untracked 
| 460|0x0000000739800000, 0x0000000739800000, 0x0000000739a00000|  0%| F|  |TAMS 0x0000000739800000, 0x0000000739800000| Untracked 
| 461|0x0000000739a00000, 0x0000000739a00000, 0x0000000739c00000|  0%| F|  |TAMS 0x0000000739a00000, 0x0000000739a00000| Untracked 
| 462|0x0000000739c00000, 0x0000000739c00000, 0x0000000739e00000|  0%| F|  |TAMS 0x0000000739c00000, 0x0000000739c00000| Untracked 
| 463|0x0000000739e00000, 0x0000000739e00000, 0x000000073a000000|  0%| F|  |TAMS 0x0000000739e00000, 0x0000000739e00000| Untracked 
| 464|0x000000073a000000, 0x000000073a000000, 0x000000073a200000|  0%| F|  |TAMS 0x000000073a000000, 0x000000073a000000| Untracked 
| 465|0x000000073a200000, 0x000000073a200000, 0x000000073a400000|  0%| F|  |TAMS 0x000000073a200000, 0x000000073a200000| Untracked 
| 466|0x000000073a400000, 0x000000073a400000, 0x000000073a600000|  0%| F|  |TAMS 0x000000073a400000, 0x000000073a400000| Untracked 
| 467|0x000000073a600000, 0x000000073a600000, 0x000000073a800000|  0%| F|  |TAMS 0x000000073a600000, 0x000000073a600000| Untracked 
| 468|0x000000073a800000, 0x000000073a800000, 0x000000073aa00000|  0%| F|  |TAMS 0x000000073a800000, 0x000000073a800000| Untracked 
| 469|0x000000073aa00000, 0x000000073aa00000, 0x000000073ac00000|  0%| F|  |TAMS 0x000000073aa00000, 0x000000073aa00000| Untracked 
| 470|0x000000073ac00000, 0x000000073ac00000, 0x000000073ae00000|  0%| F|  |TAMS 0x000000073ac00000, 0x000000073ac00000| Untracked 
| 471|0x000000073ae00000, 0x000000073ae00000, 0x000000073b000000|  0%| F|  |TAMS 0x000000073ae00000, 0x000000073ae00000| Untracked 
| 472|0x000000073b000000, 0x000000073b000000, 0x000000073b200000|  0%| F|  |TAMS 0x000000073b000000, 0x000000073b000000| Untracked 
| 473|0x000000073b200000, 0x000000073b200000, 0x000000073b400000|  0%| F|  |TAMS 0x000000073b200000, 0x000000073b200000| Untracked 
| 474|0x000000073b400000, 0x000000073b400000, 0x000000073b600000|  0%| F|  |TAMS 0x000000073b400000, 0x000000073b400000| Untracked 
| 475|0x000000073b600000, 0x000000073b600000, 0x000000073b800000|  0%| F|  |TAMS 0x000000073b600000, 0x000000073b600000| Untracked 
| 476|0x000000073b800000, 0x000000073b800000, 0x000000073ba00000|  0%| F|  |TAMS 0x000000073b800000, 0x000000073b800000| Untracked 
| 477|0x000000073ba00000, 0x000000073ba00000, 0x000000073bc00000|  0%| F|  |TAMS 0x000000073ba00000, 0x000000073ba00000| Untracked 
| 478|0x000000073bc00000, 0x000000073bc00000, 0x000000073be00000|  0%| F|  |TAMS 0x000000073bc00000, 0x000000073bc00000| Untracked 
| 479|0x000000073be00000, 0x000000073be00000, 0x000000073c000000|  0%| F|  |TAMS 0x000000073be00000, 0x000000073be00000| Untracked 
| 480|0x000000073c000000, 0x000000073c000000, 0x000000073c200000|  0%| F|  |TAMS 0x000000073c000000, 0x000000073c000000| Untracked 
| 481|0x000000073c200000, 0x000000073c200000, 0x000000073c400000|  0%| F|  |TAMS 0x000000073c200000, 0x000000073c200000| Untracked 
| 482|0x000000073c400000, 0x000000073c400000, 0x000000073c600000|  0%| F|  |TAMS 0x000000073c400000, 0x000000073c400000| Untracked 
| 483|0x000000073c600000, 0x000000073c600000, 0x000000073c800000|  0%| F|  |TAMS 0x000000073c600000, 0x000000073c600000| Untracked 
| 484|0x000000073c800000, 0x000000073c800000, 0x000000073ca00000|  0%| F|  |TAMS 0x000000073c800000, 0x000000073c800000| Untracked 
| 485|0x000000073ca00000, 0x000000073ca00000, 0x000000073cc00000|  0%| F|  |TAMS 0x000000073ca00000, 0x000000073ca00000| Untracked 
| 486|0x000000073cc00000, 0x000000073cc00000, 0x000000073ce00000|  0%| F|  |TAMS 0x000000073cc00000, 0x000000073cc00000| Untracked 
| 487|0x000000073ce00000, 0x000000073ce00000, 0x000000073d000000|  0%| F|  |TAMS 0x000000073ce00000, 0x000000073ce00000| Untracked 
| 488|0x000000073d000000, 0x000000073d200000, 0x000000073d200000|100%| O|  |TAMS 0x000000073d200000, 0x000000073d200000| Untracked 
| 489|0x000000073d200000, 0x000000073d400000, 0x000000073d400000|100%| O|  |TAMS 0x000000073d400000, 0x000000073d400000| Untracked 
| 490|0x000000073d400000, 0x000000073d600000, 0x000000073d600000|100%| O|  |TAMS 0x000000073d600000, 0x000000073d600000| Untracked 
| 491|0x000000073d600000, 0x000000073d800000, 0x000000073d800000|100%| O|  |TAMS 0x000000073d800000, 0x000000073d800000| Untracked 
| 492|0x000000073d800000, 0x000000073da00000, 0x000000073da00000|100%| O|  |TAMS 0x000000073da00000, 0x000000073da00000| Untracked 
| 493|0x000000073da00000, 0x000000073dc00000, 0x000000073dc00000|100%| O|  |TAMS 0x000000073dc00000, 0x000000073dc00000| Untracked 
| 494|0x000000073dc00000, 0x000000073de00000, 0x000000073de00000|100%| O|  |TAMS 0x000000073de00000, 0x000000073de00000| Untracked 
| 495|0x000000073de00000, 0x000000073e000000, 0x000000073e000000|100%| O|  |TAMS 0x000000073e000000, 0x000000073e000000| Untracked 
| 496|0x000000073e000000, 0x000000073e200000, 0x000000073e200000|100%| O|  |TAMS 0x000000073e200000, 0x000000073e200000| Untracked 
| 497|0x000000073e200000, 0x000000073e400000, 0x000000073e400000|100%| O|  |TAMS 0x000000073e400000, 0x000000073e400000| Untracked 
| 498|0x000000073e400000, 0x000000073e600000, 0x000000073e600000|100%| O|  |TAMS 0x000000073e600000, 0x000000073e600000| Untracked 
| 499|0x000000073e600000, 0x000000073e800000, 0x000000073e800000|100%| O|  |TAMS 0x000000073e800000, 0x000000073e800000| Untracked 
| 500|0x000000073e800000, 0x000000073ea00000, 0x000000073ea00000|100%| O|  |TAMS 0x000000073ea00000, 0x000000073ea00000| Untracked 
| 501|0x000000073ea00000, 0x000000073ec00000, 0x000000073ec00000|100%| O|  |TAMS 0x000000073ec00000, 0x000000073ec00000| Untracked 
| 502|0x000000073ec00000, 0x000000073ee00000, 0x000000073ee00000|100%| O|  |TAMS 0x000000073ee00000, 0x000000073ee00000| Untracked 
| 503|0x000000073ee00000, 0x000000073f000000, 0x000000073f000000|100%| O|  |TAMS 0x000000073f000000, 0x000000073f000000| Untracked 
| 504|0x000000073f000000, 0x000000073f200000, 0x000000073f200000|100%| O|  |TAMS 0x000000073f200000, 0x000000073f200000| Untracked 
| 505|0x000000073f200000, 0x000000073f400000, 0x000000073f400000|100%| O|  |TAMS 0x000000073f400000, 0x000000073f400000| Untracked 
| 506|0x000000073f400000, 0x000000073f600000, 0x000000073f600000|100%| O|  |TAMS 0x000000073f600000, 0x000000073f600000| Untracked 
| 507|0x000000073f600000, 0x000000073f800000, 0x000000073f800000|100%| O|  |TAMS 0x000000073f800000, 0x000000073f800000| Untracked 
| 508|0x000000073f800000, 0x000000073fa00000, 0x000000073fa00000|100%| O|  |TAMS 0x000000073fa00000, 0x000000073fa00000| Untracked 
| 509|0x000000073fa00000, 0x000000073fc00000, 0x000000073fc00000|100%| O|  |TAMS 0x000000073fc00000, 0x000000073fc00000| Untracked 
| 510|0x000000073fc00000, 0x000000073fe00000, 0x000000073fe00000|100%| O|  |TAMS 0x000000073fe00000, 0x000000073fe00000| Untracked 
| 511|0x000000073fe00000, 0x0000000740000000, 0x0000000740000000|100%| O|  |TAMS 0x0000000740000000, 0x0000000740000000| Untracked 
| 512|0x0000000740000000, 0x0000000740200000, 0x0000000740200000|100%| O|  |TAMS 0x0000000740200000, 0x0000000740200000| Untracked 
| 513|0x0000000740200000, 0x0000000740400000, 0x0000000740400000|100%| O|  |TAMS 0x0000000740400000, 0x0000000740400000| Untracked 
| 514|0x0000000740400000, 0x0000000740400000, 0x0000000740600000|  0%| F|  |TAMS 0x0000000740400000, 0x0000000740400000| Untracked 
| 515|0x0000000740600000, 0x0000000740600000, 0x0000000740800000|  0%| F|  |TAMS 0x0000000740600000, 0x0000000740600000| Untracked 
| 516|0x0000000740800000, 0x0000000740800000, 0x0000000740a00000|  0%| F|  |TAMS 0x0000000740800000, 0x0000000740800000| Untracked 
| 517|0x0000000740a00000, 0x0000000740a00000, 0x0000000740c00000|  0%| F|  |TAMS 0x0000000740a00000, 0x0000000740a00000| Untracked 
| 518|0x0000000740c00000, 0x0000000740c00000, 0x0000000740e00000|  0%| F|  |TAMS 0x0000000740c00000, 0x0000000740c00000| Untracked 
| 519|0x0000000740e00000, 0x0000000740e00000, 0x0000000741000000|  0%| F|  |TAMS 0x0000000740e00000, 0x0000000740e00000| Untracked 
| 520|0x0000000741000000, 0x0000000741000000, 0x0000000741200000|  0%| F|  |TAMS 0x0000000741000000, 0x0000000741000000| Untracked 
| 521|0x0000000741200000, 0x0000000741200000, 0x0000000741400000|  0%| F|  |TAMS 0x0000000741200000, 0x0000000741200000| Untracked 
| 522|0x0000000741400000, 0x0000000741400000, 0x0000000741600000|  0%| F|  |TAMS 0x0000000741400000, 0x0000000741400000| Untracked 
| 523|0x0000000741600000, 0x0000000741600000, 0x0000000741800000|  0%| F|  |TAMS 0x0000000741600000, 0x0000000741600000| Untracked 
| 524|0x0000000741800000, 0x0000000741800000, 0x0000000741a00000|  0%| F|  |TAMS 0x0000000741800000, 0x0000000741800000| Untracked 
| 525|0x0000000741a00000, 0x0000000741a00000, 0x0000000741c00000|  0%| F|  |TAMS 0x0000000741a00000, 0x0000000741a00000| Untracked 
| 526|0x0000000741c00000, 0x0000000741c00000, 0x0000000741e00000|  0%| F|  |TAMS 0x0000000741c00000, 0x0000000741c00000| Untracked 
| 527|0x0000000741e00000, 0x0000000741e00000, 0x0000000742000000|  0%| F|  |TAMS 0x0000000741e00000, 0x0000000741e00000| Untracked 
| 528|0x0000000742000000, 0x0000000742000000, 0x0000000742200000|  0%| F|  |TAMS 0x0000000742000000, 0x0000000742000000| Untracked 
| 529|0x0000000742200000, 0x0000000742200000, 0x0000000742400000|  0%| F|  |TAMS 0x0000000742200000, 0x0000000742200000| Untracked 
| 530|0x0000000742400000, 0x0000000742400000, 0x0000000742600000|  0%| F|  |TAMS 0x0000000742400000, 0x0000000742400000| Untracked 
| 531|0x0000000742600000, 0x0000000742600000, 0x0000000742800000|  0%| F|  |TAMS 0x0000000742600000, 0x0000000742600000| Untracked 
| 532|0x0000000742800000, 0x0000000742800000, 0x0000000742a00000|  0%| F|  |TAMS 0x0000000742800000, 0x0000000742800000| Untracked 
| 533|0x0000000742a00000, 0x0000000742a00000, 0x0000000742c00000|  0%| F|  |TAMS 0x0000000742a00000, 0x0000000742a00000| Untracked 
| 534|0x0000000742c00000, 0x0000000742c00000, 0x0000000742e00000|  0%| F|  |TAMS 0x0000000742c00000, 0x0000000742c00000| Untracked 
| 535|0x0000000742e00000, 0x0000000742e00000, 0x0000000743000000|  0%| F|  |TAMS 0x0000000742e00000, 0x0000000742e00000| Untracked 
| 536|0x0000000743000000, 0x0000000743000000, 0x0000000743200000|  0%| F|  |TAMS 0x0000000743000000, 0x0000000743000000| Untracked 
| 537|0x0000000743200000, 0x0000000743200000, 0x0000000743400000|  0%| F|  |TAMS 0x0000000743200000, 0x0000000743200000| Untracked 
| 538|0x0000000743400000, 0x0000000743400000, 0x0000000743600000|  0%| F|  |TAMS 0x0000000743400000, 0x0000000743400000| Untracked 
| 539|0x0000000743600000, 0x0000000743600000, 0x0000000743800000|  0%| F|  |TAMS 0x0000000743600000, 0x0000000743600000| Untracked 
| 540|0x0000000743800000, 0x0000000743800000, 0x0000000743a00000|  0%| F|  |TAMS 0x0000000743800000, 0x0000000743800000| Untracked 
| 541|0x0000000743a00000, 0x0000000743a00000, 0x0000000743c00000|  0%| F|  |TAMS 0x0000000743a00000, 0x0000000743a00000| Untracked 
| 542|0x0000000743c00000, 0x0000000743c00000, 0x0000000743e00000|  0%| F|  |TAMS 0x0000000743c00000, 0x0000000743c00000| Untracked 
| 543|0x0000000743e00000, 0x0000000743e00000, 0x0000000744000000|  0%| F|  |TAMS 0x0000000743e00000, 0x0000000743e00000| Untracked 
| 544|0x0000000744000000, 0x0000000744000000, 0x0000000744200000|  0%| F|  |TAMS 0x0000000744000000, 0x0000000744000000| Untracked 
| 545|0x0000000744200000, 0x0000000744400000, 0x0000000744400000|100%| O|  |TAMS 0x0000000744400000, 0x0000000744400000| Untracked 
| 546|0x0000000744400000, 0x0000000744600000, 0x0000000744600000|100%| O|  |TAMS 0x0000000744600000, 0x0000000744600000| Untracked 
| 547|0x0000000744600000, 0x0000000744800000, 0x0000000744800000|100%| O|  |TAMS 0x0000000744800000, 0x0000000744800000| Untracked 
| 548|0x0000000744800000, 0x0000000744a00000, 0x0000000744a00000|100%| O|  |TAMS 0x0000000744a00000, 0x0000000744a00000| Untracked 
| 549|0x0000000744a00000, 0x0000000744c00000, 0x0000000744c00000|100%| O|  |TAMS 0x0000000744c00000, 0x0000000744c00000| Untracked 
| 550|0x0000000744c00000, 0x0000000744e00000, 0x0000000744e00000|100%| O|  |TAMS 0x0000000744e00000, 0x0000000744e00000| Untracked 
| 551|0x0000000744e00000, 0x0000000745000000, 0x0000000745000000|100%| O|  |TAMS 0x0000000745000000, 0x0000000745000000| Untracked 
| 552|0x0000000745000000, 0x0000000745000000, 0x0000000745200000|  0%| F|  |TAMS 0x0000000745000000, 0x0000000745000000| Untracked 
| 553|0x0000000745200000, 0x0000000745200000, 0x0000000745400000|  0%| F|  |TAMS 0x0000000745200000, 0x0000000745200000| Untracked 
| 554|0x0000000745400000, 0x0000000745600000, 0x0000000745600000|100%| S|CS|TAMS 0x0000000745400000, 0x0000000745400000| Complete 
| 555|0x0000000745600000, 0x0000000745800000, 0x0000000745800000|100%| S|CS|TAMS 0x0000000745600000, 0x0000000745600000| Complete 
| 556|0x0000000745800000, 0x0000000745a00000, 0x0000000745a00000|100%| S|CS|TAMS 0x0000000745800000, 0x0000000745800000| Complete 
| 557|0x0000000745a00000, 0x0000000745c00000, 0x0000000745c00000|100%| S|CS|TAMS 0x0000000745a00000, 0x0000000745a00000| Complete 
| 558|0x0000000745c00000, 0x0000000745e00000, 0x0000000745e00000|100%| S|CS|TAMS 0x0000000745c00000, 0x0000000745c00000| Complete 
| 559|0x0000000745e00000, 0x0000000746000000, 0x0000000746000000|100%| S|CS|TAMS 0x0000000745e00000, 0x0000000745e00000| Complete 
| 560|0x0000000746000000, 0x0000000746200000, 0x0000000746200000|100%| S|CS|TAMS 0x0000000746000000, 0x0000000746000000| Complete 
| 561|0x0000000746200000, 0x0000000746400000, 0x0000000746400000|100%| O|  |TAMS 0x0000000746400000, 0x0000000746400000| Untracked 
| 562|0x0000000746400000, 0x0000000746600000, 0x0000000746600000|100%| O|  |TAMS 0x0000000746600000, 0x0000000746600000| Untracked 
| 563|0x0000000746600000, 0x0000000746800000, 0x0000000746800000|100%| O|  |TAMS 0x0000000746800000, 0x0000000746800000| Untracked 
| 564|0x0000000746800000, 0x0000000746a00000, 0x0000000746a00000|100%| O|  |TAMS 0x0000000746a00000, 0x0000000746a00000| Untracked 
| 565|0x0000000746a00000, 0x0000000746c00000, 0x0000000746c00000|100%| O|  |TAMS 0x0000000746c00000, 0x0000000746c00000| Untracked 
| 566|0x0000000746c00000, 0x0000000746e00000, 0x0000000746e00000|100%| O|  |TAMS 0x0000000746e00000, 0x0000000746e00000| Untracked 
| 567|0x0000000746e00000, 0x0000000747000000, 0x0000000747000000|100%| O|  |TAMS 0x0000000747000000, 0x0000000747000000| Untracked 
| 568|0x0000000747000000, 0x0000000747200000, 0x0000000747200000|100%| O|  |TAMS 0x0000000747200000, 0x0000000747200000| Untracked 
| 569|0x0000000747200000, 0x0000000747400000, 0x0000000747400000|100%| O|  |TAMS 0x0000000747400000, 0x0000000747400000| Untracked 
| 570|0x0000000747400000, 0x0000000747600000, 0x0000000747600000|100%| O|  |TAMS 0x0000000747600000, 0x0000000747600000| Untracked 
| 571|0x0000000747600000, 0x0000000747800000, 0x0000000747800000|100%| O|  |TAMS 0x0000000747800000, 0x0000000747800000| Untracked 
| 572|0x0000000747800000, 0x0000000747a00000, 0x0000000747a00000|100%| O|  |TAMS 0x0000000747a00000, 0x0000000747a00000| Untracked 
| 573|0x0000000747a00000, 0x0000000747c00000, 0x0000000747c00000|100%| O|  |TAMS 0x0000000747c00000, 0x0000000747c00000| Untracked 
| 574|0x0000000747c00000, 0x0000000747e00000, 0x0000000747e00000|100%| O|  |TAMS 0x0000000747e00000, 0x0000000747e00000| Untracked 
| 575|0x0000000747e00000, 0x0000000748000000, 0x0000000748000000|100%| O|  |TAMS 0x0000000748000000, 0x0000000748000000| Untracked 
| 576|0x0000000748000000, 0x0000000748200000, 0x0000000748200000|100%| O|  |TAMS 0x0000000748200000, 0x0000000748200000| Untracked 
| 577|0x0000000748200000, 0x0000000748400000, 0x0000000748400000|100%| O|  |TAMS 0x0000000748400000, 0x0000000748400000| Untracked 
| 578|0x0000000748400000, 0x0000000748600000, 0x0000000748600000|100%| S|CS|TAMS 0x0000000748400000, 0x0000000748400000| Complete 
| 579|0x0000000748600000, 0x0000000748800000, 0x0000000748800000|100%| O|  |TAMS 0x0000000748800000, 0x0000000748800000| Untracked 
| 580|0x0000000748800000, 0x0000000748a00000, 0x0000000748a00000|100%| O|  |TAMS 0x0000000748a00000, 0x0000000748a00000| Untracked 
| 581|0x0000000748a00000, 0x0000000748c00000, 0x0000000748c00000|100%| O|  |TAMS 0x0000000748c00000, 0x0000000748c00000| Untracked 
| 582|0x0000000748c00000, 0x0000000748e00000, 0x0000000748e00000|100%| O|  |TAMS 0x0000000748e00000, 0x0000000748e00000| Untracked 
| 583|0x0000000748e00000, 0x0000000749000000, 0x0000000749000000|100%| O|  |TAMS 0x0000000749000000, 0x0000000749000000| Untracked 
| 584|0x0000000749000000, 0x0000000749200000, 0x0000000749200000|100%| O|  |TAMS 0x0000000749200000, 0x0000000749200000| Untracked 
| 585|0x0000000749200000, 0x0000000749400000, 0x0000000749400000|100%| S|CS|TAMS 0x0000000749200000, 0x0000000749200000| Complete 
| 586|0x0000000749400000, 0x0000000749600000, 0x0000000749600000|100%| S|CS|TAMS 0x0000000749400000, 0x0000000749400000| Complete 
| 587|0x0000000749600000, 0x0000000749800000, 0x0000000749800000|100%| S|CS|TAMS 0x0000000749600000, 0x0000000749600000| Complete 
| 588|0x0000000749800000, 0x0000000749a00000, 0x0000000749a00000|100%| S|CS|TAMS 0x0000000749800000, 0x0000000749800000| Complete 
| 589|0x0000000749a00000, 0x0000000749c00000, 0x0000000749c00000|100%| S|CS|TAMS 0x0000000749a00000, 0x0000000749a00000| Complete 
| 590|0x0000000749c00000, 0x0000000749c00000, 0x0000000749e00000|  0%| F|  |TAMS 0x0000000749c00000, 0x0000000749c00000| Untracked 
| 591|0x0000000749e00000, 0x0000000749e00000, 0x000000074a000000|  0%| F|  |TAMS 0x0000000749e00000, 0x0000000749e00000| Untracked 
| 592|0x000000074a000000, 0x000000074a200000, 0x000000074a200000|100%| O|  |TAMS 0x000000074a200000, 0x000000074a200000| Untracked 
| 593|0x000000074a200000, 0x000000074a400000, 0x000000074a400000|100%| O|  |TAMS 0x000000074a400000, 0x000000074a400000| Untracked 
| 594|0x000000074a400000, 0x000000074a600000, 0x000000074a600000|100%| O|  |TAMS 0x000000074a600000, 0x000000074a600000| Untracked 
| 595|0x000000074a600000, 0x000000074a800000, 0x000000074a800000|100%| O|  |TAMS 0x000000074a800000, 0x000000074a800000| Untracked 
| 596|0x000000074a800000, 0x000000074aa00000, 0x000000074aa00000|100%| O|  |TAMS 0x000000074aa00000, 0x000000074aa00000| Untracked 
| 597|0x000000074aa00000, 0x000000074ac00000, 0x000000074ac00000|100%| O|  |TAMS 0x000000074ac00000, 0x000000074ac00000| Untracked 
| 598|0x000000074ac00000, 0x000000074ae00000, 0x000000074ae00000|100%| O|  |TAMS 0x000000074ae00000, 0x000000074ae00000| Untracked 
| 599|0x000000074ae00000, 0x000000074b000000, 0x000000074b000000|100%| O|  |TAMS 0x000000074b000000, 0x000000074b000000| Untracked 
| 600|0x000000074b000000, 0x000000074b200000, 0x000000074b200000|100%| O|  |TAMS 0x000000074b200000, 0x000000074b200000| Untracked 
| 601|0x000000074b200000, 0x000000074b200000, 0x000000074b400000|  0%| F|  |TAMS 0x000000074b200000, 0x000000074b200000| Untracked 
| 602|0x000000074b400000, 0x000000074b600000, 0x000000074b600000|100%| O|  |TAMS 0x000000074b600000, 0x000000074b600000| Untracked 
| 603|0x000000074b600000, 0x000000074b800000, 0x000000074b800000|100%| O|  |TAMS 0x000000074b800000, 0x000000074b800000| Untracked 
| 604|0x000000074b800000, 0x000000074ba00000, 0x000000074ba00000|100%| O|  |TAMS 0x000000074ba00000, 0x000000074ba00000| Untracked 
| 605|0x000000074ba00000, 0x000000074bc00000, 0x000000074bc00000|100%| O|  |TAMS 0x000000074bc00000, 0x000000074bc00000| Untracked 
| 606|0x000000074bc00000, 0x000000074be00000, 0x000000074be00000|100%| O|  |TAMS 0x000000074be00000, 0x000000074be00000| Untracked 
| 607|0x000000074be00000, 0x000000074c000000, 0x000000074c000000|100%| O|  |TAMS 0x000000074c000000, 0x000000074c000000| Untracked 
| 608|0x000000074c000000, 0x000000074c200000, 0x000000074c200000|100%| O|  |TAMS 0x000000074c200000, 0x000000074c200000| Untracked 
| 609|0x000000074c200000, 0x000000074c400000, 0x000000074c400000|100%| O|  |TAMS 0x000000074c400000, 0x000000074c400000| Untracked 
| 610|0x000000074c400000, 0x000000074c400000, 0x000000074c600000|  0%| F|  |TAMS 0x000000074c400000, 0x000000074c400000| Untracked 
| 611|0x000000074c600000, 0x000000074c800000, 0x000000074c800000|100%| O|  |TAMS 0x000000074c800000, 0x000000074c800000| Untracked 
| 612|0x000000074c800000, 0x000000074ca00000, 0x000000074ca00000|100%| O|  |TAMS 0x000000074ca00000, 0x000000074ca00000| Untracked 
| 613|0x000000074ca00000, 0x000000074cc00000, 0x000000074cc00000|100%| O|  |TAMS 0x000000074cc00000, 0x000000074cc00000| Untracked 
| 614|0x000000074cc00000, 0x000000074ce00000, 0x000000074ce00000|100%| O|  |TAMS 0x000000074ce00000, 0x000000074ce00000| Untracked 
| 615|0x000000074ce00000, 0x000000074ce00000, 0x000000074d000000|  0%| F|  |TAMS 0x000000074ce00000, 0x000000074ce00000| Untracked 
| 616|0x000000074d000000, 0x000000074d200000, 0x000000074d200000|100%| O|  |TAMS 0x000000074d200000, 0x000000074d200000| Untracked 
| 617|0x000000074d200000, 0x000000074d200000, 0x000000074d400000|  0%| F|  |TAMS 0x000000074d200000, 0x000000074d200000| Untracked 
| 618|0x000000074d400000, 0x000000074d600000, 0x000000074d600000|100%| O|  |TAMS 0x000000074d600000, 0x000000074d600000| Untracked 
| 619|0x000000074d600000, 0x000000074d600000, 0x000000074d800000|  0%| F|  |TAMS 0x000000074d600000, 0x000000074d600000| Untracked 
| 620|0x000000074d800000, 0x000000074d800000, 0x000000074da00000|  0%| F|  |TAMS 0x000000074d800000, 0x000000074d800000| Untracked 
| 621|0x000000074da00000, 0x000000074dc00000, 0x000000074dc00000|100%| O|  |TAMS 0x000000074dc00000, 0x000000074dc00000| Untracked 
| 622|0x000000074dc00000, 0x000000074de00000, 0x000000074de00000|100%| O|  |TAMS 0x000000074de00000, 0x000000074de00000| Untracked 
| 623|0x000000074de00000, 0x000000074e000000, 0x000000074e000000|100%| O|  |TAMS 0x000000074e000000, 0x000000074e000000| Untracked 
| 624|0x000000074e000000, 0x000000074e200000, 0x000000074e200000|100%| O|  |TAMS 0x000000074e200000, 0x000000074e200000| Untracked 
| 625|0x000000074e200000, 0x000000074e400000, 0x000000074e400000|100%| O|  |TAMS 0x000000074e400000, 0x000000074e400000| Untracked 
| 626|0x000000074e400000, 0x000000074e600000, 0x000000074e600000|100%| O|  |TAMS 0x000000074e600000, 0x000000074e600000| Untracked 
| 627|0x000000074e600000, 0x000000074e800000, 0x000000074e800000|100%| O|  |TAMS 0x000000074e800000, 0x000000074e800000| Untracked 
| 628|0x000000074e800000, 0x000000074e800000, 0x000000074ea00000|  0%| F|  |TAMS 0x000000074e800000, 0x000000074e800000| Untracked 
| 629|0x000000074ea00000, 0x000000074ec00000, 0x000000074ec00000|100%| O|  |TAMS 0x000000074ec00000, 0x000000074ec00000| Untracked 
| 630|0x000000074ec00000, 0x000000074ee00000, 0x000000074ee00000|100%| O|  |TAMS 0x000000074ee00000, 0x000000074ee00000| Untracked 
| 631|0x000000074ee00000, 0x000000074f000000, 0x000000074f000000|100%| O|  |TAMS 0x000000074f000000, 0x000000074f000000| Untracked 
| 632|0x000000074f000000, 0x000000074f200000, 0x000000074f200000|100%| O|  |TAMS 0x000000074f200000, 0x000000074f200000| Untracked 
| 633|0x000000074f200000, 0x000000074f200000, 0x000000074f400000|  0%| F|  |TAMS 0x000000074f200000, 0x000000074f200000| Untracked 
| 634|0x000000074f400000, 0x000000074f600000, 0x000000074f600000|100%| O|  |TAMS 0x000000074f600000, 0x000000074f600000| Untracked 
| 635|0x000000074f600000, 0x000000074f800000, 0x000000074f800000|100%| O|  |TAMS 0x000000074f800000, 0x000000074f800000| Untracked 
| 636|0x000000074f800000, 0x000000074fa00000, 0x000000074fa00000|100%| O|  |TAMS 0x000000074fa00000, 0x000000074fa00000| Untracked 
| 637|0x000000074fa00000, 0x000000074fa00000, 0x000000074fc00000|  0%| F|  |TAMS 0x000000074fa00000, 0x000000074fa00000| Untracked 
| 638|0x000000074fc00000, 0x000000074fe00000, 0x000000074fe00000|100%| O|  |TAMS 0x000000074fe00000, 0x000000074fe00000| Untracked 
| 639|0x000000074fe00000, 0x0000000750000000, 0x0000000750000000|100%|HS|  |TAMS 0x000000074fe00000, 0x000000074fe00000| Complete 
| 640|0x0000000750000000, 0x0000000750200000, 0x0000000750200000|100%|HC|  |TAMS 0x0000000750000000, 0x0000000750000000| Complete 
| 641|0x0000000750200000, 0x0000000750400000, 0x0000000750400000|100%|HC|  |TAMS 0x0000000750200000, 0x0000000750200000| Complete 
| 642|0x0000000750400000, 0x0000000750600000, 0x0000000750600000|100%|HC|  |TAMS 0x0000000750400000, 0x0000000750400000| Complete 
| 643|0x0000000750600000, 0x0000000750800000, 0x0000000750800000|100%|HC|  |TAMS 0x0000000750600000, 0x0000000750600000| Complete 
| 644|0x0000000750800000, 0x0000000750a00000, 0x0000000750a00000|100%|HC|  |TAMS 0x0000000750800000, 0x0000000750800000| Complete 
| 645|0x0000000750a00000, 0x0000000750c00000, 0x0000000750c00000|100%|HC|  |TAMS 0x0000000750a00000, 0x0000000750a00000| Complete 
| 646|0x0000000750c00000, 0x0000000750e00000, 0x0000000750e00000|100%|HC|  |TAMS 0x0000000750c00000, 0x0000000750c00000| Complete 
| 647|0x0000000750e00000, 0x0000000751000000, 0x0000000751000000|100%|HC|  |TAMS 0x0000000750e00000, 0x0000000750e00000| Complete 
| 648|0x0000000751000000, 0x0000000751200000, 0x0000000751200000|100%|HC|  |TAMS 0x0000000751000000, 0x0000000751000000| Complete 
| 649|0x0000000751200000, 0x0000000751400000, 0x0000000751400000|100%|HC|  |TAMS 0x0000000751200000, 0x0000000751200000| Complete 
| 650|0x0000000751400000, 0x0000000751600000, 0x0000000751600000|100%|HC|  |TAMS 0x0000000751400000, 0x0000000751400000| Complete 
| 651|0x0000000751600000, 0x0000000751800000, 0x0000000751800000|100%|HC|  |TAMS 0x0000000751600000, 0x0000000751600000| Complete 
| 652|0x0000000751800000, 0x0000000751a00000, 0x0000000751a00000|100%|HC|  |TAMS 0x0000000751800000, 0x0000000751800000| Complete 
| 653|0x0000000751a00000, 0x0000000751c00000, 0x0000000751c00000|100%|HC|  |TAMS 0x0000000751a00000, 0x0000000751a00000| Complete 
| 654|0x0000000751c00000, 0x0000000751e00000, 0x0000000751e00000|100%|HC|  |TAMS 0x0000000751c00000, 0x0000000751c00000| Complete 
| 655|0x0000000751e00000, 0x0000000752000000, 0x0000000752000000|100%|HC|  |TAMS 0x0000000751e00000, 0x0000000751e00000| Complete 
| 656|0x0000000752000000, 0x0000000752200000, 0x0000000752200000|100%|HC|  |TAMS 0x0000000752000000, 0x0000000752000000| Complete 
| 657|0x0000000752200000, 0x0000000752400000, 0x0000000752400000|100%|HC|  |TAMS 0x0000000752200000, 0x0000000752200000| Complete 
| 658|0x0000000752400000, 0x0000000752600000, 0x0000000752600000|100%|HC|  |TAMS 0x0000000752400000, 0x0000000752400000| Complete 
| 659|0x0000000752600000, 0x0000000752800000, 0x0000000752800000|100%|HC|  |TAMS 0x0000000752600000, 0x0000000752600000| Complete 
| 660|0x0000000752800000, 0x0000000752a00000, 0x0000000752a00000|100%|HC|  |TAMS 0x0000000752800000, 0x0000000752800000| Complete 
| 661|0x0000000752a00000, 0x0000000752c00000, 0x0000000752c00000|100%|HC|  |TAMS 0x0000000752a00000, 0x0000000752a00000| Complete 
| 662|0x0000000752c00000, 0x0000000752e00000, 0x0000000752e00000|100%|HC|  |TAMS 0x0000000752c00000, 0x0000000752c00000| Complete 
| 663|0x0000000752e00000, 0x0000000753000000, 0x0000000753000000|100%|HC|  |TAMS 0x0000000752e00000, 0x0000000752e00000| Complete 
| 664|0x0000000753000000, 0x0000000753200000, 0x0000000753200000|100%|HC|  |TAMS 0x0000000753000000, 0x0000000753000000| Complete 
| 665|0x0000000753200000, 0x0000000753400000, 0x0000000753400000|100%|HC|  |TAMS 0x0000000753200000, 0x0000000753200000| Complete 
| 666|0x0000000753400000, 0x0000000753600000, 0x0000000753600000|100%|HC|  |TAMS 0x0000000753400000, 0x0000000753400000| Complete 
| 667|0x0000000753600000, 0x0000000753800000, 0x0000000753800000|100%|HC|  |TAMS 0x0000000753600000, 0x0000000753600000| Complete 
| 668|0x0000000753800000, 0x0000000753a00000, 0x0000000753a00000|100%|HC|  |TAMS 0x0000000753800000, 0x0000000753800000| Complete 
| 669|0x0000000753a00000, 0x0000000753c00000, 0x0000000753c00000|100%|HC|  |TAMS 0x0000000753a00000, 0x0000000753a00000| Complete 
| 670|0x0000000753c00000, 0x0000000753e00000, 0x0000000753e00000|100%|HC|  |TAMS 0x0000000753c00000, 0x0000000753c00000| Complete 
| 671|0x0000000753e00000, 0x0000000754000000, 0x0000000754000000|100%|HC|  |TAMS 0x0000000753e00000, 0x0000000753e00000| Complete 
| 672|0x0000000754000000, 0x0000000754200000, 0x0000000754200000|100%|HC|  |TAMS 0x0000000754000000, 0x0000000754000000| Complete 
| 673|0x0000000754200000, 0x0000000754400000, 0x0000000754400000|100%|HC|  |TAMS 0x0000000754200000, 0x0000000754200000| Complete 
| 674|0x0000000754400000, 0x0000000754600000, 0x0000000754600000|100%|HC|  |TAMS 0x0000000754400000, 0x0000000754400000| Complete 
| 675|0x0000000754600000, 0x0000000754800000, 0x0000000754800000|100%|HC|  |TAMS 0x0000000754600000, 0x0000000754600000| Complete 
| 676|0x0000000754800000, 0x0000000754a00000, 0x0000000754a00000|100%|HC|  |TAMS 0x0000000754800000, 0x0000000754800000| Complete 
| 677|0x0000000754a00000, 0x0000000754c00000, 0x0000000754c00000|100%|HC|  |TAMS 0x0000000754a00000, 0x0000000754a00000| Complete 
| 678|0x0000000754c00000, 0x0000000754e00000, 0x0000000754e00000|100%|HC|  |TAMS 0x0000000754c00000, 0x0000000754c00000| Complete 
| 679|0x0000000754e00000, 0x0000000755000000, 0x0000000755000000|100%|HC|  |TAMS 0x0000000754e00000, 0x0000000754e00000| Complete 
| 680|0x0000000755000000, 0x0000000755200000, 0x0000000755200000|100%|HC|  |TAMS 0x0000000755000000, 0x0000000755000000| Complete 
| 681|0x0000000755200000, 0x0000000755400000, 0x0000000755400000|100%|HC|  |TAMS 0x0000000755200000, 0x0000000755200000| Complete 
| 682|0x0000000755400000, 0x0000000755600000, 0x0000000755600000|100%|HC|  |TAMS 0x0000000755400000, 0x0000000755400000| Complete 
| 683|0x0000000755600000, 0x0000000755800000, 0x0000000755800000|100%|HC|  |TAMS 0x0000000755600000, 0x0000000755600000| Complete 
| 684|0x0000000755800000, 0x0000000755a00000, 0x0000000755a00000|100%|HC|  |TAMS 0x0000000755800000, 0x0000000755800000| Complete 
| 685|0x0000000755a00000, 0x0000000755c00000, 0x0000000755c00000|100%|HC|  |TAMS 0x0000000755a00000, 0x0000000755a00000| Complete 
| 686|0x0000000755c00000, 0x0000000755e00000, 0x0000000755e00000|100%|HC|  |TAMS 0x0000000755c00000, 0x0000000755c00000| Complete 
| 687|0x0000000755e00000, 0x0000000756000000, 0x0000000756000000|100%|HC|  |TAMS 0x0000000755e00000, 0x0000000755e00000| Complete 
| 688|0x0000000756000000, 0x0000000756200000, 0x0000000756200000|100%|HC|  |TAMS 0x0000000756000000, 0x0000000756000000| Complete 
| 689|0x0000000756200000, 0x0000000756400000, 0x0000000756400000|100%|HC|  |TAMS 0x0000000756200000, 0x0000000756200000| Complete 
| 690|0x0000000756400000, 0x0000000756400000, 0x0000000756600000|  0%| F|  |TAMS 0x0000000756400000, 0x0000000756400000| Untracked 
| 691|0x0000000756600000, 0x0000000756600000, 0x0000000756800000|  0%| F|  |TAMS 0x0000000756600000, 0x0000000756600000| Untracked 
| 692|0x0000000756800000, 0x0000000756800000, 0x0000000756a00000|  0%| F|  |TAMS 0x0000000756800000, 0x0000000756800000| Untracked 
| 693|0x0000000756a00000, 0x0000000756a00000, 0x0000000756c00000|  0%| F|  |TAMS 0x0000000756a00000, 0x0000000756a00000| Untracked 
| 694|0x0000000756c00000, 0x0000000756c00000, 0x0000000756e00000|  0%| F|  |TAMS 0x0000000756c00000, 0x0000000756c00000| Untracked 
| 695|0x0000000756e00000, 0x0000000756e00000, 0x0000000757000000|  0%| F|  |TAMS 0x0000000756e00000, 0x0000000756e00000| Untracked 
| 696|0x0000000757000000, 0x0000000757200000, 0x0000000757200000|100%| S|CS|TAMS 0x0000000757000000, 0x0000000757000000| Complete 
| 697|0x0000000757200000, 0x0000000757400000, 0x0000000757400000|100%| S|CS|TAMS 0x0000000757200000, 0x0000000757200000| Complete 
| 698|0x0000000757400000, 0x0000000757600000, 0x0000000757600000|100%| S|CS|TAMS 0x0000000757400000, 0x0000000757400000| Complete 
| 699|0x0000000757600000, 0x0000000757800000, 0x0000000757800000|100%| S|CS|TAMS 0x0000000757600000, 0x0000000757600000| Complete 
| 700|0x0000000757800000, 0x0000000757800000, 0x0000000757a00000|  0%| F|  |TAMS 0x0000000757800000, 0x0000000757800000| Untracked 
| 701|0x0000000757a00000, 0x0000000757a00000, 0x0000000757c00000|  0%| F|  |TAMS 0x0000000757a00000, 0x0000000757a00000| Untracked 
| 702|0x0000000757c00000, 0x0000000757c00000, 0x0000000757e00000|  0%| F|  |TAMS 0x0000000757c00000, 0x0000000757c00000| Untracked 
| 703|0x0000000757e00000, 0x0000000757e00000, 0x0000000758000000|  0%| F|  |TAMS 0x0000000757e00000, 0x0000000757e00000| Untracked 
| 704|0x0000000758000000, 0x0000000758200000, 0x0000000758200000|100%|HS|  |TAMS 0x0000000758000000, 0x0000000758200000| Complete 
| 705|0x0000000758200000, 0x0000000758400000, 0x0000000758400000|100%|HC|  |TAMS 0x0000000758200000, 0x0000000758400000| Complete 
| 706|0x0000000758400000, 0x0000000758600000, 0x0000000758600000|100%|HC|  |TAMS 0x0000000758400000, 0x0000000758600000| Complete 
| 707|0x0000000758600000, 0x0000000758800000, 0x0000000758800000|100%|HC|  |TAMS 0x0000000758600000, 0x0000000758800000| Complete 
| 708|0x0000000758800000, 0x0000000758a00000, 0x0000000758a00000|100%|HC|  |TAMS 0x0000000758800000, 0x0000000758a00000| Complete 
| 709|0x0000000758a00000, 0x0000000758c00000, 0x0000000758c00000|100%|HC|  |TAMS 0x0000000758a00000, 0x0000000758c00000| Complete 
| 710|0x0000000758c00000, 0x0000000758e00000, 0x0000000758e00000|100%|HC|  |TAMS 0x0000000758c00000, 0x0000000758e00000| Complete 
| 711|0x0000000758e00000, 0x0000000759000000, 0x0000000759000000|100%|HC|  |TAMS 0x0000000758e00000, 0x0000000759000000| Complete 
| 712|0x0000000759000000, 0x0000000759200000, 0x0000000759200000|100%|HC|  |TAMS 0x0000000759000000, 0x0000000759200000| Complete 
| 713|0x0000000759200000, 0x0000000759400000, 0x0000000759400000|100%|HC|  |TAMS 0x0000000759200000, 0x0000000759400000| Complete 
| 714|0x0000000759400000, 0x0000000759600000, 0x0000000759600000|100%|HC|  |TAMS 0x0000000759400000, 0x0000000759600000| Complete 
| 715|0x0000000759600000, 0x0000000759800000, 0x0000000759800000|100%|HC|  |TAMS 0x0000000759600000, 0x0000000759800000| Complete 
| 716|0x0000000759800000, 0x0000000759a00000, 0x0000000759a00000|100%|HC|  |TAMS 0x0000000759800000, 0x0000000759a00000| Complete 
| 717|0x0000000759a00000, 0x0000000759c00000, 0x0000000759c00000|100%|HC|  |TAMS 0x0000000759a00000, 0x0000000759c00000| Complete 
| 718|0x0000000759c00000, 0x0000000759e00000, 0x0000000759e00000|100%|HC|  |TAMS 0x0000000759c00000, 0x0000000759e00000| Complete 
| 719|0x0000000759e00000, 0x000000075a000000, 0x000000075a000000|100%|HC|  |TAMS 0x0000000759e00000, 0x000000075a000000| Complete 
| 720|0x000000075a000000, 0x000000075a200000, 0x000000075a200000|100%|HC|  |TAMS 0x000000075a000000, 0x000000075a200000| Complete 
| 721|0x000000075a200000, 0x000000075a400000, 0x000000075a400000|100%|HC|  |TAMS 0x000000075a200000, 0x000000075a400000| Complete 
| 722|0x000000075a400000, 0x000000075a600000, 0x000000075a600000|100%|HC|  |TAMS 0x000000075a400000, 0x000000075a600000| Complete 
| 723|0x000000075a600000, 0x000000075a800000, 0x000000075a800000|100%|HC|  |TAMS 0x000000075a600000, 0x000000075a800000| Complete 
| 724|0x000000075a800000, 0x000000075aa00000, 0x000000075aa00000|100%|HC|  |TAMS 0x000000075a800000, 0x000000075aa00000| Complete 
| 725|0x000000075aa00000, 0x000000075ac00000, 0x000000075ac00000|100%|HC|  |TAMS 0x000000075aa00000, 0x000000075ac00000| Complete 
| 726|0x000000075ac00000, 0x000000075ae00000, 0x000000075ae00000|100%|HC|  |TAMS 0x000000075ac00000, 0x000000075ae00000| Complete 
| 727|0x000000075ae00000, 0x000000075b000000, 0x000000075b000000|100%|HC|  |TAMS 0x000000075ae00000, 0x000000075b000000| Complete 
| 728|0x000000075b000000, 0x000000075b200000, 0x000000075b200000|100%|HC|  |TAMS 0x000000075b000000, 0x000000075b200000| Complete 
| 729|0x000000075b200000, 0x000000075b400000, 0x000000075b400000|100%|HC|  |TAMS 0x000000075b200000, 0x000000075b400000| Complete 
| 730|0x000000075b400000, 0x000000075b600000, 0x000000075b600000|100%|HC|  |TAMS 0x000000075b400000, 0x000000075b600000| Complete 
| 731|0x000000075b600000, 0x000000075b800000, 0x000000075b800000|100%|HC|  |TAMS 0x000000075b600000, 0x000000075b800000| Complete 
| 732|0x000000075b800000, 0x000000075ba00000, 0x000000075ba00000|100%|HC|  |TAMS 0x000000075b800000, 0x000000075ba00000| Complete 
| 733|0x000000075ba00000, 0x000000075bc00000, 0x000000075bc00000|100%|HC|  |TAMS 0x000000075ba00000, 0x000000075bc00000| Complete 
| 734|0x000000075bc00000, 0x000000075be00000, 0x000000075be00000|100%|HC|  |TAMS 0x000000075bc00000, 0x000000075be00000| Complete 
| 735|0x000000075be00000, 0x000000075c000000, 0x000000075c000000|100%|HC|  |TAMS 0x000000075be00000, 0x000000075c000000| Complete 
| 736|0x000000075c000000, 0x000000075c200000, 0x000000075c200000|100%|HC|  |TAMS 0x000000075c000000, 0x000000075c200000| Complete 
| 737|0x000000075c200000, 0x000000075c400000, 0x000000075c400000|100%|HC|  |TAMS 0x000000075c200000, 0x000000075c400000| Complete 
| 738|0x000000075c400000, 0x000000075c600000, 0x000000075c600000|100%|HC|  |TAMS 0x000000075c400000, 0x000000075c600000| Complete 
| 739|0x000000075c600000, 0x000000075c800000, 0x000000075c800000|100%|HC|  |TAMS 0x000000075c600000, 0x000000075c800000| Complete 
| 740|0x000000075c800000, 0x000000075ca00000, 0x000000075ca00000|100%|HC|  |TAMS 0x000000075c800000, 0x000000075ca00000| Complete 
| 741|0x000000075ca00000, 0x000000075cc00000, 0x000000075cc00000|100%|HC|  |TAMS 0x000000075ca00000, 0x000000075cc00000| Complete 
| 742|0x000000075cc00000, 0x000000075ce00000, 0x000000075ce00000|100%|HC|  |TAMS 0x000000075cc00000, 0x000000075ce00000| Complete 
| 743|0x000000075ce00000, 0x000000075d000000, 0x000000075d000000|100%|HC|  |TAMS 0x000000075ce00000, 0x000000075d000000| Complete 
| 744|0x000000075d000000, 0x000000075d200000, 0x000000075d200000|100%|HC|  |TAMS 0x000000075d000000, 0x000000075d200000| Complete 
| 745|0x000000075d200000, 0x000000075d400000, 0x000000075d400000|100%|HC|  |TAMS 0x000000075d200000, 0x000000075d400000| Complete 
| 746|0x000000075d400000, 0x000000075d600000, 0x000000075d600000|100%|HC|  |TAMS 0x000000075d400000, 0x000000075d600000| Complete 
| 747|0x000000075d600000, 0x000000075d800000, 0x000000075d800000|100%|HC|  |TAMS 0x000000075d600000, 0x000000075d800000| Complete 
| 748|0x000000075d800000, 0x000000075da00000, 0x000000075da00000|100%|HC|  |TAMS 0x000000075d800000, 0x000000075da00000| Complete 
| 749|0x000000075da00000, 0x000000075dc00000, 0x000000075dc00000|100%|HC|  |TAMS 0x000000075da00000, 0x000000075dc00000| Complete 
| 750|0x000000075dc00000, 0x000000075de00000, 0x000000075de00000|100%|HC|  |TAMS 0x000000075dc00000, 0x000000075de00000| Complete 
| 751|0x000000075de00000, 0x000000075e000000, 0x000000075e000000|100%|HC|  |TAMS 0x000000075de00000, 0x000000075e000000| Complete 
| 752|0x000000075e000000, 0x000000075e200000, 0x000000075e200000|100%|HC|  |TAMS 0x000000075e000000, 0x000000075e200000| Complete 
| 753|0x000000075e200000, 0x000000075e400000, 0x000000075e400000|100%|HC|  |TAMS 0x000000075e200000, 0x000000075e400000| Complete 
| 754|0x000000075e400000, 0x000000075e600000, 0x000000075e600000|100%|HC|  |TAMS 0x000000075e400000, 0x000000075e600000| Complete 
| 755|0x000000075e600000, 0x000000075e800000, 0x000000075e800000|100%|HC|  |TAMS 0x000000075e600000, 0x000000075e800000| Complete 
| 756|0x000000075e800000, 0x000000075ea00000, 0x000000075ea00000|100%|HC|  |TAMS 0x000000075e800000, 0x000000075ea00000| Complete 
| 757|0x000000075ea00000, 0x000000075ea00000, 0x000000075ec00000|  0%| F|  |TAMS 0x000000075ea00000, 0x000000075ea00000| Untracked 
| 758|0x000000075ec00000, 0x000000075ec00000, 0x000000075ee00000|  0%| F|  |TAMS 0x000000075ec00000, 0x000000075ec00000| Untracked 
| 759|0x000000075ee00000, 0x000000075ee00000, 0x000000075f000000|  0%| F|  |TAMS 0x000000075ee00000, 0x000000075ee00000| Untracked 
| 760|0x000000075f000000, 0x000000075f000000, 0x000000075f200000|  0%| F|  |TAMS 0x000000075f000000, 0x000000075f000000| Untracked 
| 761|0x000000075f200000, 0x000000075f200000, 0x000000075f400000|  0%| F|  |TAMS 0x000000075f200000, 0x000000075f200000| Untracked 
| 762|0x000000075f400000, 0x000000075f400000, 0x000000075f600000|  0%| F|  |TAMS 0x000000075f400000, 0x000000075f400000| Untracked 
| 763|0x000000075f600000, 0x000000075f600000, 0x000000075f800000|  0%| F|  |TAMS 0x000000075f600000, 0x000000075f600000| Untracked 
| 764|0x000000075f800000, 0x000000075f800000, 0x000000075fa00000|  0%| F|  |TAMS 0x000000075f800000, 0x000000075f800000| Untracked 
| 765|0x000000075fa00000, 0x000000075fa00000, 0x000000075fc00000|  0%| F|  |TAMS 0x000000075fa00000, 0x000000075fa00000| Untracked 
| 766|0x000000075fc00000, 0x000000075fc00000, 0x000000075fe00000|  0%| F|  |TAMS 0x000000075fc00000, 0x000000075fc00000| Untracked 
| 767|0x000000075fe00000, 0x000000075fe00000, 0x0000000760000000|  0%| F|  |TAMS 0x000000075fe00000, 0x000000075fe00000| Untracked 
| 768|0x0000000760000000, 0x0000000760000000, 0x0000000760200000|  0%| F|  |TAMS 0x0000000760000000, 0x0000000760000000| Untracked 
| 769|0x0000000760200000, 0x0000000760200000, 0x0000000760400000|  0%| F|  |TAMS 0x0000000760200000, 0x0000000760200000| Untracked 
| 770|0x0000000760400000, 0x0000000760400000, 0x0000000760600000|  0%| F|  |TAMS 0x0000000760400000, 0x0000000760400000| Untracked 
| 771|0x0000000760600000, 0x0000000760600000, 0x0000000760800000|  0%| F|  |TAMS 0x0000000760600000, 0x0000000760600000| Untracked 
| 772|0x0000000760800000, 0x0000000760800000, 0x0000000760a00000|  0%| F|  |TAMS 0x0000000760800000, 0x0000000760800000| Untracked 
| 773|0x0000000760a00000, 0x0000000760a00000, 0x0000000760c00000|  0%| F|  |TAMS 0x0000000760a00000, 0x0000000760a00000| Untracked 
| 774|0x0000000760c00000, 0x0000000760c00000, 0x0000000760e00000|  0%| F|  |TAMS 0x0000000760c00000, 0x0000000760c00000| Untracked 
| 775|0x0000000760e00000, 0x0000000760e00000, 0x0000000761000000|  0%| F|  |TAMS 0x0000000760e00000, 0x0000000760e00000| Untracked 
| 776|0x0000000761000000, 0x0000000761000000, 0x0000000761200000|  0%| F|  |TAMS 0x0000000761000000, 0x0000000761000000| Untracked 
| 777|0x0000000761200000, 0x0000000761200000, 0x0000000761400000|  0%| F|  |TAMS 0x0000000761200000, 0x0000000761200000| Untracked 
| 778|0x0000000761400000, 0x0000000761400000, 0x0000000761600000|  0%| F|  |TAMS 0x0000000761400000, 0x0000000761400000| Untracked 
| 779|0x0000000761600000, 0x0000000761600000, 0x0000000761800000|  0%| F|  |TAMS 0x0000000761600000, 0x0000000761600000| Untracked 
| 780|0x0000000761800000, 0x0000000761800000, 0x0000000761a00000|  0%| F|  |TAMS 0x0000000761800000, 0x0000000761800000| Untracked 
| 781|0x0000000761a00000, 0x0000000761a00000, 0x0000000761c00000|  0%| F|  |TAMS 0x0000000761a00000, 0x0000000761a00000| Untracked 
| 782|0x0000000761c00000, 0x0000000761c00000, 0x0000000761e00000|  0%| F|  |TAMS 0x0000000761c00000, 0x0000000761c00000| Untracked 
| 783|0x0000000761e00000, 0x0000000761e00000, 0x0000000762000000|  0%| F|  |TAMS 0x0000000761e00000, 0x0000000761e00000| Untracked 
| 784|0x0000000762000000, 0x0000000762000000, 0x0000000762200000|  0%| F|  |TAMS 0x0000000762000000, 0x0000000762000000| Untracked 
| 785|0x0000000762200000, 0x0000000762200000, 0x0000000762400000|  0%| F|  |TAMS 0x0000000762200000, 0x0000000762200000| Untracked 
| 786|0x0000000762400000, 0x0000000762400000, 0x0000000762600000|  0%| F|  |TAMS 0x0000000762400000, 0x0000000762400000| Untracked 
| 787|0x0000000762600000, 0x0000000762600000, 0x0000000762800000|  0%| F|  |TAMS 0x0000000762600000, 0x0000000762600000| Untracked 
| 788|0x0000000762800000, 0x0000000762800000, 0x0000000762a00000|  0%| F|  |TAMS 0x0000000762800000, 0x0000000762800000| Untracked 
| 789|0x0000000762a00000, 0x0000000762a00000, 0x0000000762c00000|  0%| F|  |TAMS 0x0000000762a00000, 0x0000000762a00000| Untracked 
| 790|0x0000000762c00000, 0x0000000762c00000, 0x0000000762e00000|  0%| F|  |TAMS 0x0000000762c00000, 0x0000000762c00000| Untracked 
| 791|0x0000000762e00000, 0x0000000762e00000, 0x0000000763000000|  0%| F|  |TAMS 0x0000000762e00000, 0x0000000762e00000| Untracked 
| 792|0x0000000763000000, 0x0000000763000000, 0x0000000763200000|  0%| F|  |TAMS 0x0000000763000000, 0x0000000763000000| Untracked 
| 793|0x0000000763200000, 0x0000000763200000, 0x0000000763400000|  0%| F|  |TAMS 0x0000000763200000, 0x0000000763200000| Untracked 
| 794|0x0000000763400000, 0x0000000763400000, 0x0000000763600000|  0%| F|  |TAMS 0x0000000763400000, 0x0000000763400000| Untracked 
| 795|0x0000000763600000, 0x0000000763600000, 0x0000000763800000|  0%| F|  |TAMS 0x0000000763600000, 0x0000000763600000| Untracked 
| 796|0x0000000763800000, 0x0000000763800000, 0x0000000763a00000|  0%| F|  |TAMS 0x0000000763800000, 0x0000000763800000| Untracked 
| 797|0x0000000763a00000, 0x0000000763a00000, 0x0000000763c00000|  0%| F|  |TAMS 0x0000000763a00000, 0x0000000763a00000| Untracked 
| 798|0x0000000763c00000, 0x0000000763c00000, 0x0000000763e00000|  0%| F|  |TAMS 0x0000000763c00000, 0x0000000763c00000| Untracked 
| 799|0x0000000763e00000, 0x0000000763e00000, 0x0000000764000000|  0%| F|  |TAMS 0x0000000763e00000, 0x0000000763e00000| Untracked 
| 800|0x0000000764000000, 0x0000000764000000, 0x0000000764200000|  0%| F|  |TAMS 0x0000000764000000, 0x0000000764000000| Untracked 
| 801|0x0000000764200000, 0x0000000764200000, 0x0000000764400000|  0%| F|  |TAMS 0x0000000764200000, 0x0000000764200000| Untracked 
| 802|0x0000000764400000, 0x0000000764400000, 0x0000000764600000|  0%| F|  |TAMS 0x0000000764400000, 0x0000000764400000| Untracked 
| 803|0x0000000764600000, 0x0000000764600000, 0x0000000764800000|  0%| F|  |TAMS 0x0000000764600000, 0x0000000764600000| Untracked 
| 804|0x0000000764800000, 0x0000000764800000, 0x0000000764a00000|  0%| F|  |TAMS 0x0000000764800000, 0x0000000764800000| Untracked 
| 805|0x0000000764a00000, 0x0000000764a00000, 0x0000000764c00000|  0%| F|  |TAMS 0x0000000764a00000, 0x0000000764a00000| Untracked 
| 806|0x0000000764c00000, 0x0000000764c00000, 0x0000000764e00000|  0%| F|  |TAMS 0x0000000764c00000, 0x0000000764c00000| Untracked 
| 807|0x0000000764e00000, 0x0000000764e00000, 0x0000000765000000|  0%| F|  |TAMS 0x0000000764e00000, 0x0000000764e00000| Untracked 
| 808|0x0000000765000000, 0x0000000765000000, 0x0000000765200000|  0%| F|  |TAMS 0x0000000765000000, 0x0000000765000000| Untracked 
| 809|0x0000000765200000, 0x0000000765200000, 0x0000000765400000|  0%| F|  |TAMS 0x0000000765200000, 0x0000000765200000| Untracked 
| 810|0x0000000765400000, 0x0000000765400000, 0x0000000765600000|  0%| F|  |TAMS 0x0000000765400000, 0x0000000765400000| Untracked 
| 811|0x0000000765600000, 0x0000000765600000, 0x0000000765800000|  0%| F|  |TAMS 0x0000000765600000, 0x0000000765600000| Untracked 
| 812|0x0000000765800000, 0x0000000765800000, 0x0000000765a00000|  0%| F|  |TAMS 0x0000000765800000, 0x0000000765800000| Untracked 
| 813|0x0000000765a00000, 0x0000000765a00000, 0x0000000765c00000|  0%| F|  |TAMS 0x0000000765a00000, 0x0000000765a00000| Untracked 
| 814|0x0000000765c00000, 0x0000000765c00000, 0x0000000765e00000|  0%| F|  |TAMS 0x0000000765c00000, 0x0000000765c00000| Untracked 
| 815|0x0000000765e00000, 0x0000000765e00000, 0x0000000766000000|  0%| F|  |TAMS 0x0000000765e00000, 0x0000000765e00000| Untracked 
| 816|0x0000000766000000, 0x0000000766000000, 0x0000000766200000|  0%| F|  |TAMS 0x0000000766000000, 0x0000000766000000| Untracked 
| 817|0x0000000766200000, 0x0000000766200000, 0x0000000766400000|  0%| F|  |TAMS 0x0000000766200000, 0x0000000766200000| Untracked 
| 818|0x0000000766400000, 0x0000000766400000, 0x0000000766600000|  0%| F|  |TAMS 0x0000000766400000, 0x0000000766400000| Untracked 
| 819|0x0000000766600000, 0x0000000766600000, 0x0000000766800000|  0%| F|  |TAMS 0x0000000766600000, 0x0000000766600000| Untracked 
| 820|0x0000000766800000, 0x0000000766800000, 0x0000000766a00000|  0%| F|  |TAMS 0x0000000766800000, 0x0000000766800000| Untracked 
| 821|0x0000000766a00000, 0x0000000766a00000, 0x0000000766c00000|  0%| F|  |TAMS 0x0000000766a00000, 0x0000000766a00000| Untracked 
| 822|0x0000000766c00000, 0x0000000766c00000, 0x0000000766e00000|  0%| F|  |TAMS 0x0000000766c00000, 0x0000000766c00000| Untracked 
| 823|0x0000000766e00000, 0x0000000766e00000, 0x0000000767000000|  0%| F|  |TAMS 0x0000000766e00000, 0x0000000766e00000| Untracked 
| 824|0x0000000767000000, 0x0000000767000000, 0x0000000767200000|  0%| F|  |TAMS 0x0000000767000000, 0x0000000767000000| Untracked 
| 825|0x0000000767200000, 0x0000000767200000, 0x0000000767400000|  0%| F|  |TAMS 0x0000000767200000, 0x0000000767200000| Untracked 
| 826|0x0000000767400000, 0x0000000767400000, 0x0000000767600000|  0%| F|  |TAMS 0x0000000767400000, 0x0000000767400000| Untracked 
| 827|0x0000000767600000, 0x0000000767600000, 0x0000000767800000|  0%| F|  |TAMS 0x0000000767600000, 0x0000000767600000| Untracked 
| 828|0x0000000767800000, 0x0000000767800000, 0x0000000767a00000|  0%| F|  |TAMS 0x0000000767800000, 0x0000000767800000| Untracked 
| 829|0x0000000767a00000, 0x0000000767a00000, 0x0000000767c00000|  0%| F|  |TAMS 0x0000000767a00000, 0x0000000767a00000| Untracked 
| 830|0x0000000767c00000, 0x0000000767c00000, 0x0000000767e00000|  0%| F|  |TAMS 0x0000000767c00000, 0x0000000767c00000| Untracked 
| 831|0x0000000767e00000, 0x0000000767e00000, 0x0000000768000000|  0%| F|  |TAMS 0x0000000767e00000, 0x0000000767e00000| Untracked 
| 832|0x0000000768000000, 0x0000000768000000, 0x0000000768200000|  0%| F|  |TAMS 0x0000000768000000, 0x0000000768000000| Untracked 
| 833|0x0000000768200000, 0x0000000768200000, 0x0000000768400000|  0%| F|  |TAMS 0x0000000768200000, 0x0000000768200000| Untracked 
| 834|0x0000000768400000, 0x0000000768400000, 0x0000000768600000|  0%| F|  |TAMS 0x0000000768400000, 0x0000000768400000| Untracked 
| 835|0x0000000768600000, 0x0000000768600000, 0x0000000768800000|  0%| F|  |TAMS 0x0000000768600000, 0x0000000768600000| Untracked 
| 836|0x0000000768800000, 0x0000000768800000, 0x0000000768a00000|  0%| F|  |TAMS 0x0000000768800000, 0x0000000768800000| Untracked 
| 837|0x0000000768a00000, 0x0000000768a00000, 0x0000000768c00000|  0%| F|  |TAMS 0x0000000768a00000, 0x0000000768a00000| Untracked 
| 838|0x0000000768c00000, 0x0000000768c00000, 0x0000000768e00000|  0%| F|  |TAMS 0x0000000768c00000, 0x0000000768c00000| Untracked 
| 839|0x0000000768e00000, 0x0000000768e00000, 0x0000000769000000|  0%| F|  |TAMS 0x0000000768e00000, 0x0000000768e00000| Untracked 
| 840|0x0000000769000000, 0x0000000769000000, 0x0000000769200000|  0%| F|  |TAMS 0x0000000769000000, 0x0000000769000000| Untracked 
| 841|0x0000000769200000, 0x0000000769200000, 0x0000000769400000|  0%| F|  |TAMS 0x0000000769200000, 0x0000000769200000| Untracked 
| 842|0x0000000769400000, 0x0000000769400000, 0x0000000769600000|  0%| F|  |TAMS 0x0000000769400000, 0x0000000769400000| Untracked 
| 843|0x0000000769600000, 0x0000000769600000, 0x0000000769800000|  0%| F|  |TAMS 0x0000000769600000, 0x0000000769600000| Untracked 
| 844|0x0000000769800000, 0x0000000769800000, 0x0000000769a00000|  0%| F|  |TAMS 0x0000000769800000, 0x0000000769800000| Untracked 
| 845|0x0000000769a00000, 0x0000000769a00000, 0x0000000769c00000|  0%| F|  |TAMS 0x0000000769a00000, 0x0000000769a00000| Untracked 
| 846|0x0000000769c00000, 0x0000000769c00000, 0x0000000769e00000|  0%| F|  |TAMS 0x0000000769c00000, 0x0000000769c00000| Untracked 
| 847|0x0000000769e00000, 0x0000000769e00000, 0x000000076a000000|  0%| F|  |TAMS 0x0000000769e00000, 0x0000000769e00000| Untracked 
| 848|0x000000076a000000, 0x000000076a000000, 0x000000076a200000|  0%| F|  |TAMS 0x000000076a000000, 0x000000076a000000| Untracked 
| 849|0x000000076a200000, 0x000000076a200000, 0x000000076a400000|  0%| F|  |TAMS 0x000000076a200000, 0x000000076a200000| Untracked 
| 850|0x000000076a400000, 0x000000076a400000, 0x000000076a600000|  0%| F|  |TAMS 0x000000076a400000, 0x000000076a400000| Untracked 
| 851|0x000000076a600000, 0x000000076a600000, 0x000000076a800000|  0%| F|  |TAMS 0x000000076a600000, 0x000000076a600000| Untracked 
| 852|0x000000076a800000, 0x000000076a800000, 0x000000076aa00000|  0%| F|  |TAMS 0x000000076a800000, 0x000000076a800000| Untracked 
| 853|0x000000076aa00000, 0x000000076aa00000, 0x000000076ac00000|  0%| F|  |TAMS 0x000000076aa00000, 0x000000076aa00000| Untracked 
| 854|0x000000076ac00000, 0x000000076ac00000, 0x000000076ae00000|  0%| F|  |TAMS 0x000000076ac00000, 0x000000076ac00000| Untracked 
| 855|0x000000076ae00000, 0x000000076b000000, 0x000000076b000000|100%|HS|  |TAMS 0x000000076ae00000, 0x000000076b000000| Complete 
| 856|0x000000076b000000, 0x000000076b200000, 0x000000076b200000|100%|HC|  |TAMS 0x000000076b000000, 0x000000076b200000| Complete 
| 857|0x000000076b200000, 0x000000076b400000, 0x000000076b400000|100%|HC|  |TAMS 0x000000076b200000, 0x000000076b400000| Complete 
| 858|0x000000076b400000, 0x000000076b600000, 0x000000076b600000|100%|HC|  |TAMS 0x000000076b400000, 0x000000076b600000| Complete 
| 859|0x000000076b600000, 0x000000076b800000, 0x000000076b800000|100%|HC|  |TAMS 0x000000076b600000, 0x000000076b800000| Complete 
| 860|0x000000076b800000, 0x000000076ba00000, 0x000000076ba00000|100%|HC|  |TAMS 0x000000076b800000, 0x000000076ba00000| Complete 
| 861|0x000000076ba00000, 0x000000076bc00000, 0x000000076bc00000|100%|HC|  |TAMS 0x000000076ba00000, 0x000000076bc00000| Complete 
| 862|0x000000076bc00000, 0x000000076be00000, 0x000000076be00000|100%|HC|  |TAMS 0x000000076bc00000, 0x000000076be00000| Complete 
| 863|0x000000076be00000, 0x000000076c000000, 0x000000076c000000|100%|HC|  |TAMS 0x000000076be00000, 0x000000076c000000| Complete 
| 864|0x000000076c000000, 0x000000076c200000, 0x000000076c200000|100%|HC|  |TAMS 0x000000076c000000, 0x000000076c200000| Complete 
| 865|0x000000076c200000, 0x000000076c400000, 0x000000076c400000|100%|HC|  |TAMS 0x000000076c200000, 0x000000076c400000| Complete 
| 866|0x000000076c400000, 0x000000076c600000, 0x000000076c600000|100%|HC|  |TAMS 0x000000076c400000, 0x000000076c600000| Complete 
| 867|0x000000076c600000, 0x000000076c800000, 0x000000076c800000|100%|HC|  |TAMS 0x000000076c600000, 0x000000076c800000| Complete 
| 868|0x000000076c800000, 0x000000076ca00000, 0x000000076ca00000|100%|HC|  |TAMS 0x000000076c800000, 0x000000076ca00000| Complete 
| 869|0x000000076ca00000, 0x000000076cc00000, 0x000000076cc00000|100%|HC|  |TAMS 0x000000076ca00000, 0x000000076cc00000| Complete 
| 870|0x000000076cc00000, 0x000000076ce00000, 0x000000076ce00000|100%|HC|  |TAMS 0x000000076cc00000, 0x000000076ce00000| Complete 
| 871|0x000000076ce00000, 0x000000076d000000, 0x000000076d000000|100%|HC|  |TAMS 0x000000076ce00000, 0x000000076d000000| Complete 
| 872|0x000000076d000000, 0x000000076d200000, 0x000000076d200000|100%|HC|  |TAMS 0x000000076d000000, 0x000000076d200000| Complete 
| 873|0x000000076d200000, 0x000000076d400000, 0x000000076d400000|100%|HC|  |TAMS 0x000000076d200000, 0x000000076d400000| Complete 
| 874|0x000000076d400000, 0x000000076d600000, 0x000000076d600000|100%|HC|  |TAMS 0x000000076d400000, 0x000000076d600000| Complete 
| 875|0x000000076d600000, 0x000000076d800000, 0x000000076d800000|100%|HC|  |TAMS 0x000000076d600000, 0x000000076d800000| Complete 
| 876|0x000000076d800000, 0x000000076da00000, 0x000000076da00000|100%|HC|  |TAMS 0x000000076d800000, 0x000000076da00000| Complete 
| 877|0x000000076da00000, 0x000000076dc00000, 0x000000076dc00000|100%|HC|  |TAMS 0x000000076da00000, 0x000000076dc00000| Complete 
| 878|0x000000076dc00000, 0x000000076de00000, 0x000000076de00000|100%|HC|  |TAMS 0x000000076dc00000, 0x000000076de00000| Complete 
| 879|0x000000076de00000, 0x000000076e000000, 0x000000076e000000|100%|HC|  |TAMS 0x000000076de00000, 0x000000076e000000| Complete 
| 880|0x000000076e000000, 0x000000076e200000, 0x000000076e200000|100%|HC|  |TAMS 0x000000076e000000, 0x000000076e200000| Complete 
| 881|0x000000076e200000, 0x000000076e400000, 0x000000076e400000|100%|HC|  |TAMS 0x000000076e200000, 0x000000076e400000| Complete 
| 882|0x000000076e400000, 0x000000076e600000, 0x000000076e600000|100%|HC|  |TAMS 0x000000076e400000, 0x000000076e600000| Complete 
| 883|0x000000076e600000, 0x000000076e800000, 0x000000076e800000|100%|HC|  |TAMS 0x000000076e600000, 0x000000076e800000| Complete 
| 884|0x000000076e800000, 0x000000076ea00000, 0x000000076ea00000|100%|HC|  |TAMS 0x000000076e800000, 0x000000076ea00000| Complete 
| 885|0x000000076ea00000, 0x000000076ec00000, 0x000000076ec00000|100%|HC|  |TAMS 0x000000076ea00000, 0x000000076ec00000| Complete 
| 886|0x000000076ec00000, 0x000000076ee00000, 0x000000076ee00000|100%|HC|  |TAMS 0x000000076ec00000, 0x000000076ee00000| Complete 
| 887|0x000000076ee00000, 0x000000076f000000, 0x000000076f000000|100%|HC|  |TAMS 0x000000076ee00000, 0x000000076f000000| Complete 
| 888|0x000000076f000000, 0x000000076f200000, 0x000000076f200000|100%|HC|  |TAMS 0x000000076f000000, 0x000000076f200000| Complete 
| 889|0x000000076f200000, 0x000000076f400000, 0x000000076f400000|100%|HC|  |TAMS 0x000000076f200000, 0x000000076f400000| Complete 
| 890|0x000000076f400000, 0x000000076f600000, 0x000000076f600000|100%|HC|  |TAMS 0x000000076f400000, 0x000000076f600000| Complete 
| 891|0x000000076f600000, 0x000000076f800000, 0x000000076f800000|100%|HC|  |TAMS 0x000000076f600000, 0x000000076f800000| Complete 
| 892|0x000000076f800000, 0x000000076fa00000, 0x000000076fa00000|100%|HC|  |TAMS 0x000000076f800000, 0x000000076fa00000| Complete 
| 893|0x000000076fa00000, 0x000000076fc00000, 0x000000076fc00000|100%|HC|  |TAMS 0x000000076fa00000, 0x000000076fc00000| Complete 
| 894|0x000000076fc00000, 0x000000076fe00000, 0x000000076fe00000|100%|HC|  |TAMS 0x000000076fc00000, 0x000000076fe00000| Complete 
| 895|0x000000076fe00000, 0x0000000770000000, 0x0000000770000000|100%|HC|  |TAMS 0x000000076fe00000, 0x0000000770000000| Complete 
| 896|0x0000000770000000, 0x0000000770200000, 0x0000000770200000|100%|HC|  |TAMS 0x0000000770000000, 0x0000000770200000| Complete 
| 897|0x0000000770200000, 0x0000000770400000, 0x0000000770400000|100%|HC|  |TAMS 0x0000000770200000, 0x0000000770400000| Complete 
| 898|0x0000000770400000, 0x0000000770600000, 0x0000000770600000|100%|HC|  |TAMS 0x0000000770400000, 0x0000000770600000| Complete 
| 899|0x0000000770600000, 0x0000000770800000, 0x0000000770800000|100%|HC|  |TAMS 0x0000000770600000, 0x0000000770800000| Complete 
| 900|0x0000000770800000, 0x0000000770a00000, 0x0000000770a00000|100%|HC|  |TAMS 0x0000000770800000, 0x0000000770a00000| Complete 
| 901|0x0000000770a00000, 0x0000000770c00000, 0x0000000770c00000|100%|HC|  |TAMS 0x0000000770a00000, 0x0000000770c00000| Complete 
| 902|0x0000000770c00000, 0x0000000770c00000, 0x0000000770e00000|  0%| F|  |TAMS 0x0000000770c00000, 0x0000000770c00000| Untracked 
| 903|0x0000000770e00000, 0x0000000770e00000, 0x0000000771000000|  0%| F|  |TAMS 0x0000000770e00000, 0x0000000770e00000| Untracked 
| 904|0x0000000771000000, 0x0000000771000000, 0x0000000771200000|  0%| F|  |TAMS 0x0000000771000000, 0x0000000771000000| Untracked 
| 905|0x0000000771200000, 0x0000000771200000, 0x0000000771400000|  0%| F|  |TAMS 0x0000000771200000, 0x0000000771200000| Untracked 
| 906|0x0000000771400000, 0x0000000771400000, 0x0000000771600000|  0%| F|  |TAMS 0x0000000771400000, 0x0000000771400000| Untracked 
| 907|0x0000000771600000, 0x0000000771600000, 0x0000000771800000|  0%| F|  |TAMS 0x0000000771600000, 0x0000000771600000| Untracked 
| 908|0x0000000771800000, 0x0000000771800000, 0x0000000771a00000|  0%| F|  |TAMS 0x0000000771800000, 0x0000000771800000| Untracked 
| 909|0x0000000771a00000, 0x0000000771a00000, 0x0000000771c00000|  0%| F|  |TAMS 0x0000000771a00000, 0x0000000771a00000| Untracked 
| 910|0x0000000771c00000, 0x0000000771c00000, 0x0000000771e00000|  0%| F|  |TAMS 0x0000000771c00000, 0x0000000771c00000| Untracked 
| 911|0x0000000771e00000, 0x0000000771e00000, 0x0000000772000000|  0%| F|  |TAMS 0x0000000771e00000, 0x0000000771e00000| Untracked 
| 912|0x0000000772000000, 0x0000000772000000, 0x0000000772200000|  0%| F|  |TAMS 0x0000000772000000, 0x0000000772000000| Untracked 
| 913|0x0000000772200000, 0x0000000772200000, 0x0000000772400000|  0%| F|  |TAMS 0x0000000772200000, 0x0000000772200000| Untracked 
| 914|0x0000000772400000, 0x0000000772400000, 0x0000000772600000|  0%| F|  |TAMS 0x0000000772400000, 0x0000000772400000| Untracked 
| 915|0x0000000772600000, 0x0000000772600000, 0x0000000772800000|  0%| F|  |TAMS 0x0000000772600000, 0x0000000772600000| Untracked 
| 916|0x0000000772800000, 0x0000000772800000, 0x0000000772a00000|  0%| F|  |TAMS 0x0000000772800000, 0x0000000772800000| Untracked 
| 917|0x0000000772a00000, 0x0000000772a00000, 0x0000000772c00000|  0%| F|  |TAMS 0x0000000772a00000, 0x0000000772a00000| Untracked 
| 918|0x0000000772c00000, 0x0000000772c00000, 0x0000000772e00000|  0%| F|  |TAMS 0x0000000772c00000, 0x0000000772c00000| Untracked 
| 919|0x0000000772e00000, 0x0000000772e00000, 0x0000000773000000|  0%| F|  |TAMS 0x0000000772e00000, 0x0000000772e00000| Untracked 
| 920|0x0000000773000000, 0x0000000773000000, 0x0000000773200000|  0%| F|  |TAMS 0x0000000773000000, 0x0000000773000000| Untracked 
| 921|0x0000000773200000, 0x0000000773200000, 0x0000000773400000|  0%| F|  |TAMS 0x0000000773200000, 0x0000000773200000| Untracked 
| 922|0x0000000773400000, 0x0000000773400000, 0x0000000773600000|  0%| F|  |TAMS 0x0000000773400000, 0x0000000773400000| Untracked 
| 923|0x0000000773600000, 0x0000000773600000, 0x0000000773800000|  0%| F|  |TAMS 0x0000000773600000, 0x0000000773600000| Untracked 
| 924|0x0000000773800000, 0x0000000773800000, 0x0000000773a00000|  0%| F|  |TAMS 0x0000000773800000, 0x0000000773800000| Untracked 
| 925|0x0000000773a00000, 0x0000000773a00000, 0x0000000773c00000|  0%| F|  |TAMS 0x0000000773a00000, 0x0000000773a00000| Untracked 
| 926|0x0000000773c00000, 0x0000000773c00000, 0x0000000773e00000|  0%| F|  |TAMS 0x0000000773c00000, 0x0000000773c00000| Untracked 
| 927|0x0000000773e00000, 0x0000000773e00000, 0x0000000774000000|  0%| F|  |TAMS 0x0000000773e00000, 0x0000000773e00000| Untracked 
| 928|0x0000000774000000, 0x0000000774000000, 0x0000000774200000|  0%| F|  |TAMS 0x0000000774000000, 0x0000000774000000| Untracked 
| 929|0x0000000774200000, 0x0000000774200000, 0x0000000774400000|  0%| F|  |TAMS 0x0000000774200000, 0x0000000774200000| Untracked 
| 930|0x0000000774400000, 0x0000000774400000, 0x0000000774600000|  0%| F|  |TAMS 0x0000000774400000, 0x0000000774400000| Untracked 
| 931|0x0000000774600000, 0x0000000774600000, 0x0000000774800000|  0%| F|  |TAMS 0x0000000774600000, 0x0000000774600000| Untracked 
| 932|0x0000000774800000, 0x0000000774800000, 0x0000000774a00000|  0%| F|  |TAMS 0x0000000774800000, 0x0000000774800000| Untracked 
| 933|0x0000000774a00000, 0x0000000774a00000, 0x0000000774c00000|  0%| F|  |TAMS 0x0000000774a00000, 0x0000000774a00000| Untracked 
| 934|0x0000000774c00000, 0x0000000774c00000, 0x0000000774e00000|  0%| F|  |TAMS 0x0000000774c00000, 0x0000000774c00000| Untracked 
| 935|0x0000000774e00000, 0x0000000774e00000, 0x0000000775000000|  0%| F|  |TAMS 0x0000000774e00000, 0x0000000774e00000| Untracked 
| 936|0x0000000775000000, 0x0000000775000000, 0x0000000775200000|  0%| F|  |TAMS 0x0000000775000000, 0x0000000775000000| Untracked 
| 937|0x0000000775200000, 0x0000000775200000, 0x0000000775400000|  0%| F|  |TAMS 0x0000000775200000, 0x0000000775200000| Untracked 
| 938|0x0000000775400000, 0x0000000775400000, 0x0000000775600000|  0%| F|  |TAMS 0x0000000775400000, 0x0000000775400000| Untracked 
| 939|0x0000000775600000, 0x0000000775600000, 0x0000000775800000|  0%| F|  |TAMS 0x0000000775600000, 0x0000000775600000| Untracked 
| 940|0x0000000775800000, 0x0000000775800000, 0x0000000775a00000|  0%| F|  |TAMS 0x0000000775800000, 0x0000000775800000| Untracked 
| 941|0x0000000775a00000, 0x0000000775a00000, 0x0000000775c00000|  0%| F|  |TAMS 0x0000000775a00000, 0x0000000775a00000| Untracked 
| 942|0x0000000775c00000, 0x0000000775c00000, 0x0000000775e00000|  0%| F|  |TAMS 0x0000000775c00000, 0x0000000775c00000| Untracked 
| 943|0x0000000775e00000, 0x0000000775e00000, 0x0000000776000000|  0%| F|  |TAMS 0x0000000775e00000, 0x0000000775e00000| Untracked 
| 944|0x0000000776000000, 0x0000000776000000, 0x0000000776200000|  0%| F|  |TAMS 0x0000000776000000, 0x0000000776000000| Untracked 
| 945|0x0000000776200000, 0x0000000776200000, 0x0000000776400000|  0%| F|  |TAMS 0x0000000776200000, 0x0000000776200000| Untracked 
| 946|0x0000000776400000, 0x0000000776400000, 0x0000000776600000|  0%| F|  |TAMS 0x0000000776400000, 0x0000000776400000| Untracked 
| 947|0x0000000776600000, 0x0000000776600000, 0x0000000776800000|  0%| F|  |TAMS 0x0000000776600000, 0x0000000776600000| Untracked 
| 948|0x0000000776800000, 0x0000000776800000, 0x0000000776a00000|  0%| F|  |TAMS 0x0000000776800000, 0x0000000776800000| Untracked 
| 949|0x0000000776a00000, 0x0000000776a00000, 0x0000000776c00000|  0%| F|  |TAMS 0x0000000776a00000, 0x0000000776a00000| Untracked 
| 950|0x0000000776c00000, 0x0000000776c00000, 0x0000000776e00000|  0%| F|  |TAMS 0x0000000776c00000, 0x0000000776c00000| Untracked 
| 951|0x0000000776e00000, 0x0000000776e00000, 0x0000000777000000|  0%| F|  |TAMS 0x0000000776e00000, 0x0000000776e00000| Untracked 
| 952|0x0000000777000000, 0x0000000777000000, 0x0000000777200000|  0%| F|  |TAMS 0x0000000777000000, 0x0000000777000000| Untracked 
| 953|0x0000000777200000, 0x0000000777200000, 0x0000000777400000|  0%| F|  |TAMS 0x0000000777200000, 0x0000000777200000| Untracked 
| 954|0x0000000777400000, 0x0000000777400000, 0x0000000777600000|  0%| F|  |TAMS 0x0000000777400000, 0x0000000777400000| Untracked 
| 955|0x0000000777600000, 0x0000000777600000, 0x0000000777800000|  0%| F|  |TAMS 0x0000000777600000, 0x0000000777600000| Untracked 
| 956|0x0000000777800000, 0x0000000777800000, 0x0000000777a00000|  0%| F|  |TAMS 0x0000000777800000, 0x0000000777800000| Untracked 
| 957|0x0000000777a00000, 0x0000000777a00000, 0x0000000777c00000|  0%| F|  |TAMS 0x0000000777a00000, 0x0000000777a00000| Untracked 
| 958|0x0000000777c00000, 0x0000000777c00000, 0x0000000777e00000|  0%| F|  |TAMS 0x0000000777c00000, 0x0000000777c00000| Untracked 
| 959|0x0000000777e00000, 0x0000000777e00000, 0x0000000778000000|  0%| F|  |TAMS 0x0000000777e00000, 0x0000000777e00000| Untracked 
| 960|0x0000000778000000, 0x0000000778000000, 0x0000000778200000|  0%| F|  |TAMS 0x0000000778000000, 0x0000000778000000| Untracked 
| 961|0x0000000778200000, 0x0000000778200000, 0x0000000778400000|  0%| F|  |TAMS 0x0000000778200000, 0x0000000778200000| Untracked 
| 962|0x0000000778400000, 0x0000000778400000, 0x0000000778600000|  0%| F|  |TAMS 0x0000000778400000, 0x0000000778400000| Untracked 
| 963|0x0000000778600000, 0x0000000778600000, 0x0000000778800000|  0%| F|  |TAMS 0x0000000778600000, 0x0000000778600000| Untracked 
| 964|0x0000000778800000, 0x0000000778800000, 0x0000000778a00000|  0%| F|  |TAMS 0x0000000778800000, 0x0000000778800000| Untracked 
| 965|0x0000000778a00000, 0x0000000778a00000, 0x0000000778c00000|  0%| F|  |TAMS 0x0000000778a00000, 0x0000000778a00000| Untracked 
| 966|0x0000000778c00000, 0x0000000778c00000, 0x0000000778e00000|  0%| F|  |TAMS 0x0000000778c00000, 0x0000000778c00000| Untracked 
| 967|0x0000000778e00000, 0x0000000778e00000, 0x0000000779000000|  0%| F|  |TAMS 0x0000000778e00000, 0x0000000778e00000| Untracked 
| 968|0x0000000779000000, 0x0000000779000000, 0x0000000779200000|  0%| F|  |TAMS 0x0000000779000000, 0x0000000779000000| Untracked 
| 969|0x0000000779200000, 0x0000000779200000, 0x0000000779400000|  0%| F|  |TAMS 0x0000000779200000, 0x0000000779200000| Untracked 
| 970|0x0000000779400000, 0x0000000779400000, 0x0000000779600000|  0%| F|  |TAMS 0x0000000779400000, 0x0000000779400000| Untracked 
| 971|0x0000000779600000, 0x0000000779600000, 0x0000000779800000|  0%| F|  |TAMS 0x0000000779600000, 0x0000000779600000| Untracked 
| 972|0x0000000779800000, 0x0000000779800000, 0x0000000779a00000|  0%| F|  |TAMS 0x0000000779800000, 0x0000000779800000| Untracked 
| 973|0x0000000779a00000, 0x0000000779a00000, 0x0000000779c00000|  0%| F|  |TAMS 0x0000000779a00000, 0x0000000779a00000| Untracked 
| 974|0x0000000779c00000, 0x0000000779c00000, 0x0000000779e00000|  0%| F|  |TAMS 0x0000000779c00000, 0x0000000779c00000| Untracked 
| 975|0x0000000779e00000, 0x0000000779e00000, 0x000000077a000000|  0%| F|  |TAMS 0x0000000779e00000, 0x0000000779e00000| Untracked 
| 976|0x000000077a000000, 0x000000077a000000, 0x000000077a200000|  0%| F|  |TAMS 0x000000077a000000, 0x000000077a000000| Untracked 
| 977|0x000000077a200000, 0x000000077a200000, 0x000000077a400000|  0%| F|  |TAMS 0x000000077a200000, 0x000000077a200000| Untracked 
| 978|0x000000077a400000, 0x000000077a400000, 0x000000077a600000|  0%| F|  |TAMS 0x000000077a400000, 0x000000077a400000| Untracked 
| 979|0x000000077a600000, 0x000000077a600000, 0x000000077a800000|  0%| F|  |TAMS 0x000000077a600000, 0x000000077a600000| Untracked 
| 980|0x000000077a800000, 0x000000077a800000, 0x000000077aa00000|  0%| F|  |TAMS 0x000000077a800000, 0x000000077a800000| Untracked 
| 981|0x000000077aa00000, 0x000000077aa00000, 0x000000077ac00000|  0%| F|  |TAMS 0x000000077aa00000, 0x000000077aa00000| Untracked 
| 982|0x000000077ac00000, 0x000000077ac00000, 0x000000077ae00000|  0%| F|  |TAMS 0x000000077ac00000, 0x000000077ac00000| Untracked 
| 983|0x000000077ae00000, 0x000000077ae00000, 0x000000077b000000|  0%| F|  |TAMS 0x000000077ae00000, 0x000000077ae00000| Untracked 
| 984|0x000000077b000000, 0x000000077b000000, 0x000000077b200000|  0%| F|  |TAMS 0x000000077b000000, 0x000000077b000000| Untracked 
| 985|0x000000077b200000, 0x000000077b200000, 0x000000077b400000|  0%| F|  |TAMS 0x000000077b200000, 0x000000077b200000| Untracked 
| 986|0x000000077b400000, 0x000000077b400000, 0x000000077b600000|  0%| F|  |TAMS 0x000000077b400000, 0x000000077b400000| Untracked 
| 987|0x000000077b600000, 0x000000077b600000, 0x000000077b800000|  0%| F|  |TAMS 0x000000077b600000, 0x000000077b600000| Untracked 
| 988|0x000000077b800000, 0x000000077b800000, 0x000000077ba00000|  0%| F|  |TAMS 0x000000077b800000, 0x000000077b800000| Untracked 
| 989|0x000000077ba00000, 0x000000077ba00000, 0x000000077bc00000|  0%| F|  |TAMS 0x000000077ba00000, 0x000000077ba00000| Untracked 
| 990|0x000000077bc00000, 0x000000077bc00000, 0x000000077be00000|  0%| F|  |TAMS 0x000000077bc00000, 0x000000077bc00000| Untracked 
| 991|0x000000077be00000, 0x000000077be00000, 0x000000077c000000|  0%| F|  |TAMS 0x000000077be00000, 0x000000077be00000| Untracked 
| 992|0x000000077c000000, 0x000000077c000000, 0x000000077c200000|  0%| F|  |TAMS 0x000000077c000000, 0x000000077c000000| Untracked 
| 993|0x000000077c200000, 0x000000077c200000, 0x000000077c400000|  0%| F|  |TAMS 0x000000077c200000, 0x000000077c200000| Untracked 
| 994|0x000000077c400000, 0x000000077c400000, 0x000000077c600000|  0%| F|  |TAMS 0x000000077c400000, 0x000000077c400000| Untracked 
| 995|0x000000077c600000, 0x000000077c600000, 0x000000077c800000|  0%| F|  |TAMS 0x000000077c600000, 0x000000077c600000| Untracked 
| 996|0x000000077c800000, 0x000000077c800000, 0x000000077ca00000|  0%| F|  |TAMS 0x000000077c800000, 0x000000077c800000| Untracked 
| 997|0x000000077ca00000, 0x000000077ca00000, 0x000000077cc00000|  0%| F|  |TAMS 0x000000077ca00000, 0x000000077ca00000| Untracked 
| 998|0x000000077cc00000, 0x000000077cc00000, 0x000000077ce00000|  0%| F|  |TAMS 0x000000077cc00000, 0x000000077cc00000| Untracked 
| 999|0x000000077ce00000, 0x000000077ce00000, 0x000000077d000000|  0%| F|  |TAMS 0x000000077ce00000, 0x000000077ce00000| Untracked 
|1000|0x000000077d000000, 0x000000077d000000, 0x000000077d200000|  0%| F|  |TAMS 0x000000077d000000, 0x000000077d000000| Untracked 
|1001|0x000000077d200000, 0x000000077d200000, 0x000000077d400000|  0%| F|  |TAMS 0x000000077d200000, 0x000000077d200000| Untracked 
|1002|0x000000077d400000, 0x000000077d400000, 0x000000077d600000|  0%| F|  |TAMS 0x000000077d400000, 0x000000077d400000| Untracked 
|1003|0x000000077d600000, 0x000000077d600000, 0x000000077d800000|  0%| F|  |TAMS 0x000000077d600000, 0x000000077d600000| Untracked 
|1004|0x000000077d800000, 0x000000077d800000, 0x000000077da00000|  0%| F|  |TAMS 0x000000077d800000, 0x000000077d800000| Untracked 
|1005|0x000000077da00000, 0x000000077da00000, 0x000000077dc00000|  0%| F|  |TAMS 0x000000077da00000, 0x000000077da00000| Untracked 
|1006|0x000000077dc00000, 0x000000077dc00000, 0x000000077de00000|  0%| F|  |TAMS 0x000000077dc00000, 0x000000077dc00000| Untracked 
|1007|0x000000077de00000, 0x000000077de00000, 0x000000077e000000|  0%| F|  |TAMS 0x000000077de00000, 0x000000077de00000| Untracked 
|1008|0x000000077e000000, 0x000000077e000000, 0x000000077e200000|  0%| F|  |TAMS 0x000000077e000000, 0x000000077e000000| Untracked 
|1009|0x000000077e200000, 0x000000077e200000, 0x000000077e400000|  0%| F|  |TAMS 0x000000077e200000, 0x000000077e200000| Untracked 
|1010|0x000000077e400000, 0x000000077e400000, 0x000000077e600000|  0%| F|  |TAMS 0x000000077e400000, 0x000000077e400000| Untracked 
|1011|0x000000077e600000, 0x000000077e600000, 0x000000077e800000|  0%| F|  |TAMS 0x000000077e600000, 0x000000077e600000| Untracked 
|1012|0x000000077e800000, 0x000000077e800000, 0x000000077ea00000|  0%| F|  |TAMS 0x000000077e800000, 0x000000077e800000| Untracked 
|1013|0x000000077ea00000, 0x000000077ea00000, 0x000000077ec00000|  0%| F|  |TAMS 0x000000077ea00000, 0x000000077ea00000| Untracked 
|1014|0x000000077ec00000, 0x000000077ec00000, 0x000000077ee00000|  0%| F|  |TAMS 0x000000077ec00000, 0x000000077ec00000| Untracked 
|1015|0x000000077ee00000, 0x000000077ee00000, 0x000000077f000000|  0%| F|  |TAMS 0x000000077ee00000, 0x000000077ee00000| Untracked 
|1016|0x000000077f000000, 0x000000077f000000, 0x000000077f200000|  0%| F|  |TAMS 0x000000077f000000, 0x000000077f000000| Untracked 
|1017|0x000000077f200000, 0x000000077f200000, 0x000000077f400000|  0%| F|  |TAMS 0x000000077f200000, 0x000000077f200000| Untracked 
|1018|0x000000077f400000, 0x000000077f400000, 0x000000077f600000|  0%| F|  |TAMS 0x000000077f400000, 0x000000077f400000| Untracked 
|1019|0x000000077f600000, 0x000000077f600000, 0x000000077f800000|  0%| F|  |TAMS 0x000000077f600000, 0x000000077f600000| Untracked 
|1020|0x000000077f800000, 0x000000077f800000, 0x000000077fa00000|  0%| F|  |TAMS 0x000000077f800000, 0x000000077f800000| Untracked 
|1021|0x000000077fa00000, 0x000000077fa00000, 0x000000077fc00000|  0%| F|  |TAMS 0x000000077fa00000, 0x000000077fa00000| Untracked 
|1022|0x000000077fc00000, 0x000000077fc00000, 0x000000077fe00000|  0%| F|  |TAMS 0x000000077fc00000, 0x000000077fc00000| Untracked 
|1023|0x000000077fe00000, 0x000000077fe00000, 0x0000000780000000|  0%| F|  |TAMS 0x000000077fe00000, 0x000000077fe00000| Untracked 
|1024|0x0000000780000000, 0x0000000780000000, 0x0000000780200000|  0%| F|  |TAMS 0x0000000780000000, 0x0000000780000000| Untracked 
|1025|0x0000000780200000, 0x0000000780200000, 0x0000000780400000|  0%| F|  |TAMS 0x0000000780200000, 0x0000000780200000| Untracked 
|1026|0x0000000780400000, 0x0000000780400000, 0x0000000780600000|  0%| F|  |TAMS 0x0000000780400000, 0x0000000780400000| Untracked 
|1027|0x0000000780600000, 0x0000000780600000, 0x0000000780800000|  0%| F|  |TAMS 0x0000000780600000, 0x0000000780600000| Untracked 
|1028|0x0000000780800000, 0x0000000780800000, 0x0000000780a00000|  0%| F|  |TAMS 0x0000000780800000, 0x0000000780800000| Untracked 
|1029|0x0000000780a00000, 0x0000000780a00000, 0x0000000780c00000|  0%| F|  |TAMS 0x0000000780a00000, 0x0000000780a00000| Untracked 
|1030|0x0000000780c00000, 0x0000000780c00000, 0x0000000780e00000|  0%| F|  |TAMS 0x0000000780c00000, 0x0000000780c00000| Untracked 
|1031|0x0000000780e00000, 0x0000000780e00000, 0x0000000781000000|  0%| F|  |TAMS 0x0000000780e00000, 0x0000000780e00000| Untracked 
|1032|0x0000000781000000, 0x0000000781000000, 0x0000000781200000|  0%| F|  |TAMS 0x0000000781000000, 0x0000000781000000| Untracked 
|1033|0x0000000781200000, 0x0000000781200000, 0x0000000781400000|  0%| F|  |TAMS 0x0000000781200000, 0x0000000781200000| Untracked 
|1034|0x0000000781400000, 0x0000000781400000, 0x0000000781600000|  0%| F|  |TAMS 0x0000000781400000, 0x0000000781400000| Untracked 
|1035|0x0000000781600000, 0x0000000781600000, 0x0000000781800000|  0%| F|  |TAMS 0x0000000781600000, 0x0000000781600000| Untracked 
|1036|0x0000000781800000, 0x0000000781800000, 0x0000000781a00000|  0%| F|  |TAMS 0x0000000781800000, 0x0000000781800000| Untracked 
|1037|0x0000000781a00000, 0x0000000781a00000, 0x0000000781c00000|  0%| F|  |TAMS 0x0000000781a00000, 0x0000000781a00000| Untracked 
|1038|0x0000000781c00000, 0x0000000781c00000, 0x0000000781e00000|  0%| F|  |TAMS 0x0000000781c00000, 0x0000000781c00000| Untracked 
|1039|0x0000000781e00000, 0x0000000781e00000, 0x0000000782000000|  0%| F|  |TAMS 0x0000000781e00000, 0x0000000781e00000| Untracked 
|1040|0x0000000782000000, 0x0000000782000000, 0x0000000782200000|  0%| F|  |TAMS 0x0000000782000000, 0x0000000782000000| Untracked 
|1041|0x0000000782200000, 0x0000000782200000, 0x0000000782400000|  0%| F|  |TAMS 0x0000000782200000, 0x0000000782200000| Untracked 
|1042|0x0000000782400000, 0x0000000782400000, 0x0000000782600000|  0%| F|  |TAMS 0x0000000782400000, 0x0000000782400000| Untracked 
|1043|0x0000000782600000, 0x0000000782600000, 0x0000000782800000|  0%| F|  |TAMS 0x0000000782600000, 0x0000000782600000| Untracked 
|1044|0x0000000782800000, 0x0000000782800000, 0x0000000782a00000|  0%| F|  |TAMS 0x0000000782800000, 0x0000000782800000| Untracked 
|1045|0x0000000782a00000, 0x0000000782a5e6b8, 0x0000000782c00000| 18%| E|  |TAMS 0x0000000782a00000, 0x0000000782a00000| Complete 
|1046|0x0000000782c00000, 0x0000000782e00000, 0x0000000782e00000|100%| E|CS|TAMS 0x0000000782c00000, 0x0000000782c00000| Complete 
|1047|0x0000000782e00000, 0x0000000783000000, 0x0000000783000000|100%| E|CS|TAMS 0x0000000782e00000, 0x0000000782e00000| Complete 
|1048|0x0000000783000000, 0x0000000783200000, 0x0000000783200000|100%| E|CS|TAMS 0x0000000783000000, 0x0000000783000000| Complete 
|1049|0x0000000783200000, 0x0000000783400000, 0x0000000783400000|100%| E|CS|TAMS 0x0000000783200000, 0x0000000783200000| Complete 
|1050|0x0000000783400000, 0x0000000783600000, 0x0000000783600000|100%| E|CS|TAMS 0x0000000783400000, 0x0000000783400000| Complete 
|1051|0x0000000783600000, 0x0000000783800000, 0x0000000783800000|100%| E|CS|TAMS 0x0000000783600000, 0x0000000783600000| Complete 
|1052|0x0000000783800000, 0x0000000783a00000, 0x0000000783a00000|100%| E|CS|TAMS 0x0000000783800000, 0x0000000783800000| Complete 
|1053|0x0000000783a00000, 0x0000000783c00000, 0x0000000783c00000|100%| E|CS|TAMS 0x0000000783a00000, 0x0000000783a00000| Complete 
|1054|0x0000000783c00000, 0x0000000783e00000, 0x0000000783e00000|100%| E|CS|TAMS 0x0000000783c00000, 0x0000000783c00000| Complete 
|1055|0x0000000783e00000, 0x0000000784000000, 0x0000000784000000|100%| E|CS|TAMS 0x0000000783e00000, 0x0000000783e00000| Complete 
|1056|0x0000000784000000, 0x0000000784200000, 0x0000000784200000|100%| E|CS|TAMS 0x0000000784000000, 0x0000000784000000| Complete 
|1057|0x0000000784200000, 0x0000000784400000, 0x0000000784400000|100%| E|CS|TAMS 0x0000000784200000, 0x0000000784200000| Complete 
|1058|0x0000000784400000, 0x0000000784600000, 0x0000000784600000|100%| E|CS|TAMS 0x0000000784400000, 0x0000000784400000| Complete 
|1059|0x0000000784600000, 0x0000000784800000, 0x0000000784800000|100%| E|CS|TAMS 0x0000000784600000, 0x0000000784600000| Complete 
|1060|0x0000000784800000, 0x0000000784a00000, 0x0000000784a00000|100%| E|CS|TAMS 0x0000000784800000, 0x0000000784800000| Complete 
|1061|0x0000000784a00000, 0x0000000784c00000, 0x0000000784c00000|100%| E|CS|TAMS 0x0000000784a00000, 0x0000000784a00000| Complete 
|1062|0x0000000784c00000, 0x0000000784e00000, 0x0000000784e00000|100%| E|CS|TAMS 0x0000000784c00000, 0x0000000784c00000| Complete 
|1063|0x0000000784e00000, 0x0000000785000000, 0x0000000785000000|100%| E|CS|TAMS 0x0000000784e00000, 0x0000000784e00000| Complete 
|1064|0x0000000785000000, 0x0000000785200000, 0x0000000785200000|100%| E|CS|TAMS 0x0000000785000000, 0x0000000785000000| Complete 
|1065|0x0000000785200000, 0x0000000785400000, 0x0000000785400000|100%| E|CS|TAMS 0x0000000785200000, 0x0000000785200000| Complete 
|1066|0x0000000785400000, 0x0000000785600000, 0x0000000785600000|100%| E|CS|TAMS 0x0000000785400000, 0x0000000785400000| Complete 
|1067|0x0000000785600000, 0x0000000785800000, 0x0000000785800000|100%| E|CS|TAMS 0x0000000785600000, 0x0000000785600000| Complete 
|1068|0x0000000785800000, 0x0000000785a00000, 0x0000000785a00000|100%| E|CS|TAMS 0x0000000785800000, 0x0000000785800000| Complete 
|1069|0x0000000785a00000, 0x0000000785c00000, 0x0000000785c00000|100%|HS|  |TAMS 0x0000000785a00000, 0x0000000785c00000| Complete 
|1070|0x0000000785c00000, 0x0000000785e00000, 0x0000000785e00000|100%|HC|  |TAMS 0x0000000785c00000, 0x0000000785e00000| Complete 
|1071|0x0000000785e00000, 0x0000000786000000, 0x0000000786000000|100%|HC|  |TAMS 0x0000000785e00000, 0x0000000786000000| Complete 
|1072|0x0000000786000000, 0x0000000786200000, 0x0000000786200000|100%|HC|  |TAMS 0x0000000786000000, 0x0000000786200000| Complete 
|1073|0x0000000786200000, 0x0000000786400000, 0x0000000786400000|100%|HC|  |TAMS 0x0000000786200000, 0x0000000786400000| Complete 
|1074|0x0000000786400000, 0x0000000786600000, 0x0000000786600000|100%|HC|  |TAMS 0x0000000786400000, 0x0000000786600000| Complete 
|1075|0x0000000786600000, 0x0000000786800000, 0x0000000786800000|100%|HC|  |TAMS 0x0000000786600000, 0x0000000786800000| Complete 
|1076|0x0000000786800000, 0x0000000786a00000, 0x0000000786a00000|100%|HC|  |TAMS 0x0000000786800000, 0x0000000786a00000| Complete 
|1077|0x0000000786a00000, 0x0000000786c00000, 0x0000000786c00000|100%|HC|  |TAMS 0x0000000786a00000, 0x0000000786c00000| Complete 
|1078|0x0000000786c00000, 0x0000000786e00000, 0x0000000786e00000|100%|HC|  |TAMS 0x0000000786c00000, 0x0000000786e00000| Complete 
|1079|0x0000000786e00000, 0x0000000787000000, 0x0000000787000000|100%|HC|  |TAMS 0x0000000786e00000, 0x0000000787000000| Complete 
|1080|0x0000000787000000, 0x0000000787200000, 0x0000000787200000|100%|HC|  |TAMS 0x0000000787000000, 0x0000000787200000| Complete 
|1081|0x0000000787200000, 0x0000000787400000, 0x0000000787400000|100%|HC|  |TAMS 0x0000000787200000, 0x0000000787400000| Complete 
|1082|0x0000000787400000, 0x0000000787600000, 0x0000000787600000|100%|HC|  |TAMS 0x0000000787400000, 0x0000000787600000| Complete 
|1083|0x0000000787600000, 0x0000000787800000, 0x0000000787800000|100%|HC|  |TAMS 0x0000000787600000, 0x0000000787800000| Complete 
|1084|0x0000000787800000, 0x0000000787a00000, 0x0000000787a00000|100%|HC|  |TAMS 0x0000000787800000, 0x0000000787a00000| Complete 
|1085|0x0000000787a00000, 0x0000000787c00000, 0x0000000787c00000|100%|HC|  |TAMS 0x0000000787a00000, 0x0000000787c00000| Complete 
|1086|0x0000000787c00000, 0x0000000787e00000, 0x0000000787e00000|100%|HC|  |TAMS 0x0000000787c00000, 0x0000000787e00000| Complete 
|1087|0x0000000787e00000, 0x0000000788000000, 0x0000000788000000|100%|HC|  |TAMS 0x0000000787e00000, 0x0000000788000000| Complete 
|1088|0x0000000788000000, 0x0000000788200000, 0x0000000788200000|100%|HC|  |TAMS 0x0000000788000000, 0x0000000788200000| Complete 
|1089|0x0000000788200000, 0x0000000788400000, 0x0000000788400000|100%|HC|  |TAMS 0x0000000788200000, 0x0000000788400000| Complete 
|1090|0x0000000788400000, 0x0000000788600000, 0x0000000788600000|100%|HC|  |TAMS 0x0000000788400000, 0x0000000788600000| Complete 
|1091|0x0000000788600000, 0x0000000788800000, 0x0000000788800000|100%|HC|  |TAMS 0x0000000788600000, 0x0000000788800000| Complete 
|1092|0x0000000788800000, 0x0000000788a00000, 0x0000000788a00000|100%|HC|  |TAMS 0x0000000788800000, 0x0000000788a00000| Complete 
|1093|0x0000000788a00000, 0x0000000788c00000, 0x0000000788c00000|100%|HC|  |TAMS 0x0000000788a00000, 0x0000000788c00000| Complete 
|1094|0x0000000788c00000, 0x0000000788e00000, 0x0000000788e00000|100%|HC|  |TAMS 0x0000000788c00000, 0x0000000788e00000| Complete 
|1095|0x0000000788e00000, 0x0000000789000000, 0x0000000789000000|100%|HC|  |TAMS 0x0000000788e00000, 0x0000000789000000| Complete 
|1096|0x0000000789000000, 0x0000000789200000, 0x0000000789200000|100%|HC|  |TAMS 0x0000000789000000, 0x0000000789200000| Complete 
|1097|0x0000000789200000, 0x0000000789400000, 0x0000000789400000|100%|HC|  |TAMS 0x0000000789200000, 0x0000000789400000| Complete 
|1098|0x0000000789400000, 0x0000000789600000, 0x0000000789600000|100%|HC|  |TAMS 0x0000000789400000, 0x0000000789600000| Complete 
|1099|0x0000000789600000, 0x0000000789800000, 0x0000000789800000|100%|HC|  |TAMS 0x0000000789600000, 0x0000000789800000| Complete 
|1100|0x0000000789800000, 0x0000000789a00000, 0x0000000789a00000|100%|HC|  |TAMS 0x0000000789800000, 0x0000000789a00000| Complete 
|1101|0x0000000789a00000, 0x0000000789c00000, 0x0000000789c00000|100%|HC|  |TAMS 0x0000000789a00000, 0x0000000789c00000| Complete 
|1102|0x0000000789c00000, 0x0000000789e00000, 0x0000000789e00000|100%|HC|  |TAMS 0x0000000789c00000, 0x0000000789e00000| Complete 
|1103|0x0000000789e00000, 0x000000078a000000, 0x000000078a000000|100%|HC|  |TAMS 0x0000000789e00000, 0x000000078a000000| Complete 
|1104|0x000000078a000000, 0x000000078a200000, 0x000000078a200000|100%|HC|  |TAMS 0x000000078a000000, 0x000000078a200000| Complete 
|1105|0x000000078a200000, 0x000000078a400000, 0x000000078a400000|100%|HC|  |TAMS 0x000000078a200000, 0x000000078a400000| Complete 
|1106|0x000000078a400000, 0x000000078a600000, 0x000000078a600000|100%|HC|  |TAMS 0x000000078a400000, 0x000000078a600000| Complete 
|1107|0x000000078a600000, 0x000000078a800000, 0x000000078a800000|100%|HC|  |TAMS 0x000000078a600000, 0x000000078a800000| Complete 
|1108|0x000000078a800000, 0x000000078aa00000, 0x000000078aa00000|100%|HC|  |TAMS 0x000000078a800000, 0x000000078aa00000| Complete 
|1109|0x000000078aa00000, 0x000000078ac00000, 0x000000078ac00000|100%|HC|  |TAMS 0x000000078aa00000, 0x000000078ac00000| Complete 
|1110|0x000000078ac00000, 0x000000078ae00000, 0x000000078ae00000|100%|HC|  |TAMS 0x000000078ac00000, 0x000000078ae00000| Complete 
|1111|0x000000078ae00000, 0x000000078b000000, 0x000000078b000000|100%|HC|  |TAMS 0x000000078ae00000, 0x000000078b000000| Complete 
|1112|0x000000078b000000, 0x000000078b200000, 0x000000078b200000|100%|HC|  |TAMS 0x000000078b000000, 0x000000078b200000| Complete 
|1113|0x000000078b200000, 0x000000078b400000, 0x000000078b400000|100%|HC|  |TAMS 0x000000078b200000, 0x000000078b400000| Complete 
|1114|0x000000078b400000, 0x000000078b600000, 0x000000078b600000|100%|HC|  |TAMS 0x000000078b400000, 0x000000078b600000| Complete 
|1115|0x000000078b600000, 0x000000078b800000, 0x000000078b800000|100%| E|CS|TAMS 0x000000078b600000, 0x000000078b600000| Complete 
|1116|0x000000078b800000, 0x000000078ba00000, 0x000000078ba00000|100%| E|CS|TAMS 0x000000078b800000, 0x000000078b800000| Complete 
|1117|0x000000078ba00000, 0x000000078bc00000, 0x000000078bc00000|100%| E|CS|TAMS 0x000000078ba00000, 0x000000078ba00000| Complete 
|1118|0x000000078bc00000, 0x000000078be00000, 0x000000078be00000|100%| E|CS|TAMS 0x000000078bc00000, 0x000000078bc00000| Complete 
|1119|0x000000078be00000, 0x000000078c000000, 0x000000078c000000|100%| E|CS|TAMS 0x000000078be00000, 0x000000078be00000| Complete 
|1120|0x000000078c000000, 0x000000078c200000, 0x000000078c200000|100%| E|CS|TAMS 0x000000078c000000, 0x000000078c000000| Complete 
|1121|0x000000078c200000, 0x000000078c400000, 0x000000078c400000|100%| E|CS|TAMS 0x000000078c200000, 0x000000078c200000| Complete 
|1122|0x000000078c400000, 0x000000078c600000, 0x000000078c600000|100%| E|CS|TAMS 0x000000078c400000, 0x000000078c400000| Complete 
|1123|0x000000078c600000, 0x000000078c800000, 0x000000078c800000|100%| E|CS|TAMS 0x000000078c600000, 0x000000078c600000| Complete 
|1124|0x000000078c800000, 0x000000078ca00000, 0x000000078ca00000|100%| E|CS|TAMS 0x000000078c800000, 0x000000078c800000| Complete 
|1125|0x000000078ca00000, 0x000000078cc00000, 0x000000078cc00000|100%| E|CS|TAMS 0x000000078ca00000, 0x000000078ca00000| Complete 
|1126|0x000000078cc00000, 0x000000078ce00000, 0x000000078ce00000|100%| E|CS|TAMS 0x000000078cc00000, 0x000000078cc00000| Complete 
|1127|0x000000078ce00000, 0x000000078d000000, 0x000000078d000000|100%| E|CS|TAMS 0x000000078ce00000, 0x000000078ce00000| Complete 
|1128|0x000000078d000000, 0x000000078d200000, 0x000000078d200000|100%| E|CS|TAMS 0x000000078d000000, 0x000000078d000000| Complete 
|1129|0x000000078d200000, 0x000000078d400000, 0x000000078d400000|100%| E|CS|TAMS 0x000000078d200000, 0x000000078d200000| Complete 
|1130|0x000000078d400000, 0x000000078d600000, 0x000000078d600000|100%| E|CS|TAMS 0x000000078d400000, 0x000000078d400000| Complete 
|1131|0x000000078d600000, 0x000000078d800000, 0x000000078d800000|100%| E|CS|TAMS 0x000000078d600000, 0x000000078d600000| Complete 
|1132|0x000000078d800000, 0x000000078da00000, 0x000000078da00000|100%| E|CS|TAMS 0x000000078d800000, 0x000000078d800000| Complete 
|1133|0x000000078da00000, 0x000000078dc00000, 0x000000078dc00000|100%| E|CS|TAMS 0x000000078da00000, 0x000000078da00000| Complete 
|1134|0x000000078dc00000, 0x000000078de00000, 0x000000078de00000|100%| E|CS|TAMS 0x000000078dc00000, 0x000000078dc00000| Complete 
|1135|0x000000078de00000, 0x000000078e000000, 0x000000078e000000|100%| E|CS|TAMS 0x000000078de00000, 0x000000078de00000| Complete 
|1136|0x000000078e000000, 0x000000078e200000, 0x000000078e200000|100%| E|CS|TAMS 0x000000078e000000, 0x000000078e000000| Complete 
|1137|0x000000078e200000, 0x000000078e400000, 0x000000078e400000|100%| E|CS|TAMS 0x000000078e200000, 0x000000078e200000| Complete 
|1138|0x000000078e400000, 0x000000078e600000, 0x000000078e600000|100%| E|CS|TAMS 0x000000078e400000, 0x000000078e400000| Complete 
|1139|0x000000078e600000, 0x000000078e800000, 0x000000078e800000|100%| E|CS|TAMS 0x000000078e600000, 0x000000078e600000| Complete 
|1140|0x000000078e800000, 0x000000078ea00000, 0x000000078ea00000|100%| E|CS|TAMS 0x000000078e800000, 0x000000078e800000| Complete 
|1141|0x000000078ea00000, 0x000000078ec00000, 0x000000078ec00000|100%| E|CS|TAMS 0x000000078ea00000, 0x000000078ea00000| Complete 
|1142|0x000000078ec00000, 0x000000078ee00000, 0x000000078ee00000|100%| E|CS|TAMS 0x000000078ec00000, 0x000000078ec00000| Complete 
|1143|0x000000078ee00000, 0x000000078f000000, 0x000000078f000000|100%| E|CS|TAMS 0x000000078ee00000, 0x000000078ee00000| Complete 
|1144|0x000000078f000000, 0x000000078f200000, 0x000000078f200000|100%| E|CS|TAMS 0x000000078f000000, 0x000000078f000000| Complete 
|1145|0x000000078f200000, 0x000000078f400000, 0x000000078f400000|100%| E|CS|TAMS 0x000000078f200000, 0x000000078f200000| Complete 
|1146|0x000000078f400000, 0x000000078f600000, 0x000000078f600000|100%| E|CS|TAMS 0x000000078f400000, 0x000000078f400000| Complete 
|1147|0x000000078f600000, 0x000000078f800000, 0x000000078f800000|100%| E|CS|TAMS 0x000000078f600000, 0x000000078f600000| Complete 
|1148|0x000000078f800000, 0x000000078fa00000, 0x000000078fa00000|100%| E|CS|TAMS 0x000000078f800000, 0x000000078f800000| Complete 
|1149|0x000000078fa00000, 0x000000078fc00000, 0x000000078fc00000|100%| E|CS|TAMS 0x000000078fa00000, 0x000000078fa00000| Complete 
|1150|0x000000078fc00000, 0x000000078fe00000, 0x000000078fe00000|100%| E|CS|TAMS 0x000000078fc00000, 0x000000078fc00000| Complete 
|1151|0x000000078fe00000, 0x0000000790000000, 0x0000000790000000|100%| E|CS|TAMS 0x000000078fe00000, 0x000000078fe00000| Complete 
|1152|0x0000000790000000, 0x0000000790200000, 0x0000000790200000|100%| E|CS|TAMS 0x0000000790000000, 0x0000000790000000| Complete 
|1153|0x0000000790200000, 0x0000000790400000, 0x0000000790400000|100%| E|CS|TAMS 0x0000000790200000, 0x0000000790200000| Complete 
|1154|0x0000000790400000, 0x0000000790600000, 0x0000000790600000|100%| E|CS|TAMS 0x0000000790400000, 0x0000000790400000| Complete 
|1155|0x0000000790600000, 0x0000000790800000, 0x0000000790800000|100%| E|CS|TAMS 0x0000000790600000, 0x0000000790600000| Complete 
|1156|0x0000000790800000, 0x0000000790a00000, 0x0000000790a00000|100%| E|CS|TAMS 0x0000000790800000, 0x0000000790800000| Complete 
|1157|0x0000000790a00000, 0x0000000790c00000, 0x0000000790c00000|100%| E|CS|TAMS 0x0000000790a00000, 0x0000000790a00000| Complete 
|1158|0x0000000790c00000, 0x0000000790e00000, 0x0000000790e00000|100%| E|CS|TAMS 0x0000000790c00000, 0x0000000790c00000| Complete 
|1159|0x0000000790e00000, 0x0000000791000000, 0x0000000791000000|100%| E|CS|TAMS 0x0000000790e00000, 0x0000000790e00000| Complete 
|1160|0x0000000791000000, 0x0000000791200000, 0x0000000791200000|100%| E|CS|TAMS 0x0000000791000000, 0x0000000791000000| Complete 
|1161|0x0000000791200000, 0x0000000791400000, 0x0000000791400000|100%| E|CS|TAMS 0x0000000791200000, 0x0000000791200000| Complete 
|1162|0x0000000791400000, 0x0000000791600000, 0x0000000791600000|100%| E|CS|TAMS 0x0000000791400000, 0x0000000791400000| Complete 
|1163|0x0000000791600000, 0x0000000791800000, 0x0000000791800000|100%| E|CS|TAMS 0x0000000791600000, 0x0000000791600000| Complete 
|1164|0x0000000791800000, 0x0000000791a00000, 0x0000000791a00000|100%| E|CS|TAMS 0x0000000791800000, 0x0000000791800000| Complete 

Card table byte_map: [0x0000013f9fc70000,0x0000013fa0470000] _byte_map_base: 0x0000013f9c470000

Marking Bits (Prev, Next): (CMBitMap*) 0x0000013f86b97690, (CMBitMap*) 0x0000013f86b976d0
 Prev Bits: [0x0000013fa0c70000, 0x0000013fa4c70000)
 Next Bits: [0x0000013fa4c70000, 0x0000013fa8c70000)

Polling page: 0x0000013f868a0000

Metaspace:

Usage:
  Non-class:    221.88 MB used.
      Class:     33.43 MB used.
       Both:    255.31 MB used.

Virtual space:
  Non-class space:      256.00 MB reserved,     224.50 MB ( 88%) committed,  4 nodes.
      Class space:      832.00 MB reserved,      35.56 MB (  4%) committed,  1 nodes.
             Both:        1.06 GB reserved,     260.06 MB ( 24%) committed. 

Chunk freelists:
   Non-Class:  15.31 MB
       Class:  12.48 MB
        Both:  27.80 MB

MaxMetaspaceSize: 1.00 GB
CompressedClassSpaceSize: 832.00 MB
Initial GC threshold: 21.00 MB
Current GC threshold: 372.94 MB
CDS: on
MetaspaceReclaimPolicy: balanced
 - commit_granule_bytes: 65536.
 - commit_granule_words: 8192.
 - virtual_space_node_default_size: 8388608.
 - enlarge_chunks_in_place: 1.
 - new_chunks_are_fully_committed: 0.
 - uncommit_free_chunks: 1.
 - use_allocation_guard: 0.
 - handle_deallocations: 1.


Internal statistics:

num_allocs_failed_limit: 45.
num_arena_births: 6408.
num_arena_deaths: 96.
num_vsnodes_births: 5.
num_vsnodes_deaths: 0.
num_space_committed: 4169.
num_space_uncommitted: 11.
num_chunks_returned_to_freelist: 240.
num_chunks_taken_from_freelist: 19873.
num_chunk_merges: 82.
num_chunk_splits: 12314.
num_chunks_enlarged: 6952.
num_inconsistent_stats: 0.

CodeHeap 'non-profiled nmethods': size=120000Kb used=48252Kb max_used=48313Kb free=71747Kb
 bounds [0x0000013f974e0000, 0x0000013f9a410000, 0x0000013f9ea10000]
CodeHeap 'profiled nmethods': size=120000Kb used=94399Kb max_used=95793Kb free=25600Kb
 bounds [0x0000013f8fa10000, 0x0000013f957b0000, 0x0000013f96f40000]
CodeHeap 'non-nmethods': size=5760Kb used=2604Kb max_used=2687Kb free=3155Kb
 bounds [0x0000013f96f40000, 0x0000013f971f0000, 0x0000013f974e0000]
 total_blobs=47759 nmethods=46621 adapters=1046
 compilation: enabled
              stopped_count=0, restarted_count=0
 full_count=0

Compilation events (20 events):
Event: 2711.573 Thread 0x0000013fe5c3bb30 nmethod 61396 0x0000013f9764cc10 code [0x0000013f9764cd80, 0x0000013f9764ce58]
Event: 2711.574 Thread 0x0000013fe5c3bb30 61399       4       com.android.tools.r8.internal.y50::a (460 bytes)
Event: 2711.578 Thread 0x0000013fe5c3f050 nmethod 61398 0x0000013f9a101010 code [0x0000013f9a1011a0, 0x0000013f9a101658]
Event: 2711.578 Thread 0x0000013fe5c3f050 61404       4       com.android.tools.r8.internal.P5::E (80 bytes)
Event: 2711.580 Thread 0x0000013fab8b33d0 nmethod 61397 0x0000013f99c65b90 code [0x0000013f99c65d60, 0x0000013f99c66258]
Event: 2711.580 Thread 0x0000013fab8b33d0 61405       4       com.android.tools.r8.internal.Mv0::a (142 bytes)
Event: 2711.583 Thread 0x0000013fe5c3f050 nmethod 61404 0x0000013f99e3dd90 code [0x0000013f99e3df80, 0x0000013f99e3e3a8]
Event: 2711.583 Thread 0x0000013fe5c3f050 61406       4       com.android.tools.r8.internal.LH::remove (1708 bytes)
Event: 2711.597 Thread 0x0000013fab8bbda0 61424       3       com.android.tools.r8.internal.mD::<init> (15 bytes)
Event: 2711.597 Thread 0x0000013fab8bbda0 nmethod 61424 0x0000013f90a45510 code [0x0000013f90a456a0, 0x0000013f90a45878]
Event: 2711.627 Thread 0x0000013fe5c3bb30 nmethod 61399 0x0000013f9a0d7310 code [0x0000013f9a0d7640, 0x0000013f9a0d90b0]
Event: 2711.628 Thread 0x0000013fe5c3bb30 61407       4       com.android.tools.r8.internal.IR::a (95 bytes)
Event: 2711.631 Thread 0x0000013fe5c3bb30 nmethod 61407 0x0000013f9a0d6c10 code [0x0000013f9a0d6dc0, 0x0000013f9a0d7030]
Event: 2711.631 Thread 0x0000013fe5c3bb30 61415       4       com.android.tools.r8.internal.cb::<init> (31 bytes)
Event: 2711.635 Thread 0x0000013fe5c3bb30 nmethod 61415 0x0000013f9922f410 code [0x0000013f9922f5c0, 0x0000013f9922fa78]
Event: 2711.635 Thread 0x0000013fe5c3bb30 61417       4       com.android.tools.r8.internal.Uv0::a (76 bytes)
Event: 2711.673 Thread 0x0000013fab8b33d0 nmethod 61405 0x0000013f981c0a90 code [0x0000013f981c0d60, 0x0000013f981c3750]
Event: 2711.674 Thread 0x0000013fab8b33d0 61416       4       com.android.tools.r8.internal.y50::a (73 bytes)
Event: 2711.687 Thread 0x0000013fab8b33d0 nmethod 61416 0x0000013f9a127a10 code [0x0000013f9a127bc0, 0x0000013f9a128388]
Event: 2711.687 Thread 0x0000013fab8b33d0 61401       4       com.android.tools.r8.internal.ZD::U0 (235 bytes)

GC Heap History (20 events):
Event: 2653.706 GC heap before
{Heap before GC invocations=81 (full 0):
 garbage-first heap   total 1746944K, used 744104K [0x0000000700000000, 0x0000000800000000)
  region size 2048K, 42 young (86016K), 6 survivors (12288K)
 Metaspace       used 207254K, committed 210816K, reserved 1048576K
  class space    used 27603K, committed 29248K, reserved 851968K
}
Event: 2653.778 GC heap after
{Heap after GC invocations=82 (full 0):
 garbage-first heap   total 1746944K, used 643072K [0x0000000700000000, 0x0000000800000000)
  region size 2048K, 6 young (12288K), 6 survivors (12288K)
 Metaspace       used 207254K, committed 210816K, reserved 1048576K
  class space    used 27603K, committed 29248K, reserved 851968K
}
Event: 2662.606 GC heap before
{Heap before GC invocations=82 (full 0):
 garbage-first heap   total 1746944K, used 1374208K [0x0000000700000000, 0x0000000800000000)
  region size 2048K, 364 young (745472K), 6 survivors (12288K)
 Metaspace       used 223812K, committed 228096K, reserved 1048576K
  class space    used 29749K, committed 31680K, reserved 851968K
}
Event: 2662.802 GC heap after
{Heap after GC invocations=83 (full 0):
 garbage-first heap   total 1988608K, used 755712K [0x0000000700000000, 0x0000000800000000)
  region size 2048K, 46 young (94208K), 46 survivors (94208K)
 Metaspace       used 223812K, committed 228096K, reserved 1048576K
  class space    used 29749K, committed 31680K, reserved 851968K
}
Event: 2665.736 GC heap before
{Heap before GC invocations=84 (full 0):
 garbage-first heap   total 1988608K, used 1236991K [0x0000000700000000, 0x0000000800000000)
  region size 2048K, 198 young (405504K), 46 survivors (94208K)
 Metaspace       used 225172K, committed 229568K, reserved 1114112K
  class space    used 29936K, committed 31936K, reserved 851968K
}
Event: 2665.886 GC heap after
{Heap after GC invocations=85 (full 0):
 garbage-first heap   total 1988608K, used 795125K [0x0000000700000000, 0x0000000800000000)
  region size 2048K, 14 young (28672K), 14 survivors (28672K)
 Metaspace       used 225172K, committed 229568K, reserved 1114112K
  class space    used 29936K, committed 31936K, reserved 851968K
}
Event: 2667.576 GC heap before
{Heap before GC invocations=85 (full 0):
 garbage-first heap   total 1988608K, used 1102325K [0x0000000700000000, 0x0000000800000000)
  region size 2048K, 48 young (98304K), 14 survivors (28672K)
 Metaspace       used 225183K, committed 229568K, reserved 1114112K
  class space    used 29936K, committed 31936K, reserved 851968K
}
Event: 2667.615 GC heap after
{Heap after GC invocations=86 (full 0):
 garbage-first heap   total 1988608K, used 836608K [0x0000000700000000, 0x0000000800000000)
  region size 2048K, 6 young (12288K), 6 survivors (12288K)
 Metaspace       used 225183K, committed 229568K, reserved 1114112K
  class space    used 29936K, committed 31936K, reserved 851968K
}
Event: 2671.375 GC heap before
{Heap before GC invocations=86 (full 0):
 garbage-first heap   total 2385920K, used 2223104K [0x0000000700000000, 0x0000000800000000)
  region size 2048K, 64 young (131072K), 6 survivors (12288K)
 Metaspace       used 225183K, committed 229568K, reserved 1114112K
  class space    used 29936K, committed 31936K, reserved 851968K
}
Event: 2671.387 GC heap after
{Heap after GC invocations=87 (full 0):
 garbage-first heap   total 2385920K, used 1225728K [0x0000000700000000, 0x0000000800000000)
  region size 2048K, 17 young (34816K), 17 survivors (34816K)
 Metaspace       used 225183K, committed 229568K, reserved 1114112K
  class space    used 29936K, committed 31936K, reserved 851968K
}
Event: 2677.281 GC heap before
{Heap before GC invocations=87 (full 0):
 garbage-first heap   total 2385920K, used 2157568K [0x0000000700000000, 0x0000000800000000)
  region size 2048K, 342 young (700416K), 17 survivors (34816K)
 Metaspace       used 239814K, committed 244288K, reserved 1114112K
  class space    used 32065K, committed 34048K, reserved 851968K
}
Event: 2677.299 GC heap after
{Heap after GC invocations=88 (full 0):
 garbage-first heap   total 2385920K, used 1295976K [0x0000000700000000, 0x0000000800000000)
  region size 2048K, 28 young (57344K), 28 survivors (57344K)
 Metaspace       used 239814K, committed 244288K, reserved 1114112K
  class space    used 32065K, committed 34048K, reserved 851968K
}
Event: 2681.772 GC heap before
{Heap before GC invocations=88 (full 0):
 garbage-first heap   total 2385920K, used 1951336K [0x0000000700000000, 0x0000000800000000)
  region size 2048K, 342 young (700416K), 28 survivors (57344K)
 Metaspace       used 249767K, committed 254336K, reserved 1114112K
  class space    used 33319K, committed 35392K, reserved 851968K
}
Event: 2681.809 GC heap after
{Heap after GC invocations=89 (full 0):
 garbage-first heap   total 2385920K, used 1301185K [0x0000000700000000, 0x0000000800000000)
  region size 2048K, 15 young (30720K), 15 survivors (30720K)
 Metaspace       used 249767K, committed 254336K, reserved 1114112K
  class space    used 33319K, committed 35392K, reserved 851968K
}
Event: 2686.009 GC heap before
{Heap before GC invocations=89 (full 0):
 garbage-first heap   total 2385920K, used 1987265K [0x0000000700000000, 0x0000000800000000)
  region size 2048K, 340 young (696320K), 15 survivors (30720K)
 Metaspace       used 256418K, committed 261120K, reserved 1114112K
  class space    used 33812K, committed 35904K, reserved 851968K
}
Event: 2686.039 GC heap after
{Heap after GC invocations=90 (full 0):
 garbage-first heap   total 2385920K, used 1324759K [0x0000000700000000, 0x0000000800000000)
  region size 2048K, 24 young (49152K), 24 survivors (49152K)
 Metaspace       used 256418K, committed 261120K, reserved 1114112K
  class space    used 33812K, committed 35904K, reserved 851968K
}
Event: 2694.727 GC heap before
{Heap before GC invocations=90 (full 0):
 garbage-first heap   total 2385920K, used 1994455K [0x0000000700000000, 0x0000000800000000)
  region size 2048K, 347 young (710656K), 24 survivors (49152K)
 Metaspace       used 259823K, committed 264576K, reserved 1114112K
  class space    used 34104K, committed 36224K, reserved 851968K
}
Event: 2694.780 GC heap after
{Heap after GC invocations=91 (full 0):
 garbage-first heap   total 2385920K, used 1346716K [0x0000000700000000, 0x0000000800000000)
  region size 2048K, 32 young (65536K), 32 survivors (65536K)
 Metaspace       used 259823K, committed 264576K, reserved 1114112K
  class space    used 34104K, committed 36224K, reserved 851968K
}
Event: 2710.505 GC heap before
{Heap before GC invocations=91 (full 0):
 garbage-first heap   total 2385920K, used 2016412K [0x0000000700000000, 0x0000000800000000)
  region size 2048K, 351 young (718848K), 32 survivors (65536K)
 Metaspace       used 261248K, committed 266048K, reserved 1114112K
  class space    used 34204K, committed 36352K, reserved 851968K
}
Event: 2710.548 GC heap after
{Heap after GC invocations=92 (full 0):
 garbage-first heap   total 2385920K, used 1327844K [0x0000000700000000, 0x0000000800000000)
  region size 2048K, 17 young (34816K), 17 survivors (34816K)
 Metaspace       used 261248K, committed 266048K, reserved 1114112K
  class space    used 34204K, committed 36352K, reserved 851968K
}

Deoptimization events (20 events):
Event: 2711.206 Thread 0x0000013fea332ec0 DEOPT PACKING pc=0x0000013f99e0bfa8 sp=0x0000001d5f9f9f20
Event: 2711.206 Thread 0x0000013fea332ec0 DEOPT UNPACKING pc=0x0000013f96f95ba3 sp=0x0000001d5f9f9ea8 mode 2
Event: 2711.206 Thread 0x0000013fea332ec0 Uncommon trap: trap_request=0xffffffde fr.pc=0x0000013f99e0bfa8 relative=0x0000000000000488
Event: 2711.206 Thread 0x0000013fea332ec0 Uncommon trap: reason=class_check action=maybe_recompile pc=0x0000013f99e0bfa8 method=com.android.tools.r8.internal.U8.a(Lcom/android/tools/r8/internal/Ix;Lcom/android/tools/r8/internal/Ix;)Z @ 142 c2
Event: 2711.206 Thread 0x0000013fea332ec0 DEOPT PACKING pc=0x0000013f99e0bfa8 sp=0x0000001d5f9f9f20
Event: 2711.206 Thread 0x0000013fea332ec0 DEOPT UNPACKING pc=0x0000013f96f95ba3 sp=0x0000001d5f9f9ea8 mode 2
Event: 2711.206 Thread 0x0000013fea332ec0 Uncommon trap: trap_request=0xffffffde fr.pc=0x0000013f99e0bfa8 relative=0x0000000000000488
Event: 2711.206 Thread 0x0000013fea332ec0 Uncommon trap: reason=class_check action=maybe_recompile pc=0x0000013f99e0bfa8 method=com.android.tools.r8.internal.U8.a(Lcom/android/tools/r8/internal/Ix;Lcom/android/tools/r8/internal/Ix;)Z @ 142 c2
Event: 2711.206 Thread 0x0000013fea332ec0 DEOPT PACKING pc=0x0000013f99e0bfa8 sp=0x0000001d5f9f9f20
Event: 2711.206 Thread 0x0000013fea332ec0 DEOPT UNPACKING pc=0x0000013f96f95ba3 sp=0x0000001d5f9f9ea8 mode 2
Event: 2711.282 Thread 0x0000013fea332ec0 DEOPT PACKING pc=0x0000013f9567ddb7 sp=0x0000001d5f9f9970
Event: 2711.282 Thread 0x0000013fea332ec0 DEOPT UNPACKING pc=0x0000013f96f966e3 sp=0x0000001d5f9f8ef8 mode 0
Event: 2711.290 Thread 0x0000013fea332ec0 Uncommon trap: trap_request=0x000001fb fr.pc=0x0000013f9a31e014 relative=0x0000000000000774
Event: 2711.290 Thread 0x0000013fea332ec0 Uncommon trap: reason=unloaded action=reinterpret pc=0x0000013f9a31e014 method=com.android.tools.r8.internal.cr0.c(Lcom/android/tools/r8/internal/FA;)Z @ 364 c2
Event: 2711.292 Thread 0x0000013fea332ec0 DEOPT PACKING pc=0x0000013f9a31e014 sp=0x0000001d5f9f9de0
Event: 2711.292 Thread 0x0000013fea332ec0 DEOPT UNPACKING pc=0x0000013f96f95ba3 sp=0x0000001d5f9f9da8 mode 2
Event: 2711.320 Thread 0x0000013fea332ec0 Uncommon trap: trap_request=0xffffff45 fr.pc=0x0000013f9a3382a4 relative=0x0000000000002e24
Event: 2711.320 Thread 0x0000013fea332ec0 Uncommon trap: reason=unstable_if action=reinterpret pc=0x0000013f9a3382a4 method=com.android.tools.r8.internal.cr0.b(Lcom/android/tools/r8/internal/FA;)Lcom/android/tools/r8/internal/fe; @ 790 c2
Event: 2711.321 Thread 0x0000013fea332ec0 DEOPT PACKING pc=0x0000013f9a3382a4 sp=0x0000001d5f9f9ec0
Event: 2711.321 Thread 0x0000013fea332ec0 DEOPT UNPACKING pc=0x0000013f96f95ba3 sp=0x0000001d5f9f9e90 mode 2

Classes unloaded (20 events):
Event: 2649.512 Thread 0x0000013fab77fab0 Unloading class 0x0000013fae271800 'java/lang/invoke/LambdaForm$MH+0x0000013fae271800'
Event: 2649.512 Thread 0x0000013fab77fab0 Unloading class 0x0000013fae271400 'java/lang/invoke/LambdaForm$MH+0x0000013fae271400'
Event: 2649.512 Thread 0x0000013fab77fab0 Unloading class 0x0000013fae270800 'java/lang/invoke/LambdaForm$MH+0x0000013fae270800'
Event: 2649.512 Thread 0x0000013fab77fab0 Unloading class 0x0000013fae270000 'java/lang/invoke/LambdaForm$MH+0x0000013fae270000'
Event: 2649.512 Thread 0x0000013fab77fab0 Unloading class 0x0000013fae26f800 'java/lang/invoke/LambdaForm$MH+0x0000013fae26f800'
Event: 2649.512 Thread 0x0000013fab77fab0 Unloading class 0x0000013fae26f000 'java/lang/invoke/LambdaForm$MH+0x0000013fae26f000'
Event: 2649.512 Thread 0x0000013fab77fab0 Unloading class 0x0000013fae26e800 'java/lang/invoke/LambdaForm$MH+0x0000013fae26e800'
Event: 2649.512 Thread 0x0000013fab77fab0 Unloading class 0x0000013fae26e000 'java/lang/invoke/LambdaForm$MH+0x0000013fae26e000'
Event: 2649.512 Thread 0x0000013fab77fab0 Unloading class 0x0000013fae26d800 'java/lang/invoke/LambdaForm$MH+0x0000013fae26d800'
Event: 2649.512 Thread 0x0000013fab77fab0 Unloading class 0x0000013fae26d000 'java/lang/invoke/LambdaForm$MH+0x0000013fae26d000'
Event: 2649.512 Thread 0x0000013fab77fab0 Unloading class 0x0000013fae26cc00 'java/lang/invoke/LambdaForm$MH+0x0000013fae26cc00'
Event: 2649.512 Thread 0x0000013fab77fab0 Unloading class 0x0000013fae26c000 'java/lang/invoke/LambdaForm$MH+0x0000013fae26c000'
Event: 2649.512 Thread 0x0000013fab77fab0 Unloading class 0x0000013fae26b800 'java/lang/invoke/LambdaForm$MH+0x0000013fae26b800'
Event: 2649.512 Thread 0x0000013fab77fab0 Unloading class 0x0000013fae26b000 'java/lang/invoke/LambdaForm$MH+0x0000013fae26b000'
Event: 2649.512 Thread 0x0000013fab77fab0 Unloading class 0x0000013fae26a800 'java/lang/invoke/LambdaForm$MH+0x0000013fae26a800'
Event: 2649.512 Thread 0x0000013fab77fab0 Unloading class 0x0000013fae26a000 'java/lang/invoke/LambdaForm$MH+0x0000013fae26a000'
Event: 2649.512 Thread 0x0000013fab77fab0 Unloading class 0x0000013fae269800 'java/lang/invoke/LambdaForm$MH+0x0000013fae269800'
Event: 2649.512 Thread 0x0000013fab77fab0 Unloading class 0x0000013fae269400 'java/lang/invoke/LambdaForm$MH+0x0000013fae269400'
Event: 2649.512 Thread 0x0000013fab77fab0 Unloading class 0x0000013fae268800 'java/lang/invoke/LambdaForm$MH+0x0000013fae268800'
Event: 2649.512 Thread 0x0000013fab77fab0 Unloading class 0x0000013fae268000 'java/lang/invoke/LambdaForm$MH+0x0000013fae268000'

Classes redefined (0 events):
No events

Internal exceptions (20 events):
Event: 2710.614 Thread 0x0000013ff130c060 Exception <a 'java/net/ConnectException'{0x0000000791947678}: Connection refused: connect> (0x0000000791947678) 
thrown [s\open\src\hotspot\share\prims\jni.cpp, line 535]
Event: 2710.614 Thread 0x0000013ff130c060 Exception <a 'java/net/SocketException'{0x00000007919479b0}: Socket is not connected: shutdown> (0x00000007919479b0) 
thrown [s\open\src\hotspot\share\prims\jni.cpp, line 535]
Event: 2710.615 Thread 0x0000013ffe976f40 Exception <a 'java/net/ConnectException'{0x0000000791931090}: Connection refused: connect> (0x0000000791931090) 
thrown [s\open\src\hotspot\share\prims\jni.cpp, line 535]
Event: 2710.615 Thread 0x0000013ffe976f40 Exception <a 'java/net/SocketException'{0x00000007919313c8}: Socket is not connected: shutdown> (0x00000007919313c8) 
thrown [s\open\src\hotspot\share\prims\jni.cpp, line 535]
Event: 2710.628 Thread 0x0000013fea333df0 Exception <a 'sun/nio/fs/WindowsException'{0x0000000790884b50}> (0x0000000790884b50) 
thrown [s\open\src\hotspot\share\prims\jni.cpp, line 516]
Event: 2710.629 Thread 0x0000013fea333df0 Exception <a 'sun/nio/fs/WindowsException'{0x0000000790885e08}> (0x0000000790885e08) 
thrown [s\open\src\hotspot\share\prims\jni.cpp, line 516]
Event: 2710.629 Thread 0x0000013fea333df0 Exception <a 'sun/nio/fs/WindowsException'{0x0000000790886e68}> (0x0000000790886e68) 
thrown [s\open\src\hotspot\share\prims\jni.cpp, line 516]
Event: 2710.629 Thread 0x0000013fea333df0 Exception <a 'sun/nio/fs/WindowsException'{0x0000000790888110}> (0x0000000790888110) 
thrown [s\open\src\hotspot\share\prims\jni.cpp, line 516]
Event: 2710.629 Thread 0x0000013fea333df0 Exception <a 'sun/nio/fs/WindowsException'{0x00000007908883b0}> (0x00000007908883b0) 
thrown [s\open\src\hotspot\share\prims\jni.cpp, line 516]
Event: 2710.629 Thread 0x0000013fea333df0 Exception <a 'sun/nio/fs/WindowsException'{0x000000079088a678}> (0x000000079088a678) 
thrown [s\open\src\hotspot\share\prims\jni.cpp, line 516]
Event: 2710.629 Thread 0x0000013fea333df0 Exception <a 'sun/nio/fs/WindowsException'{0x000000079088a908}> (0x000000079088a908) 
thrown [s\open\src\hotspot\share\prims\jni.cpp, line 516]
Event: 2710.629 Thread 0x0000013fea333df0 Exception <a 'sun/nio/fs/WindowsException'{0x000000079088cbb8}> (0x000000079088cbb8) 
thrown [s\open\src\hotspot\share\prims\jni.cpp, line 516]
Event: 2710.629 Thread 0x0000013fea333df0 Exception <a 'sun/nio/fs/WindowsException'{0x000000079088ce40}> (0x000000079088ce40) 
thrown [s\open\src\hotspot\share\prims\jni.cpp, line 516]
Event: 2710.630 Thread 0x0000013fea333df0 Exception <a 'sun/nio/fs/WindowsException'{0x000000079088f0e8}> (0x000000079088f0e8) 
thrown [s\open\src\hotspot\share\prims\jni.cpp, line 516]
Event: 2711.337 Thread 0x0000013fea333df0 Exception <a 'sun/nio/fs/WindowsException'{0x0000000790896118}> (0x0000000790896118) 
thrown [s\open\src\hotspot\share\prims\jni.cpp, line 516]
Event: 2711.417 Thread 0x0000013fea333df0 Exception <a 'sun/nio/fs/WindowsException'{0x00000007908a0798}> (0x00000007908a0798) 
thrown [s\open\src\hotspot\share\prims\jni.cpp, line 516]
Event: 2711.424 Thread 0x0000013fea333df0 Exception <a 'sun/nio/fs/WindowsException'{0x00000007908b9930}> (0x00000007908b9930) 
thrown [s\open\src\hotspot\share\prims\jni.cpp, line 516]
Event: 2711.429 Thread 0x0000013fea333df0 Exception <a 'sun/nio/fs/WindowsException'{0x00000007908fc018}> (0x00000007908fc018) 
thrown [s\open\src\hotspot\share\prims\jni.cpp, line 516]
Event: 2711.432 Thread 0x0000013fea333df0 Exception <a 'sun/nio/fs/WindowsException'{0x0000000784205698}> (0x0000000784205698) 
thrown [s\open\src\hotspot\share\prims\jni.cpp, line 516]
Event: 2711.605 Thread 0x0000013fea333df0 Exception <a 'sun/nio/fs/WindowsException'{0x0000000783441a78}> (0x0000000783441a78) 
thrown [s\open\src\hotspot\share\prims\jni.cpp, line 516]

VM Operations (20 events):
Event: 2710.026 Executing VM operation: HandshakeAllThreads
Event: 2710.026 Executing VM operation: HandshakeAllThreads done
Event: 2710.026 Executing VM operation: HandshakeAllThreads
Event: 2710.037 Executing VM operation: HandshakeAllThreads done
Event: 2710.037 Executing VM operation: HandshakeAllThreads
Event: 2710.047 Executing VM operation: HandshakeAllThreads done
Event: 2710.333 Executing VM operation: ICBufferFull
Event: 2710.333 Executing VM operation: ICBufferFull done
Event: 2710.505 Executing VM operation: G1CollectForAllocation
Event: 2710.564 Executing VM operation: G1CollectForAllocation done
Event: 2711.250 Executing VM operation: ICBufferFull
Event: 2711.251 Executing VM operation: ICBufferFull done
Event: 2711.292 Executing VM operation: HandshakeAllThreads
Event: 2711.293 Executing VM operation: HandshakeAllThreads done
Event: 2711.313 Executing VM operation: HandshakeAllThreads
Event: 2711.314 Executing VM operation: HandshakeAllThreads done
Event: 2711.433 Executing VM operation: HandshakeAllThreads
Event: 2711.472 Executing VM operation: HandshakeAllThreads done
Event: 2711.513 Executing VM operation: HandshakeAllThreads
Event: 2711.513 Executing VM operation: HandshakeAllThreads done

Events (20 events):
Event: 2711.573 Thread 0x0000013fab8bead0 flushing nmethod 0x0000013f950eaf10
Event: 2711.574 Thread 0x0000013fab8bead0 flushing nmethod 0x0000013f95222710
Event: 2711.574 Thread 0x0000013fab8bead0 flushing nmethod 0x0000013f95225610
Event: 2711.574 Thread 0x0000013fab8bead0 flushing nmethod 0x0000013f95297910
Event: 2711.574 Thread 0x0000013fab8bead0 flushing nmethod 0x0000013f9533dd90
Event: 2711.575 Thread 0x0000013fab8bead0 flushing nmethod 0x0000013f95371090
Event: 2711.575 Thread 0x0000013fab8bead0 flushing nmethod 0x0000013f953f3310
Event: 2711.575 Thread 0x0000013fab8bead0 flushing nmethod 0x0000013f95432610
Event: 2711.575 Thread 0x0000013fab8bead0 flushing nmethod 0x0000013f95435310
Event: 2711.575 Thread 0x0000013fab8bead0 flushing nmethod 0x0000013f95453c10
Event: 2711.575 Thread 0x0000013fab8bead0 flushing nmethod 0x0000013f95454b10
Event: 2711.575 Thread 0x0000013fab8bead0 flushing nmethod 0x0000013f95455190
Event: 2711.575 Thread 0x0000013fab8bead0 flushing nmethod 0x0000013f95455890
Event: 2711.575 Thread 0x0000013fab8bead0 flushing nmethod 0x0000013f9547ef90
Event: 2711.575 Thread 0x0000013fab8bead0 flushing nmethod 0x0000013f954b9d90
Event: 2711.576 Thread 0x0000013fab8bead0 flushing nmethod 0x0000013f954e4390
Event: 2711.576 Thread 0x0000013fab8bead0 flushing nmethod 0x0000013f95562210
Event: 2711.577 Thread 0x0000013fab8bead0 flushing nmethod 0x0000013f95637090
Event: 2711.577 Thread 0x0000013fab8bead0 flushing nmethod 0x0000013f956a3710
Event: 2711.577 Thread 0x0000013fab8bead0 flushing nmethod 0x0000013f956a7b90


Dynamic libraries:
0x00007ff6d0d00000 - 0x00007ff6d0d10000 	C:\Program Files\Java\jdk-17\bin\java.exe
0x00007ffbe32e0000 - 0x00007ffbe3547000 	C:\WINDOWS\SYSTEM32\ntdll.dll
0x00007ffbe1930000 - 0x00007ffbe19f9000 	C:\WINDOWS\System32\KERNEL32.DLL
0x00007ffbdfdc0000 - 0x00007ffbe01b7000 	C:\WINDOWS\System32\KERNELBASE.dll
0x00007ffbe0470000 - 0x00007ffbe05bb000 	C:\WINDOWS\System32\ucrtbase.dll
0x00007ffb73e60000 - 0x00007ffb73e79000 	C:\Program Files\Java\jdk-17\bin\jli.dll
0x00007ffb74e60000 - 0x00007ffb74e7b000 	C:\Program Files\Java\jdk-17\bin\VCRUNTIME140.dll
0x00007ffbe2640000 - 0x00007ffbe26f6000 	C:\WINDOWS\System32\ADVAPI32.dll
0x00007ffbe17b0000 - 0x00007ffbe1859000 	C:\WINDOWS\System32\msvcrt.dll
0x00007ffbe2590000 - 0x00007ffbe2637000 	C:\WINDOWS\System32\sechost.dll
0x00007ffbe1a90000 - 0x00007ffbe1ba8000 	C:\WINDOWS\System32\RPCRT4.dll
0x00007ffbe2f60000 - 0x00007ffbe3126000 	C:\WINDOWS\System32\USER32.dll
0x00007ffbcc5d0000 - 0x00007ffbcc862000 	C:\WINDOWS\WinSxS\amd64_microsoft.windows.common-controls_6595b64144ccf1df_6.0.26100.8457_none_3e0b2faee331e92d\COMCTL32.dll
0x00007ffbe0ef0000 - 0x00007ffbe0f17000 	C:\WINDOWS\System32\win32u.dll
0x00007ffbe1900000 - 0x00007ffbe192b000 	C:\WINDOWS\System32\GDI32.dll
0x00007ffbe01c0000 - 0x00007ffbe02ec000 	C:\WINDOWS\System32\gdi32full.dll
0x00007ffbdfd10000 - 0x00007ffbdfdb3000 	C:\WINDOWS\System32\msvcp_win.dll
0x00007ffbcf4e0000 - 0x00007ffbcf4eb000 	C:\WINDOWS\SYSTEM32\VERSION.dll
0x00007ffbe2060000 - 0x00007ffbe2092000 	C:\WINDOWS\System32\IMM32.DLL
0x00007ffb75010000 - 0x00007ffb7501c000 	C:\Program Files\Java\jdk-17\bin\vcruntime140_1.dll
0x00007ffb71620000 - 0x00007ffb716ae000 	C:\Program Files\Java\jdk-17\bin\msvcp140.dll
0x00007ffb2b1c0000 - 0x00007ffb2bda0000 	C:\Program Files\Java\jdk-17\bin\server\jvm.dll
0x00007ffbe1860000 - 0x00007ffbe1868000 	C:\WINDOWS\System32\PSAPI.DLL
0x00007ffbad1d0000 - 0x00007ffbad1da000 	C:\WINDOWS\SYSTEM32\WSOCK32.dll
0x00007ffbcc590000 - 0x00007ffbcc5c6000 	C:\WINDOWS\SYSTEM32\WINMM.dll
0x00007ffbe1870000 - 0x00007ffbe18f0000 	C:\WINDOWS\System32\WS2_32.dll
0x00007ffbdea70000 - 0x00007ffbdea8b000 	C:\WINDOWS\SYSTEM32\kernel.appcore.dll
0x00007ffb73e50000 - 0x00007ffb73e5a000 	C:\Program Files\Java\jdk-17\bin\jimage.dll
0x00007ffbdde80000 - 0x00007ffbde0c2000 	C:\WINDOWS\SYSTEM32\DBGHELP.DLL
0x00007ffbe1bb0000 - 0x00007ffbe1f33000 	C:\WINDOWS\System32\combase.dll
0x00007ffbe1f40000 - 0x00007ffbe2019000 	C:\WINDOWS\System32\OLEAUT32.dll
0x00007ffbc1a30000 - 0x00007ffbc1a6b000 	C:\WINDOWS\SYSTEM32\dbgcore.DLL
0x00007ffbe0f20000 - 0x00007ffbe0fc8000 	C:\WINDOWS\System32\bcryptPrimitives.dll
0x00007ffb71530000 - 0x00007ffb7153e000 	C:\Program Files\Java\jdk-17\bin\instrument.dll
0x00007ffb71e30000 - 0x00007ffb71e55000 	C:\Program Files\Java\jdk-17\bin\java.dll
0x00007ffb71540000 - 0x00007ffb71617000 	C:\Program Files\Java\jdk-17\bin\jsvml.dll
0x00007ffbe2760000 - 0x00007ffbe2ece000 	C:\WINDOWS\System32\SHELL32.dll
0x00007ffbe0680000 - 0x00007ffbe0eec000 	C:\WINDOWS\System32\windows.storage.dll
0x00007ffbe1060000 - 0x00007ffbe1156000 	C:\WINDOWS\System32\SHCORE.dll
0x00007ffbe3230000 - 0x00007ffbe3296000 	C:\WINDOWS\System32\shlwapi.dll
0x00007ffbdfc30000 - 0x00007ffbdfc59000 	C:\WINDOWS\SYSTEM32\profapi.dll
0x00007ffb71b00000 - 0x00007ffb71b18000 	C:\Program Files\Java\jdk-17\bin\zip.dll
0x00007ffb71f40000 - 0x00007ffb71f59000 	C:\Program Files\Java\jdk-17\bin\net.dll
0x00007ffbd8240000 - 0x00007ffbd8369000 	C:\WINDOWS\SYSTEM32\WINHTTP.dll
0x00007ffbdeff0000 - 0x00007ffbdf05c000 	C:\WINDOWS\system32\mswsock.dll
0x00007ffb71b20000 - 0x00007ffb71b36000 	C:\Program Files\Java\jdk-17\bin\nio.dll
0x00007ffb73e40000 - 0x00007ffb73e50000 	C:\Program Files\Java\jdk-17\bin\verify.dll
0x00007ffbc3800000 - 0x00007ffbc3827000 	C:\Users\rohan\.gradle\native\1def1411415f61bf3af743bc5b6707747c0891f09f0c88961ee8f79bc544acac\windows-amd64\native-platform.dll
0x0000000077b10000 - 0x0000000077b83000 	C:\Users\rohan\.gradle\native\0.2.5\x86_64-windows-gnu\gradle-fileevents.dll
0x00007ffb71e20000 - 0x00007ffb71e2a000 	C:\Program Files\Java\jdk-17\bin\management.dll
0x00007ffb71db0000 - 0x00007ffb71dbb000 	C:\Program Files\Java\jdk-17\bin\management_ext.dll
0x00007ffbdf2f0000 - 0x00007ffbdf30b000 	C:\WINDOWS\SYSTEM32\CRYPTSP.dll
0x00007ffbde9d0000 - 0x00007ffbdea09000 	C:\WINDOWS\system32\rsaenh.dll
0x00007ffbdf0a0000 - 0x00007ffbdf0d3000 	C:\WINDOWS\SYSTEM32\USERENV.dll
0x00007ffbdfc00000 - 0x00007ffbdfc2a000 	C:\WINDOWS\SYSTEM32\bcrypt.dll
0x00007ffbdf310000 - 0x00007ffbdf31c000 	C:\WINDOWS\SYSTEM32\CRYPTBASE.dll
0x00007ffbde450000 - 0x00007ffbde482000 	C:\WINDOWS\SYSTEM32\IPHLPAPI.DLL
0x00007ffbe2020000 - 0x00007ffbe202a000 	C:\WINDOWS\System32\NSI.dll
0x00007ffbd9600000 - 0x00007ffbd961d000 	C:\WINDOWS\SYSTEM32\dhcpcsvc6.DLL
0x00007ffbd9580000 - 0x00007ffbd95a5000 	C:\WINDOWS\SYSTEM32\dhcpcsvc.DLL
0x00007ffbde490000 - 0x00007ffbde5c2000 	C:\WINDOWS\SYSTEM32\DNSAPI.dll
0x00007ffb713c0000 - 0x00007ffb713ce000 	C:\Program Files\Java\jdk-17\bin\sunmscapi.dll
0x00007ffbe02f0000 - 0x00007ffbe0468000 	C:\WINDOWS\System32\CRYPT32.dll
0x00007ffbdf510000 - 0x00007ffbdf540000 	C:\WINDOWS\SYSTEM32\ncrypt.dll
0x00007ffbdf4c0000 - 0x00007ffbdf4ff000 	C:\WINDOWS\SYSTEM32\NTASN1.dll
0x00007ffb7fc70000 - 0x00007ffb7fc78000 	C:\WINDOWS\system32\wshunix.dll
0x0000000077a90000 - 0x0000000077b03000 	C:\Users\rohan\AppData\Local\Temp\native-platform4165339136092391985dir\gradle-fileevents.dll
0x00007ffbaec70000 - 0x00007ffbaec88000 	C:\WINDOWS\system32\napinsp.dll
0x00007ffbae590000 - 0x00007ffbae5a3000 	C:\WINDOWS\System32\winrnr.dll
0x00007ffbae640000 - 0x00007ffbae662000 	C:\WINDOWS\system32\nlansp_c.dll
0x00007ffbd0cf0000 - 0x00007ffbd0d06000 	C:\WINDOWS\system32\wshbth.dll
0x00007ffbd94c0000 - 0x00007ffbd94cb000 	C:\Windows\System32\rasadhlp.dll
0x00007ffbd99c0000 - 0x00007ffbd9a46000 	C:\WINDOWS\System32\fwpuclnt.dll
0x00007ffbcd830000 - 0x00007ffbcd837000 	C:\Program Files\Java\jdk-17\bin\rmi.dll
0x00007ffbdeba0000 - 0x00007ffbdebd6000 	C:\WINDOWS\SYSTEM32\ntmarta.dll

dbghelp: loaded successfully - version: 4.0.5 - missing functions: none
symbol engine: initialized successfully - sym options: 0x614 - pdb path: .;C:\Program Files\Java\jdk-17\bin;C:\WINDOWS\SYSTEM32;C:\WINDOWS\WinSxS\amd64_microsoft.windows.common-controls_6595b64144ccf1df_6.0.26100.8457_none_3e0b2faee331e92d;C:\Program Files\Java\jdk-17\bin\server;C:\Users\rohan\.gradle\native\1def1411415f61bf3af743bc5b6707747c0891f09f0c88961ee8f79bc544acac\windows-amd64;C:\Users\rohan\.gradle\native\0.2.5\x86_64-windows-gnu;C:\Users\rohan\AppData\Local\Temp\native-platform4165339136092391985dir

VM Arguments:
jvm_args: --add-opens=java.base/java.lang=ALL-UNNAMED --add-opens=java.base/java.lang.invoke=ALL-UNNAMED --add-opens=java.base/java.util=ALL-UNNAMED --add-opens=java.prefs/java.util.prefs=ALL-UNNAMED --add-exports=jdk.compiler/com.sun.tools.javac.api=ALL-UNNAMED --add-exports=jdk.compiler/com.sun.tools.javac.util=ALL-UNNAMED --add-opens=java.base/java.util=ALL-UNNAMED --add-opens=java.prefs/java.util.prefs=ALL-UNNAMED --add-opens=java.base/java.nio.charset=ALL-UNNAMED --add-opens=java.base/java.net=ALL-UNNAMED --add-opens=java.base/java.util.concurrent.atomic=ALL-UNNAMED --add-opens=java.xml/javax.xml.namespace=ALL-UNNAMED -XX:MaxMetaspaceSize=1g -XX:+HeapDumpOnOutOfMemoryError -Xmx4g -Dfile.encoding=windows-1252 -Duser.country=IN -Duser.language=en -Duser.variant -javaagent:C:\Users\rohan\.gradle\wrapper\dists\gradle-8.12-all\ejduaidbjup3bmmkhw3rie4zb\gradle-8.12\lib\agents\gradle-instrumentation-agent-8.12.jar 
java_command: org.gradle.launcher.daemon.bootstrap.GradleDaemon 8.12
java_class_path (initial): C:\Users\rohan\.gradle\wrapper\dists\gradle-8.12-all\ejduaidbjup3bmmkhw3rie4zb\gradle-8.12\lib\gradle-daemon-main-8.12.jar
Launcher Type: SUN_STANDARD

[Global flags]
     intx CICompilerCount                          = 4                                         {product} {ergonomic}
   size_t CompressedClassSpaceSize                 = 872415232                                 {product} {ergonomic}
     uint ConcGCThreads                            = 2                                         {product} {ergonomic}
     uint G1ConcRefinementThreads                  = 8                                         {product} {ergonomic}
   size_t G1HeapRegionSize                         = 2097152                                   {product} {ergonomic}
    uintx GCDrainStackTargetSize                   = 64                                        {product} {ergonomic}
     bool HeapDumpOnOutOfMemoryError               = true                                   {manageable} {command line}
   size_t InitialHeapSize                          = 266338304                                 {product} {ergonomic}
   size_t MarkStackSize                            = 4194304                                   {product} {ergonomic}
   size_t MaxHeapSize                              = 4294967296                                {product} {command line}
   size_t MaxMetaspaceSize                         = 1073741824                                {product} {command line}
   size_t MaxNewSize                               = 2575302656                                {product} {ergonomic}
   size_t MinHeapDeltaBytes                        = 2097152                                   {product} {ergonomic}
   size_t MinHeapSize                              = 8388608                                   {product} {ergonomic}
    uintx NonNMethodCodeHeapSize                   = 5839372                                {pd product} {ergonomic}
    uintx NonProfiledCodeHeapSize                  = 122909434                              {pd product} {ergonomic}
    uintx ProfiledCodeHeapSize                     = 122909434                              {pd product} {ergonomic}
    uintx ReservedCodeCacheSize                    = 251658240                              {pd product} {ergonomic}
     bool SegmentedCodeCache                       = true                                      {product} {ergonomic}
   size_t SoftMaxHeapSize                          = 4294967296                             {manageable} {ergonomic}
     bool UseCompressedClassPointers               = true                           {product lp64_product} {ergonomic}
     bool UseCompressedOops                        = true                           {product lp64_product} {ergonomic}
     bool UseG1GC                                  = true                                      {product} {ergonomic}
     bool UseLargePagesIndividualAllocation        = false                                  {pd product} {ergonomic}

Logging:
Log output configuration:
 #0: stdout all=warning uptime,level,tags
 #1: stderr all=off uptime,level,tags

Environment Variables:
JAVA_HOME=C:\Program Files\Java\jdk-17
CLASSPATH=C:\Users\rohan\oneplayott\android\\gradle\wrapper\gradle-wrapper.jar
PATH=C:\Users\rohan\oneplayott\node_modules\.bin;C:\Users\rohan\oneplayott\node_modules\.bin;C:\Users\rohan\node_modules\.bin;C:\Users\node_modules\.bin;C:\node_modules\.bin;C:\Users\rohan\AppData\Roaming\npm\node_modules\npm\node_modules\@npmcli\run-script\lib\node-gyp-bin;c:\Users\rohan\AppData\Roaming\Code\User\globalStorage\github.copilot-chat\debugCommand;c:\Users\rohan\AppData\Roaming\Code\User\globalStorage\github.copilot-chat\copilotCli;C:\Python312\Scripts\;C:\Python312\;C:\WINDOWS\system32;C:\WINDOWS;C:\WINDOWS\System32\Wbem;C:\WINDOWS\System32\WindowsPowerShell\v1.0\;C:\WINDOWS\System32\OpenSSH\;C:\Program Files\Git\cmd;C:\ProgramData\chocolatey\bin;D:\Php;C:\composer;C:\Users\rohan\AppData\Local\Android\Sdk\platform-tools;C:\Users\rohan\AppData\Local\Android\Sdk\emulator;C:\Users\rohan\AppData\Local\Android\Sdk\tools;C:\Users\rohan\AppData\Local\Android\Sdk\tools\bin;C:\Users\rohan\AppData\Local\Android\Sdk\build-tools\33.0.1;C:\Program Files\PuTTY\;D:\React\;D:\Flutter\flutter_windows_3.27.3-stable\flutter\bin;C:\tools\php84;C:\Program Files\Meld\;C:\Program Files\Docker\Docker\resources\bin;C:\Users\rohan\AppData\Roaming\npm;C:\Program Files\Java\jdk-17\bin;C:\Program Files\Common Files\Oracle\Java\javapath;C:\Python312\Scripts\;C:\Python312\;C:\Program Files (x86)\Common Files\Oracle\Java\javapath;C:\WINDOWS\system32;C:\WINDOWS;C:\WINDOWS\System32\Wbem;C:\WINDOWS\System32\WindowsPowerShell\v1.0\;C:\WINDOWS\System32\OpenSSH\;C:\Program Files\Git\cmd;C:\ProgramData\chocolatey\bin;D:\Php;C:\composer;C:\Users\rohan\AppData\Local\Android\Sdk\platform-tools;C:\Users\rohan\AppData\Local\Android\Sdk\emulator;C:\Users\rohan\AppData\Local\Android\Sdk\tools;C:\Users\rohan\AppData\Local\Android\Sdk\tools\bin;C:\Users\rohan\AppData\Local\Android\Sdk\build-tools\33.0.1;C:\Program Files\PuTTY\;D:\React\;D:\Flutter\flutter_windows_3.27.3-stable\flutter\bin;C:\tools\php84;C:\Program Files\Meld\;C:\Program Files\Docker\Docker\resources\bin;C:\Users\rohan\AppData\Local\Mic
USERNAME=rohan
LANG=en_US.UTF-8
OS=Windows_NT
PROCESSOR_IDENTIFIER=Intel64 Family 6 Model 140 Stepping 2, GenuineIntel



---------------  S Y S T E M  ---------------

OS:
 Windows 11 , 64 bit Build 26100 (10.0.26100.8328)
OS uptime: 8 days 3:45 hours
Hyper-V role detected

CPU: total 8 (initial active 8) (4 cores per cpu, 2 threads per core) family 6 model 140 stepping 2 microcode 0x22, cx8, cmov, fxsr, ht, mmx, 3dnowpref, sse, sse2, sse3, ssse3, sse4.1, sse4.2, popcnt, lzcnt, tsc, tscinvbit, avx, avx2, aes, erms, clmul, bmi1, bmi2, adx, avx512f, avx512dq, avx512cd, avx512bw, avx512vl, sha, fma, vzeroupper, avx512_vpopcntdq, avx512_vpclmulqdq, avx512_vaes, avx512_vnni, clflush, clflushopt, clwb, avx512_vbmi2, avx512_vbmi, hv

Memory: 4k page, system-wide physical 16167M (1126M free)
TotalPageFile size 34525M (AvailPageFile size 60M)
current process WorkingSet (physical memory assigned to process): 2711M, peak: 2728M
current process commit charge ("private bytes"): 3211M, peak: 3231M

vm_info: Java HotSpot(TM) 64-Bit Server VM (17.0.12+8-LTS-286) for windows-amd64 JRE (17.0.12+8-LTS-286), built on Jun  5 2024 06:46:59 by "mach5one" with MS VC++ 17.6 (VS2022)

END.
