#
# There is insufficient memory for the Java Runtime Environment to continue.
# Native memory allocation (malloc) failed to allocate 1148816 bytes for Chunk::new
# Possible reasons:
#   The system is out of physical RAM or swap space
#   The process is running with CompressedOops enabled, and the Java Heap may be blocking the growth of the native heap
# Possible solutions:
#   Reduce memory load on the system
#   Increase physical memory or swap space
#   Check if swap backing store is full
#   Decrease Java heap size (-Xmx/-Xms)
#   Decrease number of Java threads
#   Decrease Java thread stack sizes (-Xss)
#   Set larger code cache with -XX:ReservedCodeCacheSize=
#   JVM is running with Zero Based Compressed Oops mode in which the Java heap is
#     placed in the first 32GB address space. The Java Heap base address is the
#     maximum limit for the native heap growth. Please use -XX:HeapBaseMinAddress
#     to set the Java Heap base and to place the Java Heap above 32GB virtual address.
# This output file may be truncated or incomplete.
#
#  Out of Memory Error (arena.cpp:189), pid=24376, tid=24704
#
# JRE version: Java(TM) SE Runtime Environment (17.0.12+8) (build 17.0.12+8-LTS-286)
# Java VM: Java HotSpot(TM) 64-Bit Server VM (17.0.12+8-LTS-286, mixed mode, sharing, tiered, compressed oops, compressed class ptrs, g1 gc, windows-amd64)
# No core dump will be written. Minidumps are not enabled by default on client versions of Windows
#

---------------  S U M M A R Y ------------

Command Line: --add-opens=java.base/java.lang=ALL-UNNAMED --add-opens=java.base/java.lang.invoke=ALL-UNNAMED --add-opens=java.base/java.util=ALL-UNNAMED --add-opens=java.prefs/java.util.prefs=ALL-UNNAMED --add-exports=jdk.compiler/com.sun.tools.javac.api=ALL-UNNAMED --add-exports=jdk.compiler/com.sun.tools.javac.util=ALL-UNNAMED --add-opens=java.base/java.util=ALL-UNNAMED --add-opens=java.prefs/java.util.prefs=ALL-UNNAMED --add-opens=java.base/java.nio.charset=ALL-UNNAMED --add-opens=java.base/java.net=ALL-UNNAMED --add-opens=java.base/java.util.concurrent.atomic=ALL-UNNAMED --add-opens=java.xml/javax.xml.namespace=ALL-UNNAMED -XX:MaxMetaspaceSize=1g -XX:+HeapDumpOnOutOfMemoryError -Xmx4g -Dfile.encoding=windows-1252 -Duser.country=IN -Duser.language=en -Duser.variant -javaagent:C:\Users\rohan\.gradle\wrapper\dists\gradle-8.12-all\ejduaidbjup3bmmkhw3rie4zb\gradle-8.12\lib\agents\gradle-instrumentation-agent-8.12.jar org.gradle.launcher.daemon.bootstrap.GradleDaemon 8.12

Host: 11th Gen Intel(R) Core(TM) i5-11320H @ 3.20GHz, 8 cores, 15G,  Windows 11 , 64 bit Build 26100 (10.0.26100.8328)
Time: Tue May 26 12:04:39 2026 India Standard Time elapsed time: 195.842148 seconds (0d 0h 3m 15s)

---------------  T H R E A D  ---------------

Current thread (0x0000020b6ea91ee0):  JavaThread "C2 CompilerThread2" daemon [_thread_in_native, id=24704, stack(0x0000005911a00000,0x0000005911b00000)]


Current CompileTask:
C2: 195842 53939       4       com.android.tools.r8.dex.k::a (131 bytes)

Stack: [0x0000005911a00000,0x0000005911b00000]
Native frames: (J=compiled Java code, j=interpreted, Vv=VM code, C=native code)
V  [jvm.dll+0x67a04a]
V  [jvm.dll+0x7da4ed]
V  [jvm.dll+0x7dbe33]
V  [jvm.dll+0x7dc4a3]
V  [jvm.dll+0x24508f]
V  [jvm.dll+0xab773]
V  [jvm.dll+0xabd3c]
V  [jvm.dll+0x361b9f]
V  [jvm.dll+0x1ba64a]
V  [jvm.dll+0x216997]
V  [jvm.dll+0x215c6f]
V  [jvm.dll+0x1a2960]
V  [jvm.dll+0x22610b]
V  [jvm.dll+0x2242ab]
V  [jvm.dll+0x79075c]
V  [jvm.dll+0x78abea]
V  [jvm.dll+0x678f35]
C  [ucrtbase.dll+0x37b0]
C  [KERNEL32.DLL+0x2e957]
C  [ntdll.dll+0x427c]


---------------  P R O C E S S  ---------------

Threads class SMR info:
_java_thread_list=0x0000020b6fe1d6a0, length=184, elements={
0x0000020b3594b7c0, 0x0000020b5a7ba940, 0x0000020b5a7bb410, 0x0000020b5a8e8a00,
0x0000020b5a8e92d0, 0x0000020b5a8e9ba0, 0x0000020b5a8ea470, 0x0000020b5a8eb8c0,
0x0000020b5a8ee290, 0x0000020b5a8f42b0, 0x0000020b5aa261b0, 0x0000020b5ab06aa0,
0x0000020b609b2940, 0x0000020b60df3d70, 0x0000020b5fce91f0, 0x0000020b5f93d2a0,
0x0000020b60c23420, 0x0000020b609b0f00, 0x0000020b609b04e0, 0x0000020b609af0a0,
0x0000020b609b09f0, 0x0000020b609af5b0, 0x0000020b609b1410, 0x0000020b609ae680,
0x0000020b609ae170, 0x0000020b609afac0, 0x0000020b609affd0, 0x0000020b6236a260,
0x0000020b62369d50, 0x0000020b6236a770, 0x0000020b62369330, 0x0000020b6236ac80,
0x0000020b6236d500, 0x0000020b6236e430, 0x0000020b6236e940, 0x0000020b62370290,
0x0000020b6236da10, 0x0000020b6236df20, 0x0000020b6236ee50, 0x0000020b6236f870,
0x0000020b6236cae0, 0x0000020b6127d530, 0x0000020b6127c600, 0x0000020b6127da40,
0x0000020b6127df50, 0x0000020b6127e460, 0x0000020b6127e970, 0x0000020b6127cb10,
0x0000020b6127ee80, 0x0000020b6127bbe0, 0x0000020b6127b6d0, 0x0000020b6127d020,
0x0000020b6127f390, 0x0000020b6127f8a0, 0x0000020b6127c0f0, 0x0000020b61282120,
0x0000020b6127fdb0, 0x0000020b612807d0, 0x0000020b61282630, 0x0000020b61282b40,
0x0000020b612811f0, 0x0000020b612802c0, 0x0000020b61281c10, 0x0000020b5f2ec680,
0x0000020b5f2eb240, 0x0000020b5f2ecb90, 0x0000020b5f2eb750, 0x0000020b5f2ebc60,
0x0000020b5f2ed5b0, 0x0000020b5f2f1c90, 0x0000020b5f2eef00, 0x0000020b5f2ef410,
0x0000020b5f2ef920, 0x0000020b5f2efe30, 0x0000020b5f2ee9f0, 0x0000020b5f2f0340,
0x0000020b5f2f0850, 0x0000020b5f2f1270, 0x0000020b5f2ee4e0, 0x0000020b5f2f0d60,
0x0000020b5f2f1780, 0x0000020b5a9fcf70, 0x0000020b5a9fd990, 0x0000020b5a9fd480,
0x0000020b5a9fe3b0, 0x0000020b5a9fca60, 0x0000020b5a9fdea0, 0x0000020b5a9fe8c0,
0x0000020b5a9ff2e0, 0x0000020b5a9fedd0, 0x0000020b5a9ff7f0, 0x0000020b5a9ffd00,
0x0000020b5aa00210, 0x0000020b5fb04b10, 0x0000020b5fb06970, 0x0000020b5fb078a0,
0x0000020b5fb04600, 0x0000020b5fb05f50, 0x0000020b5fb06e80, 0x0000020b5fb05530,
0x0000020b5fb07390, 0x0000020b5fb06460, 0x0000020b5fb05a40, 0x0000020b5fb040f0,
0x0000020b5fb07db0, 0x0000020b5fb082c0, 0x0000020b5fb087d0, 0x0000020b5fb05020,
0x0000020b5fb091f0, 0x0000020b5fb08ce0, 0x0000020b5fb09700, 0x0000020b5fb09c10,
0x0000020b5fb0a630, 0x0000020b5fb0b050, 0x0000020b5fb0a120, 0x0000020b5fb0ab40,
0x0000020b5fb0ba70, 0x0000020b609b1920, 0x0000020b61280ce0, 0x0000020b5f088570,
0x0000020b5f085cf0, 0x0000020b5f087130, 0x0000020b5f087b50, 0x0000020b5f088f90,
0x0000020b5f0899b0, 0x0000020b5f087640, 0x0000020b5f088060, 0x0000020b5f088a80,
0x0000020b5f086200, 0x0000020b5f0894a0, 0x0000020b5f089ec0, 0x0000020b5f086710,
0x0000020b5f08a3d0, 0x0000020b5f08bd20, 0x0000020b5f08b810, 0x0000020b63f7c5d0,
0x0000020b63f7ee50, 0x0000020b63f7d500, 0x0000020b63f7df20, 0x0000020b63f7e430,
0x0000020b6eae6db0, 0x0000020b6eae6390, 0x0000020b6eae4f50, 0x0000020b6eae68a0,
0x0000020b6eae77d0, 0x0000020b6eae7ce0, 0x0000020b6eae8700, 0x0000020b6eae4530,
0x0000020b669bf410, 0x0000020b6fcae0c0, 0x0000020b6fcae5d0, 0x0000020b6fcb0940,
0x0000020b6fcaff20, 0x0000020b6fcaeae0, 0x0000020b6fcb0e50, 0x0000020b6fcad6a0,
0x0000020b6fcb1360, 0x0000020b6fcaf500, 0x0000020b6fcb4600, 0x0000020b6eaebeb0,
0x0000020b6236fd80, 0x0000020b5f2edfd0, 0x0000020b717b0af0, 0x0000020b717b51d0,
0x0000020b717b2950, 0x0000020b717b7f60, 0x0000020b717b4cc0, 0x0000020b717ba7e0,
0x0000020b717bacf0, 0x0000020b717bc130, 0x0000020b717ba2d0, 0x0000020b717bb200,
0x0000020b717bbc20, 0x0000020b717bd060, 0x0000020b717b98b0, 0x0000020b717bd570,
0x0000020b5f2ed0a0, 0x0000020b5f2edac0, 0x0000020b5f2ea820, 0x0000020b5f2ead30,
0x0000020b669bc170, 0x0000020b669c0850, 0x0000020b6ea90ef0, 0x0000020b6ea91ee0
}

Java Threads: ( => current thread )
  0x0000020b3594b7c0 JavaThread "main" [_thread_blocked, id=21540, stack(0x000000590c000000,0x000000590c100000)]
  0x0000020b5a7ba940 JavaThread "Reference Handler" daemon [_thread_blocked, id=21092, stack(0x000000590c700000,0x000000590c800000)]
  0x0000020b5a7bb410 JavaThread "Finalizer" daemon [_thread_blocked, id=4976, stack(0x000000590c800000,0x000000590c900000)]
  0x0000020b5a8e8a00 JavaThread "Signal Dispatcher" daemon [_thread_blocked, id=1208, stack(0x000000590c900000,0x000000590ca00000)]
  0x0000020b5a8e92d0 JavaThread "Attach Listener" daemon [_thread_blocked, id=13392, stack(0x000000590ca00000,0x000000590cb00000)]
  0x0000020b5a8e9ba0 JavaThread "Service Thread" daemon [_thread_blocked, id=8172, stack(0x000000590cb00000,0x000000590cc00000)]
  0x0000020b5a8ea470 JavaThread "Monitor Deflation Thread" daemon [_thread_blocked, id=12452, stack(0x000000590cc00000,0x000000590cd00000)]
  0x0000020b5a8eb8c0 JavaThread "C2 CompilerThread0" daemon [_thread_in_native, id=22896, stack(0x000000590cd00000,0x000000590ce00000)]
  0x0000020b5a8ee290 JavaThread "C1 CompilerThread0" daemon [_thread_blocked, id=11820, stack(0x000000590ce00000,0x000000590cf00000)]
  0x0000020b5a8f42b0 JavaThread "Sweeper thread" daemon [_thread_blocked, id=12372, stack(0x000000590cf00000,0x000000590d000000)]
  0x0000020b5aa261b0 JavaThread "Common-Cleaner" daemon [_thread_blocked, id=5896, stack(0x000000590d000000,0x000000590d100000)]
  0x0000020b5ab06aa0 JavaThread "Notification Thread" daemon [_thread_blocked, id=22044, stack(0x000000590d100000,0x000000590d200000)]
  0x0000020b609b2940 JavaThread "Daemon health stats" [_thread_blocked, id=4184, stack(0x000000590dc00000,0x000000590dd00000)]
  0x0000020b60df3d70 JavaThread "Incoming local TCP Connector on port 58731" [_thread_in_native, id=10092, stack(0x000000590dd00000,0x000000590de00000)]
  0x0000020b5fce91f0 JavaThread "Daemon periodic checks" [_thread_blocked, id=2132, stack(0x000000590de00000,0x000000590df00000)]
  0x0000020b5f93d2a0 JavaThread "Daemon" [_thread_blocked, id=8920, stack(0x000000590df00000,0x000000590e000000)]
  0x0000020b60c23420 JavaThread "Handler for socket connection from /127.0.0.1:58731 to /127.0.0.1:58732" [_thread_in_native, id=23716, stack(0x000000590e000000,0x000000590e100000)]
  0x0000020b609b0f00 JavaThread "Cancel handler" [_thread_blocked, id=20332, stack(0x000000590e100000,0x000000590e200000)]
  0x0000020b609b04e0 JavaThread "Daemon worker" [_thread_blocked, id=17836, stack(0x000000590e200000,0x000000590e300000)]
  0x0000020b609af0a0 JavaThread "Asynchronous log dispatcher for DefaultDaemonConnection: socket connection from /127.0.0.1:58731 to /127.0.0.1:58732" [_thread_blocked, id=10548, stack(0x000000590e300000,0x000000590e400000)]
  0x0000020b609b09f0 JavaThread "Stdin handler" [_thread_blocked, id=15608, stack(0x000000590e400000,0x000000590e500000)]
  0x0000020b609af5b0 JavaThread "Daemon client event forwarder" [_thread_blocked, id=21944, stack(0x000000590e500000,0x000000590e600000)]
  0x0000020b609b1410 JavaThread "Cache worker for journal cache (C:\Users\rohan\.gradle\caches\journal-1)" [_thread_blocked, id=9800, stack(0x000000590e600000,0x000000590e700000)]
  0x0000020b609ae680 JavaThread "File lock request listener" [_thread_in_native, id=10104, stack(0x000000590e700000,0x000000590e800000)]
  0x0000020b609ae170 JavaThread "Cache worker for file hash cache (C:\Users\rohan\.gradle\caches\8.12\fileHashes)" [_thread_blocked, id=11396, stack(0x000000590e800000,0x000000590e900000)]
  0x0000020b609afac0 JavaThread "Cache worker for file hash cache (C:\Users\rohan\bundle\android\.gradle\8.12\fileHashes)" [_thread_blocked, id=12508, stack(0x000000590e900000,0x000000590ea00000)]
  0x0000020b609affd0 JavaThread "Cache worker for Build Output Cleanup Cache (C:\Users\rohan\bundle\android\.gradle\buildOutputCleanup)" [_thread_blocked, id=20204, stack(0x000000590ea00000,0x000000590eb00000)]
  0x0000020b6236a260 JavaThread "File watcher server" daemon [_thread_in_native, id=19152, stack(0x000000590d300000,0x000000590d400000)]
  0x0000020b62369d50 JavaThread "File watcher consumer" daemon [_thread_blocked, id=14124, stack(0x000000590d400000,0x000000590d500000)]
  0x0000020b6236a770 JavaThread "jar transforms" [_thread_blocked, id=5992, stack(0x000000590ee00000,0x000000590ef00000)]
  0x0000020b62369330 JavaThread "Cache worker for checksums cache (C:\Users\rohan\bundle\android\.gradle\8.12\checksums)" [_thread_blocked, id=21928, stack(0x000000590ef00000,0x000000590f000000)]
  0x0000020b6236ac80 JavaThread "Cache worker for file content cache (C:\Users\rohan\.gradle\caches\8.12\fileContent)" [_thread_blocked, id=23408, stack(0x000000590f000000,0x000000590f100000)]
  0x0000020b6236d500 JavaThread "Cache worker for cache directory md-rule (C:\Users\rohan\.gradle\caches\8.12\md-rule)" [_thread_blocked, id=16936, stack(0x000000590f100000,0x000000590f200000)]
  0x0000020b6236e430 JavaThread "Cache worker for cache directory md-supplier (C:\Users\rohan\.gradle\caches\8.12\md-supplier)" [_thread_blocked, id=6808, stack(0x000000590f200000,0x000000590f300000)]
  0x0000020b6236e940 JavaThread "Cache worker for Build Output Cleanup Cache (C:\Users\rohan\bundle\node_modules\@react-native\gradle-plugin\.gradle\buildOutputCleanup)" [_thread_blocked, id=536, stack(0x000000590f300000,0x000000590f400000)]
  0x0000020b62370290 JavaThread "Unconstrained build operations" [_thread_blocked, id=12736, stack(0x000000590f400000,0x000000590f500000)]
  0x0000020b6236da10 JavaThread "Unconstrained build operations Thread 2" [_thread_blocked, id=23668, stack(0x000000590f500000,0x000000590f600000)]
  0x0000020b6236df20 JavaThread "Unconstrained build operations Thread 3" [_thread_blocked, id=6792, stack(0x000000590f600000,0x000000590f700000)]
  0x0000020b6236ee50 JavaThread "Unconstrained build operations Thread 4" [_thread_blocked, id=14876, stack(0x000000590f700000,0x000000590f800000)]
  0x0000020b6236f870 JavaThread "Unconstrained build operations Thread 5" [_thread_blocked, id=13040, stack(0x000000590f800000,0x000000590f900000)]
  0x0000020b6236cae0 JavaThread "Unconstrained build operations Thread 6" [_thread_blocked, id=1936, stack(0x000000590f900000,0x000000590fa00000)]
  0x0000020b6127d530 JavaThread "Unconstrained build operations Thread 7" [_thread_blocked, id=10120, stack(0x000000590fa00000,0x000000590fb00000)]
  0x0000020b6127c600 JavaThread "Unconstrained build operations Thread 8" [_thread_blocked, id=19376, stack(0x000000590fb00000,0x000000590fc00000)]
  0x0000020b6127da40 JavaThread "Unconstrained build operations Thread 9" [_thread_blocked, id=17984, stack(0x000000590fc00000,0x000000590fd00000)]
  0x0000020b6127df50 JavaThread "Unconstrained build operations Thread 10" [_thread_blocked, id=14292, stack(0x000000590fd00000,0x000000590fe00000)]
  0x0000020b6127e460 JavaThread "Unconstrained build operations Thread 11" [_thread_blocked, id=2676, stack(0x000000590fe00000,0x000000590ff00000)]
  0x0000020b6127e970 JavaThread "Unconstrained build operations Thread 12" [_thread_blocked, id=16228, stack(0x000000590ff00000,0x0000005910000000)]
  0x0000020b6127cb10 JavaThread "Unconstrained build operations Thread 13" [_thread_blocked, id=14120, stack(0x0000005910000000,0x0000005910100000)]
  0x0000020b6127ee80 JavaThread "Unconstrained build operations Thread 14" [_thread_blocked, id=5708, stack(0x0000005910100000,0x0000005910200000)]
  0x0000020b6127bbe0 JavaThread "Unconstrained build operations Thread 15" [_thread_in_Java, id=14480, stack(0x0000005910200000,0x0000005910300000)]
  0x0000020b6127b6d0 JavaThread "Unconstrained build operations Thread 16" [_thread_blocked, id=9272, stack(0x0000005910300000,0x0000005910400000)]
  0x0000020b6127d020 JavaThread "Unconstrained build operations Thread 17" [_thread_blocked, id=5244, stack(0x0000005910400000,0x0000005910500000)]
  0x0000020b6127f390 JavaThread "Unconstrained build operations Thread 18" [_thread_blocked, id=23224, stack(0x0000005910500000,0x0000005910600000)]
  0x0000020b6127f8a0 JavaThread "Unconstrained build operations Thread 19" [_thread_blocked, id=13096, stack(0x0000005910600000,0x0000005910700000)]
  0x0000020b6127c0f0 JavaThread "Unconstrained build operations Thread 20" [_thread_blocked, id=20672, stack(0x0000005910700000,0x0000005910800000)]
  0x0000020b61282120 JavaThread "Unconstrained build operations Thread 21" [_thread_blocked, id=22552, stack(0x0000005910800000,0x0000005910900000)]
  0x0000020b6127fdb0 JavaThread "Unconstrained build operations Thread 22" [_thread_blocked, id=804, stack(0x0000005910900000,0x0000005910a00000)]
  0x0000020b612807d0 JavaThread "Unconstrained build operations Thread 23" [_thread_blocked, id=24236, stack(0x0000005910a00000,0x0000005910b00000)]
  0x0000020b61282630 JavaThread "Unconstrained build operations Thread 24" [_thread_blocked, id=6640, stack(0x0000005910b00000,0x0000005910c00000)]
  0x0000020b61282b40 JavaThread "Unconstrained build operations Thread 25" [_thread_blocked, id=17368, stack(0x0000005910c00000,0x0000005910d00000)]
  0x0000020b612811f0 JavaThread "Unconstrained build operations Thread 26" [_thread_blocked, id=19536, stack(0x0000005910d00000,0x0000005910e00000)]
  0x0000020b612802c0 JavaThread "Unconstrained build operations Thread 27" [_thread_blocked, id=10372, stack(0x0000005910e00000,0x0000005910f00000)]
  0x0000020b61281c10 JavaThread "build event listener" [_thread_blocked, id=13268, stack(0x0000005910f00000,0x0000005911000000)]
  0x0000020b5f2ec680 JavaThread "Memory manager" [_thread_blocked, id=15964, stack(0x0000005911000000,0x0000005911100000)]
  0x0000020b5f2eb240 JavaThread "ForkJoinPool.commonPool-worker-1" daemon [_thread_blocked, id=8256, stack(0x0000005911100000,0x0000005911200000)]
  0x0000020b5f2ecb90 JavaThread "ForkJoinPool.commonPool-worker-2" daemon [_thread_blocked, id=23788, stack(0x0000005911200000,0x0000005911300000)]
  0x0000020b5f2eb750 JavaThread "ForkJoinPool.commonPool-worker-3" daemon [_thread_blocked, id=20644, stack(0x0000005911300000,0x0000005911400000)]
  0x0000020b5f2ebc60 JavaThread "ForkJoinPool.commonPool-worker-4" daemon [_thread_blocked, id=21244, stack(0x0000005911400000,0x0000005911500000)]
  0x0000020b5f2ed5b0 JavaThread "ForkJoinPool.commonPool-worker-7" daemon [_thread_blocked, id=2400, stack(0x0000005911700000,0x0000005911800000)]
  0x0000020b5f2f1c90 JavaThread "included builds" [_thread_blocked, id=3424, stack(0x000000590ed00000,0x000000590ee00000)]
  0x0000020b5f2eef00 JavaThread "Execution worker" [_thread_blocked, id=8972, stack(0x0000005911b00000,0x0000005911c00000)]
  0x0000020b5f2ef410 JavaThread "Execution worker Thread 2" [_thread_blocked, id=13564, stack(0x0000005911c00000,0x0000005911d00000)]
  0x0000020b5f2ef920 JavaThread "Execution worker Thread 3" [_thread_blocked, id=19716, stack(0x0000005911d00000,0x0000005911e00000)]
  0x0000020b5f2efe30 JavaThread "Execution worker Thread 4" [_thread_blocked, id=11920, stack(0x0000005911e00000,0x0000005911f00000)]
  0x0000020b5f2ee9f0 JavaThread "Execution worker Thread 5" [_thread_blocked, id=16412, stack(0x0000005911f00000,0x0000005912000000)]
  0x0000020b5f2f0340 JavaThread "Execution worker Thread 6" [_thread_blocked, id=19528, stack(0x0000005912000000,0x0000005912100000)]
  0x0000020b5f2f0850 JavaThread "Execution worker Thread 7" [_thread_blocked, id=19132, stack(0x0000005912100000,0x0000005912200000)]
  0x0000020b5f2f1270 JavaThread "Cache worker for execution history cache (C:\Users\rohan\bundle\node_modules\@react-native\gradle-plugin\.gradle\8.12\executionHistory)" [_thread_blocked, id=17496, stack(0x0000005912200000,0x0000005912300000)]
  0x0000020b5f2ee4e0 JavaThread "Unconstrained build operations Thread 28" [_thread_blocked, id=10048, stack(0x0000005912300000,0x0000005912400000)]
  0x0000020b5f2f0d60 JavaThread "Unconstrained build operations Thread 29" [_thread_blocked, id=6852, stack(0x0000005912400000,0x0000005912500000)]
  0x0000020b5f2f1780 JavaThread "Unconstrained build operations Thread 30" [_thread_blocked, id=1616, stack(0x0000005912500000,0x0000005912600000)]
  0x0000020b5a9fcf70 JavaThread "Unconstrained build operations Thread 31" [_thread_blocked, id=4152, stack(0x0000005912600000,0x0000005912700000)]
  0x0000020b5a9fd990 JavaThread "Unconstrained build operations Thread 32" [_thread_blocked, id=12844, stack(0x0000005912700000,0x0000005912800000)]
  0x0000020b5a9fd480 JavaThread "Unconstrained build operations Thread 33" [_thread_blocked, id=3088, stack(0x0000005912800000,0x0000005912900000)]
  0x0000020b5a9fe3b0 JavaThread "Unconstrained build operations Thread 34" [_thread_blocked, id=3728, stack(0x0000005912900000,0x0000005912a00000)]
  0x0000020b5a9fca60 JavaThread "Unconstrained build operations Thread 35" [_thread_blocked, id=10056, stack(0x0000005912b00000,0x0000005912c00000)]
  0x0000020b5a9fdea0 JavaThread "Unconstrained build operations Thread 36" [_thread_blocked, id=24196, stack(0x0000005912c00000,0x0000005912d00000)]
  0x0000020b5a9fe8c0 JavaThread "Unconstrained build operations Thread 37" [_thread_blocked, id=432, stack(0x0000005912d00000,0x0000005912e00000)]
  0x0000020b5a9ff2e0 JavaThread "Unconstrained build operations Thread 38" [_thread_blocked, id=15980, stack(0x0000005912e00000,0x0000005912f00000)]
  0x0000020b5a9fedd0 JavaThread "Unconstrained build operations Thread 39" [_thread_blocked, id=21872, stack(0x0000005912f00000,0x0000005913000000)]
  0x0000020b5a9ff7f0 JavaThread "Unconstrained build operations Thread 40" [_thread_blocked, id=7740, stack(0x0000005913000000,0x0000005913100000)]
  0x0000020b5a9ffd00 JavaThread "Unconstrained build operations Thread 41" [_thread_blocked, id=21096, stack(0x0000005913100000,0x0000005913200000)]
  0x0000020b5aa00210 JavaThread "Unconstrained build operations Thread 42" [_thread_blocked, id=15792, stack(0x0000005913200000,0x0000005913300000)]
  0x0000020b5fb04b10 JavaThread "Unconstrained build operations Thread 43" [_thread_blocked, id=16108, stack(0x0000005913300000,0x0000005913400000)]
  0x0000020b5fb06970 JavaThread "Unconstrained build operations Thread 44" [_thread_blocked, id=16396, stack(0x0000005913400000,0x0000005913500000)]
  0x0000020b5fb078a0 JavaThread "Unconstrained build operations Thread 45" [_thread_blocked, id=18640, stack(0x0000005913500000,0x0000005913600000)]
  0x0000020b5fb04600 JavaThread "Unconstrained build operations Thread 46" [_thread_in_Java, id=6696, stack(0x0000005913600000,0x0000005913700000)]
  0x0000020b5fb05f50 JavaThread "Unconstrained build operations Thread 47" [_thread_blocked, id=1440, stack(0x0000005913700000,0x0000005913800000)]
  0x0000020b5fb06e80 JavaThread "Unconstrained build operations Thread 48" [_thread_blocked, id=20116, stack(0x0000005913800000,0x0000005913900000)]
  0x0000020b5fb05530 JavaThread "Unconstrained build operations Thread 49" [_thread_blocked, id=8292, stack(0x0000005913900000,0x0000005913a00000)]
  0x0000020b5fb07390 JavaThread "Unconstrained build operations Thread 50" [_thread_blocked, id=22272, stack(0x0000005913a00000,0x0000005913b00000)]
  0x0000020b5fb06460 JavaThread "Unconstrained build operations Thread 51" [_thread_blocked, id=24116, stack(0x0000005913b00000,0x0000005913c00000)]
  0x0000020b5fb05a40 JavaThread "Unconstrained build operations Thread 52" [_thread_blocked, id=1228, stack(0x0000005913c00000,0x0000005913d00000)]
  0x0000020b5fb040f0 JavaThread "Unconstrained build operations Thread 53" [_thread_blocked, id=20880, stack(0x0000005913d00000,0x0000005913e00000)]
  0x0000020b5fb07db0 JavaThread "Unconstrained build operations Thread 54" [_thread_blocked, id=17824, stack(0x0000005913e00000,0x0000005913f00000)]
  0x0000020b5fb082c0 JavaThread "Unconstrained build operations Thread 55" [_thread_blocked, id=18112, stack(0x0000005913f00000,0x0000005914000000)]
  0x0000020b5fb087d0 JavaThread "Unconstrained build operations Thread 56" [_thread_blocked, id=24492, stack(0x0000005914000000,0x0000005914100000)]
  0x0000020b5fb05020 JavaThread "Unconstrained build operations Thread 57" [_thread_blocked, id=18688, stack(0x0000005912a00000,0x0000005912b00000)]
  0x0000020b5fb091f0 JavaThread "Unconstrained build operations Thread 58" [_thread_in_Java, id=15004, stack(0x0000005914100000,0x0000005914200000)]
  0x0000020b5fb08ce0 JavaThread "Unconstrained build operations Thread 59" [_thread_blocked, id=14928, stack(0x0000005914200000,0x0000005914300000)]
  0x0000020b5fb09700 JavaThread "Unconstrained build operations Thread 60" [_thread_blocked, id=20848, stack(0x0000005914300000,0x0000005914400000)]
  0x0000020b5fb09c10 JavaThread "Unconstrained build operations Thread 61" [_thread_blocked, id=14712, stack(0x0000005914400000,0x0000005914500000)]
  0x0000020b5fb0a630 JavaThread "Unconstrained build operations Thread 62" [_thread_in_Java, id=21104, stack(0x0000005914500000,0x0000005914600000)]
  0x0000020b5fb0b050 JavaThread "Unconstrained build operations Thread 63" [_thread_blocked, id=1300, stack(0x0000005914600000,0x0000005914700000)]
  0x0000020b5fb0a120 JavaThread "Unconstrained build operations Thread 64" [_thread_blocked, id=17376, stack(0x0000005914700000,0x0000005914800000)]
  0x0000020b5fb0ab40 JavaThread "Unconstrained build operations Thread 65" [_thread_blocked, id=22936, stack(0x0000005914800000,0x0000005914900000)]
  0x0000020b5fb0ba70 JavaThread "Unconstrained build operations Thread 66" [_thread_blocked, id=16464, stack(0x0000005914900000,0x0000005914a00000)]
  0x0000020b609b1920 JavaThread "Unconstrained build operations Thread 67" [_thread_blocked, id=15164, stack(0x0000005914a00000,0x0000005914b00000)]
  0x0000020b61280ce0 JavaThread "Unconstrained build operations Thread 68" [_thread_blocked, id=2356, stack(0x0000005914b00000,0x0000005914c00000)]
  0x0000020b5f088570 JavaThread "Unconstrained build operations Thread 69" [_thread_blocked, id=16128, stack(0x0000005914c00000,0x0000005914d00000)]
  0x0000020b5f085cf0 JavaThread "Unconstrained build operations Thread 70" [_thread_blocked, id=23448, stack(0x0000005914d00000,0x0000005914e00000)]
  0x0000020b5f087130 JavaThread "jar transforms Thread 2" [_thread_blocked, id=15700, stack(0x0000005914e00000,0x0000005914f00000)]
  0x0000020b5f087b50 JavaThread "jar transforms Thread 3" [_thread_blocked, id=9212, stack(0x0000005915000000,0x0000005915100000)]
  0x0000020b5f088f90 JavaThread "Unconstrained build operations Thread 71" [_thread_blocked, id=23280, stack(0x0000005915100000,0x0000005915200000)]
  0x0000020b5f0899b0 JavaThread "Unconstrained build operations Thread 72" [_thread_blocked, id=22284, stack(0x0000005915200000,0x0000005915300000)]
  0x0000020b5f087640 JavaThread "Unconstrained build operations Thread 73" [_thread_blocked, id=15764, stack(0x0000005915300000,0x0000005915400000)]
  0x0000020b5f088060 JavaThread "Unconstrained build operations Thread 74" [_thread_blocked, id=19544, stack(0x0000005915400000,0x0000005915500000)]
  0x0000020b5f088a80 JavaThread "Unconstrained build operations Thread 75" [_thread_blocked, id=18336, stack(0x0000005915500000,0x0000005915600000)]
  0x0000020b5f086200 JavaThread "Unconstrained build operations Thread 76" [_thread_blocked, id=6260, stack(0x0000005915600000,0x0000005915700000)]
  0x0000020b5f0894a0 JavaThread "Unconstrained build operations Thread 77" [_thread_blocked, id=14808, stack(0x0000005915700000,0x0000005915800000)]
  0x0000020b5f089ec0 JavaThread "Unconstrained build operations Thread 78" [_thread_blocked, id=4968, stack(0x0000005915800000,0x0000005915900000)]
  0x0000020b5f086710 JavaThread "Unconstrained build operations Thread 79" [_thread_blocked, id=5736, stack(0x0000005915900000,0x0000005915a00000)]
  0x0000020b5f08a3d0 JavaThread "Unconstrained build operations Thread 80" [_thread_blocked, id=23256, stack(0x0000005915a00000,0x0000005915b00000)]
  0x0000020b5f08bd20 JavaThread "jar transforms Thread 4" [_thread_blocked, id=23240, stack(0x0000005915b00000,0x0000005915c00000)]
  0x0000020b5f08b810 JavaThread "jar transforms Thread 5" [_thread_blocked, id=14188, stack(0x0000005915c00000,0x0000005915d00000)]
  0x0000020b63f7c5d0 JavaThread "build event listener" [_thread_blocked, id=17304, stack(0x0000005914f00000,0x0000005915000000)]
  0x0000020b63f7ee50 JavaThread "Problems report writer" [_thread_blocked, id=11748, stack(0x0000005915d00000,0x0000005915e00000)]
  0x0000020b63f7d500 JavaThread "jar transforms Thread 6" [_thread_blocked, id=15868, stack(0x0000005915f00000,0x0000005916000000)]
  0x0000020b63f7df20 JavaThread "jar transforms Thread 7" [_thread_blocked, id=20664, stack(0x0000005916000000,0x0000005916100000)]
  0x0000020b63f7e430 JavaThread "jar transforms Thread 8" [_thread_blocked, id=19108, stack(0x0000005916100000,0x0000005916200000)]
  0x0000020b6eae6db0 JavaThread "pool-3-thread-1" [_thread_blocked, id=8448, stack(0x0000005916a00000,0x0000005916b00000)]
  0x0000020b6eae6390 JavaThread "build event listener" [_thread_blocked, id=18440, stack(0x0000005916b00000,0x0000005916c00000)]
  0x0000020b6eae4f50 JavaThread "Cache worker for execution history cache (C:\Users\rohan\bundle\android\.gradle\8.12\executionHistory)" [_thread_blocked, id=23576, stack(0x0000005916c00000,0x0000005916d00000)]
  0x0000020b6eae68a0 JavaThread "WorkerExecutor Queue Thread 2" [_thread_blocked, id=14728, stack(0x0000005916e00000,0x0000005916f00000)]
  0x0000020b6eae77d0 JavaThread "WorkerExecutor Queue Thread 3" [_thread_blocked, id=13244, stack(0x0000005916f00000,0x0000005917000000)]
  0x0000020b6eae7ce0 JavaThread "WorkerExecutor Queue Thread 5" [_thread_blocked, id=5376, stack(0x0000005917100000,0x0000005917200000)]
  0x0000020b6eae8700 JavaThread "WorkerExecutor Queue Thread 6" [_thread_blocked, id=5904, stack(0x0000005917200000,0x0000005917300000)]
  0x0000020b6eae4530 JavaThread "WorkerExecutor Queue Thread 7" [_thread_blocked, id=20056, stack(0x0000005917300000,0x0000005917400000)]
  0x0000020b669bf410 JavaThread "Cache worker for Java compile cache (C:\Users\rohan\.gradle\caches\8.12\javaCompile)" [_thread_blocked, id=24488, stack(0x0000005917600000,0x0000005917700000)]
  0x0000020b6fcae0c0 JavaThread "Build operations" [_thread_blocked, id=21876, stack(0x0000005917800000,0x0000005917900000)]
  0x0000020b6fcae5d0 JavaThread "Build operations Thread 2" [_thread_blocked, id=2152, stack(0x0000005917900000,0x0000005917a00000)]
  0x0000020b6fcb0940 JavaThread "Build operations Thread 3" [_thread_blocked, id=20208, stack(0x0000005917a00000,0x0000005917b00000)]
  0x0000020b6fcaff20 JavaThread "Build operations Thread 4" [_thread_blocked, id=22244, stack(0x0000005917b00000,0x0000005917c00000)]
  0x0000020b6fcaeae0 JavaThread "Build operations Thread 5" [_thread_blocked, id=5772, stack(0x0000005917c00000,0x0000005917d00000)]
  0x0000020b6fcb0e50 JavaThread "Build operations Thread 6" [_thread_blocked, id=9304, stack(0x0000005917d00000,0x0000005917e00000)]
  0x0000020b6fcad6a0 JavaThread "Build operations Thread 7" [_thread_blocked, id=16120, stack(0x0000005917e00000,0x0000005917f00000)]
  0x0000020b6fcb1360 JavaThread "Build operations Thread 8" [_thread_blocked, id=8312, stack(0x0000005917f00000,0x0000005918000000)]
  0x0000020b6fcaf500 JavaThread "RMI Scheduler(0)" daemon [_thread_blocked, id=1016, stack(0x000000590bd00000,0x000000590be00000)]
  0x0000020b6fcb4600 JavaThread "RMI GC Daemon" daemon [_thread_blocked, id=18108, stack(0x0000005918000000,0x0000005918100000)]
  0x0000020b6eaebeb0 JavaThread "RMI TCP Accept-0" daemon [_thread_in_native, id=17372, stack(0x0000005918100000,0x0000005918200000)]
  0x0000020b6236fd80 JavaThread "RMI Reaper" [_thread_blocked, id=8108, stack(0x0000005918200000,0x0000005918300000)]
  0x0000020b5f2edfd0 JavaThread "RMI TCP Connection(idle)" daemon [_thread_blocked, id=8080, stack(0x0000005918300000,0x0000005918400000)]
  0x0000020b717b0af0 JavaThread "RMI TCP Connection(idle)" daemon [_thread_blocked, id=7988, stack(0x0000005918500000,0x0000005918600000)]
  0x0000020b717b51d0 JavaThread "WorkerExecutor Queue Thread 11" [_thread_blocked, id=408, stack(0x0000005918800000,0x0000005918900000)]
  0x0000020b717b2950 JavaThread "RMI TCP Connection(idle)" daemon [_thread_blocked, id=18428, stack(0x0000005911500000,0x0000005911600000)]
  0x0000020b717b7f60 JavaThread "WorkerExecutor Queue Thread 12" [_thread_blocked, id=7724, stack(0x000000590ec00000,0x000000590ed00000)]
  0x0000020b717b4cc0 JavaThread "Exec process Thread 4" [_thread_in_native, id=16144, stack(0x0000005911800000,0x0000005911900000)]
  0x0000020b717ba7e0 JavaThread "Exec process Thread 5" [_thread_in_native, id=21348, stack(0x0000005915e00000,0x0000005915f00000)]
  0x0000020b717bacf0 JavaThread "Exec process Thread 6" [_thread_in_native, id=4608, stack(0x0000005916200000,0x0000005916300000)]
  0x0000020b717bc130 JavaThread "Exec process Thread 7" [_thread_in_native, id=5140, stack(0x0000005916300000,0x0000005916400000)]
  0x0000020b717ba2d0 JavaThread "Exec process Thread 8" [_thread_in_native, id=17668, stack(0x0000005916700000,0x0000005916800000)]
  0x0000020b717bb200 JavaThread "Exec process Thread 9" [_thread_in_native, id=5540, stack(0x0000005916800000,0x0000005916900000)]
  0x0000020b717bbc20 JavaThread "WorkerExecutor Queue Thread 14" [_thread_blocked, id=12096, stack(0x0000005911600000,0x0000005911700000)]
  0x0000020b717bd060 JavaThread "pool-4-thread-1" [_thread_blocked, id=9656, stack(0x000000590bf00000,0x000000590c000000)]
  0x0000020b717b98b0 JavaThread "stderr" [_thread_in_native, id=4832, stack(0x0000005911900000,0x0000005911a00000)]
  0x0000020b717bd570 JavaThread "stdout" [_thread_in_native, id=11296, stack(0x0000005916900000,0x0000005916a00000)]
  0x0000020b5f2ed0a0 JavaThread "stderr" [_thread_in_native, id=18448, stack(0x0000005917000000,0x0000005917100000)]
  0x0000020b5f2edac0 JavaThread "stdout" [_thread_in_native, id=19128, stack(0x0000005917400000,0x0000005917500000)]
  0x0000020b5f2ea820 JavaThread "stderr" [_thread_in_native, id=13752, stack(0x0000005918600000,0x0000005918700000)]
  0x0000020b5f2ead30 JavaThread "stdout" [_thread_in_native, id=9088, stack(0x0000005918900000,0x0000005918a00000)]
  0x0000020b669bc170 JavaThread "stderr" [_thread_in_native, id=11652, stack(0x0000005917700000,0x0000005917800000)]
  0x0000020b669c0850 JavaThread "stdout" [_thread_in_native, id=4120, stack(0x0000005918a00000,0x0000005918b00000)]
  0x0000020b6ea90ef0 JavaThread "C2 CompilerThread1" daemon [_thread_in_native, id=24700, stack(0x000000590be00000,0x000000590bf00000)]
=>0x0000020b6ea91ee0 JavaThread "C2 CompilerThread2" daemon [_thread_in_native, id=24704, stack(0x0000005911a00000,0x0000005911b00000)]

Other Threads:
  0x0000020b5a7b6410 VMThread "VM Thread" [stack: 0x000000590c600000,0x000000590c700000] [id=20692]
  0x0000020b359e28d0 WatcherThread [stack: 0x000000590d200000,0x000000590d300000] [id=1572]
  0x0000020b359b9600 GCTaskThread "GC Thread#0" [stack: 0x000000590c100000,0x000000590c200000] [id=18412]
  0x0000020b5f49ed30 GCTaskThread "GC Thread#1" [stack: 0x000000590d500000,0x000000590d600000] [id=7856]
  0x0000020b5f109eb0 GCTaskThread "GC Thread#2" [stack: 0x000000590d600000,0x000000590d700000] [id=17884]
  0x0000020b5f2423e0 GCTaskThread "GC Thread#3" [stack: 0x000000590d700000,0x000000590d800000] [id=22820]
  0x0000020b5f182b60 GCTaskThread "GC Thread#4" [stack: 0x000000590d800000,0x000000590d900000] [id=12064]
  0x0000020b5f182e20 GCTaskThread "GC Thread#5" [stack: 0x000000590d900000,0x000000590da00000] [id=13072]
  0x0000020b5f672c30 GCTaskThread "GC Thread#6" [stack: 0x000000590da00000,0x000000590db00000] [id=14640]
  0x0000020b5f6726b0 GCTaskThread "GC Thread#7" [stack: 0x000000590db00000,0x000000590dc00000] [id=1676]
  0x0000020b359ca460 ConcurrentGCThread "G1 Main Marker" [stack: 0x000000590c200000,0x000000590c300000] [id=4416]
  0x0000020b359cad80 ConcurrentGCThread "G1 Conc#0" [stack: 0x000000590c300000,0x000000590c400000] [id=1368]
  0x0000020b5f672ef0 ConcurrentGCThread "G1 Conc#1" [stack: 0x000000590eb00000,0x000000590ec00000] [id=21168]
  0x0000020b35a0eb70 ConcurrentGCThread "G1 Refine#0" [stack: 0x000000590c400000,0x000000590c500000] [id=21900]
  0x0000020b5fcf76d0 ConcurrentGCThread "G1 Refine#1" [stack: 0x0000005916400000,0x0000005916500000] [id=18660]
  0x0000020b5fcf44e0 ConcurrentGCThread "G1 Refine#2" [stack: 0x0000005916500000,0x0000005916600000] [id=21884]
  0x0000020b5fcf5680 ConcurrentGCThread "G1 Refine#3" [stack: 0x0000005916600000,0x0000005916700000] [id=3144]
  0x0000020b6745df10 ConcurrentGCThread "G1 Refine#4" [stack: 0x0000005917500000,0x0000005917600000] [id=21424]
  0x0000020b5a670550 ConcurrentGCThread "G1 Service" [stack: 0x000000590c500000,0x000000590c600000] [id=16080]

Threads with active compile tasks:
C2 CompilerThread0   195885 53921       4       com.android.tools.r8.internal.KA::c (216 bytes)
C2 CompilerThread1   195885 53951       4       com.android.tools.r8.internal.Un::a (1062 bytes)
C2 CompilerThread2   195885 53939       4       com.android.tools.r8.dex.k::a (131 bytes)

VM state: not at safepoint (normal execution)

VM Mutex/Monitor currently owned by a thread: None

Heap address: 0x0000000700000000, size: 4096 MB, Compressed Oops mode: Zero based, Oop shift amount: 3

CDS archive(s) mapped at: [0x0000020b00000000-0x0000020b00bd0000-0x0000020b00bd0000), size 12386304, SharedBaseAddress: 0x0000020b00000000, ArchiveRelocationMode: 1.
Compressed class space mapped at: 0x0000020b01000000-0x0000020b35000000, reserved size: 872415232
Narrow klass base: 0x0000020b00000000, Narrow klass shift: 0, Narrow klass range: 0x100000000

GC Precious Log:
 CPUs: 8 total, 8 available
 Memory: 16167M
 Large Page Support: Disabled
 NUMA Support: Disabled
 Compressed Oops: Enabled (Zero based)
 Heap Region Size: 2M
 Heap Min Capacity: 8M
 Heap Initial Capacity: 254M
 Heap Max Capacity: 4G
 Pre-touch: Disabled
 Parallel Workers: 8
 Concurrent Workers: 2
 Concurrent Refinement Workers: 8
 Periodic GC: Disabled

Heap:
 garbage-first heap   total 2025472K, used 1376099K [0x0000000700000000, 0x0000000800000000)
  region size 2048K, 378 young (774144K), 13 survivors (26624K)
 Metaspace       used 193677K, committed 196544K, reserved 1048576K
  class space    used 24922K, committed 26240K, reserved 851968K

Heap Regions: E=young(eden), S=young(survivor), O=old, HS=humongous(starts), HC=humongous(continues), CS=collection set, F=free, OA=open archive, CA=closed archive, TAMS=top-at-mark-start (previous, next)
|   0|0x0000000700000000, 0x0000000700200000, 0x0000000700200000|100%|HS|  |TAMS 0x0000000700200000, 0x0000000700000000| Complete 
|   1|0x0000000700200000, 0x0000000700400000, 0x0000000700400000|100%|HC|  |TAMS 0x0000000700400000, 0x0000000700200000| Complete 
|   2|0x0000000700400000, 0x0000000700600000, 0x0000000700600000|100%| O|  |TAMS 0x0000000700600000, 0x0000000700400000| Untracked 
|   3|0x0000000700600000, 0x0000000700800000, 0x0000000700800000|100%| O|  |TAMS 0x0000000700800000, 0x0000000700600000| Untracked 
|   4|0x0000000700800000, 0x0000000700a00000, 0x0000000700a00000|100%| O|  |TAMS 0x0000000700a00000, 0x0000000700800000| Untracked 
|   5|0x0000000700a00000, 0x0000000700c00000, 0x0000000700c00000|100%| O|  |TAMS 0x0000000700c00000, 0x0000000700a00000| Untracked 
|   6|0x0000000700c00000, 0x0000000700e00000, 0x0000000700e00000|100%| O|  |TAMS 0x0000000700e00000, 0x0000000700c00000| Untracked 
|   7|0x0000000700e00000, 0x0000000701000000, 0x0000000701000000|100%| O|  |TAMS 0x0000000701000000, 0x0000000700e00000| Untracked 
|   8|0x0000000701000000, 0x0000000701200000, 0x0000000701200000|100%| O|  |TAMS 0x0000000701200000, 0x0000000701000000| Untracked 
|   9|0x0000000701200000, 0x0000000701400000, 0x0000000701400000|100%| O|  |TAMS 0x0000000701400000, 0x0000000701200000| Untracked 
|  10|0x0000000701400000, 0x0000000701600000, 0x0000000701600000|100%| O|  |TAMS 0x0000000701600000, 0x0000000701400000| Untracked 
|  11|0x0000000701600000, 0x0000000701800000, 0x0000000701800000|100%| O|  |TAMS 0x0000000701800000, 0x0000000701600000| Untracked 
|  12|0x0000000701800000, 0x0000000701a00000, 0x0000000701a00000|100%| O|  |TAMS 0x0000000701a00000, 0x0000000701800000| Untracked 
|  13|0x0000000701a00000, 0x0000000701c00000, 0x0000000701c00000|100%| O|  |TAMS 0x0000000701c00000, 0x0000000701a00000| Untracked 
|  14|0x0000000701c00000, 0x0000000701e00000, 0x0000000701e00000|100%|HS|  |TAMS 0x0000000701e00000, 0x0000000701c00000| Complete 
|  15|0x0000000701e00000, 0x0000000702000000, 0x0000000702000000|100%| O|  |TAMS 0x0000000702000000, 0x0000000701e00000| Untracked 
|  16|0x0000000702000000, 0x0000000702200000, 0x0000000702200000|100%| O|  |TAMS 0x0000000702200000, 0x0000000702000000| Untracked 
|  17|0x0000000702200000, 0x0000000702400000, 0x0000000702400000|100%|HS|  |TAMS 0x0000000702400000, 0x0000000702200000| Complete 
|  18|0x0000000702400000, 0x0000000702600000, 0x0000000702600000|100%|HC|  |TAMS 0x0000000702600000, 0x0000000702400000| Complete 
|  19|0x0000000702600000, 0x0000000702800000, 0x0000000702800000|100%|HS|  |TAMS 0x0000000702800000, 0x0000000702600000| Complete 
|  20|0x0000000702800000, 0x0000000702a00000, 0x0000000702a00000|100%| O|  |TAMS 0x0000000702a00000, 0x0000000702800000| Untracked 
|  21|0x0000000702a00000, 0x0000000702c00000, 0x0000000702c00000|100%| O|  |TAMS 0x0000000702c00000, 0x0000000702a00000| Untracked 
|  22|0x0000000702c00000, 0x0000000702e00000, 0x0000000702e00000|100%| O|  |TAMS 0x0000000702e00000, 0x0000000702c00000| Untracked 
|  23|0x0000000702e00000, 0x0000000703000000, 0x0000000703000000|100%| O|  |TAMS 0x0000000703000000, 0x0000000702e00000| Untracked 
|  24|0x0000000703000000, 0x0000000703200000, 0x0000000703200000|100%| O|  |TAMS 0x0000000703200000, 0x0000000703000000| Untracked 
|  25|0x0000000703200000, 0x0000000703400000, 0x0000000703400000|100%| O|  |TAMS 0x0000000703400000, 0x0000000703200000| Untracked 
|  26|0x0000000703400000, 0x0000000703600000, 0x0000000703600000|100%|HS|  |TAMS 0x0000000703600000, 0x0000000703400000| Complete 
|  27|0x0000000703600000, 0x0000000703800000, 0x0000000703800000|100%| O|  |TAMS 0x0000000703800000, 0x0000000703600000| Untracked 
|  28|0x0000000703800000, 0x0000000703a00000, 0x0000000703a00000|100%|HS|  |TAMS 0x0000000703a00000, 0x0000000703800000| Complete 
|  29|0x0000000703a00000, 0x0000000703c00000, 0x0000000703c00000|100%|HC|  |TAMS 0x0000000703c00000, 0x0000000703a00000| Complete 
|  30|0x0000000703c00000, 0x0000000703e00000, 0x0000000703e00000|100%| O|  |TAMS 0x0000000703e00000, 0x0000000703c00000| Untracked 
|  31|0x0000000703e00000, 0x0000000704000000, 0x0000000704000000|100%| O|  |TAMS 0x0000000704000000, 0x0000000703e00000| Untracked 
|  32|0x0000000704000000, 0x0000000704200000, 0x0000000704200000|100%| O|  |TAMS 0x0000000704200000, 0x0000000704000000| Untracked 
|  33|0x0000000704200000, 0x0000000704400000, 0x0000000704400000|100%| O|  |TAMS 0x0000000704400000, 0x0000000704200000| Untracked 
|  34|0x0000000704400000, 0x0000000704600000, 0x0000000704600000|100%| O|  |TAMS 0x0000000704600000, 0x0000000704400000| Untracked 
|  35|0x0000000704600000, 0x0000000704800000, 0x0000000704800000|100%| O|  |TAMS 0x0000000704800000, 0x0000000704600000| Untracked 
|  36|0x0000000704800000, 0x0000000704a00000, 0x0000000704a00000|100%| O|  |TAMS 0x0000000704a00000, 0x0000000704800000| Untracked 
|  37|0x0000000704a00000, 0x0000000704c00000, 0x0000000704c00000|100%| O|  |TAMS 0x0000000704c00000, 0x0000000704a00000| Untracked 
|  38|0x0000000704c00000, 0x0000000704e00000, 0x0000000704e00000|100%| O|  |TAMS 0x0000000704e00000, 0x0000000704c00000| Untracked 
|  39|0x0000000704e00000, 0x0000000705000000, 0x0000000705000000|100%| O|  |TAMS 0x0000000705000000, 0x0000000704e00000| Untracked 
|  40|0x0000000705000000, 0x0000000705200000, 0x0000000705200000|100%| O|  |TAMS 0x0000000705200000, 0x0000000705000000| Untracked 
|  41|0x0000000705200000, 0x0000000705400000, 0x0000000705400000|100%| O|  |TAMS 0x0000000705400000, 0x0000000705200000| Untracked 
|  42|0x0000000705400000, 0x0000000705600000, 0x0000000705600000|100%| O|  |TAMS 0x0000000705600000, 0x0000000705400000| Untracked 
|  43|0x0000000705600000, 0x0000000705800000, 0x0000000705800000|100%| O|  |TAMS 0x0000000705800000, 0x0000000705600000| Untracked 
|  44|0x0000000705800000, 0x0000000705a00000, 0x0000000705a00000|100%| O|  |TAMS 0x0000000705a00000, 0x0000000705800000| Untracked 
|  45|0x0000000705a00000, 0x0000000705c00000, 0x0000000705c00000|100%|HS|  |TAMS 0x0000000705c00000, 0x0000000705a00000| Complete 
|  46|0x0000000705c00000, 0x0000000705e00000, 0x0000000705e00000|100%| O|  |TAMS 0x0000000705e00000, 0x0000000705c00000| Untracked 
|  47|0x0000000705e00000, 0x0000000706000000, 0x0000000706000000|100%| O|  |TAMS 0x0000000706000000, 0x0000000705e00000| Untracked 
|  48|0x0000000706000000, 0x0000000706200000, 0x0000000706200000|100%| O|  |TAMS 0x0000000706200000, 0x0000000706000000| Untracked 
|  49|0x0000000706200000, 0x0000000706400000, 0x0000000706400000|100%| O|  |TAMS 0x0000000706400000, 0x0000000706200000| Untracked 
|  50|0x0000000706400000, 0x0000000706600000, 0x0000000706600000|100%| O|  |TAMS 0x0000000706600000, 0x0000000706400000| Untracked 
|  51|0x0000000706600000, 0x0000000706800000, 0x0000000706800000|100%| O|  |TAMS 0x0000000706800000, 0x0000000706600000| Untracked 
|  52|0x0000000706800000, 0x0000000706a00000, 0x0000000706a00000|100%| O|  |TAMS 0x0000000706a00000, 0x0000000706800000| Untracked 
|  53|0x0000000706a00000, 0x0000000706c00000, 0x0000000706c00000|100%| O|  |TAMS 0x0000000706c00000, 0x0000000706a00000| Untracked 
|  54|0x0000000706c00000, 0x0000000706e00000, 0x0000000706e00000|100%| O|  |TAMS 0x0000000706e00000, 0x0000000706c00000| Untracked 
|  55|0x0000000706e00000, 0x0000000707000000, 0x0000000707000000|100%| O|  |TAMS 0x0000000707000000, 0x0000000706e00000| Untracked 
|  56|0x0000000707000000, 0x0000000707200000, 0x0000000707200000|100%| O|  |TAMS 0x0000000707200000, 0x0000000707000000| Untracked 
|  57|0x0000000707200000, 0x0000000707400000, 0x0000000707400000|100%|HS|  |TAMS 0x0000000707400000, 0x0000000707200000| Complete 
|  58|0x0000000707400000, 0x0000000707600000, 0x0000000707600000|100%| O|  |TAMS 0x0000000707600000, 0x0000000707400000| Untracked 
|  59|0x0000000707600000, 0x0000000707800000, 0x0000000707800000|100%| O|  |TAMS 0x0000000707800000, 0x0000000707600000| Untracked 
|  60|0x0000000707800000, 0x0000000707a00000, 0x0000000707a00000|100%| O|  |TAMS 0x0000000707a00000, 0x0000000707800000| Untracked 
|  61|0x0000000707a00000, 0x0000000707c00000, 0x0000000707c00000|100%| O|  |TAMS 0x0000000707c00000, 0x0000000707a00000| Untracked 
|  62|0x0000000707c00000, 0x0000000707e00000, 0x0000000707e00000|100%| O|  |TAMS 0x0000000707e00000, 0x0000000707c00000| Untracked 
|  63|0x0000000707e00000, 0x0000000708000000, 0x0000000708000000|100%| O|  |TAMS 0x0000000708000000, 0x0000000707e00000| Untracked 
|  64|0x0000000708000000, 0x0000000708200000, 0x0000000708200000|100%| O|  |TAMS 0x0000000708200000, 0x0000000708000000| Untracked 
|  65|0x0000000708200000, 0x0000000708400000, 0x0000000708400000|100%|HS|  |TAMS 0x0000000708400000, 0x0000000708200000| Complete 
|  66|0x0000000708400000, 0x0000000708600000, 0x0000000708600000|100%|HC|  |TAMS 0x0000000708600000, 0x0000000708400000| Complete 
|  67|0x0000000708600000, 0x0000000708800000, 0x0000000708800000|100%| O|  |TAMS 0x0000000708800000, 0x0000000708600000| Untracked 
|  68|0x0000000708800000, 0x0000000708a00000, 0x0000000708a00000|100%| O|  |TAMS 0x0000000708a00000, 0x0000000708800000| Untracked 
|  69|0x0000000708a00000, 0x0000000708c00000, 0x0000000708c00000|100%| O|  |TAMS 0x0000000708c00000, 0x0000000708a00000| Untracked 
|  70|0x0000000708c00000, 0x0000000708e00000, 0x0000000708e00000|100%| O|  |TAMS 0x0000000708e00000, 0x0000000708c00000| Untracked 
|  71|0x0000000708e00000, 0x0000000709000000, 0x0000000709000000|100%| O|  |TAMS 0x0000000709000000, 0x0000000708e00000| Untracked 
|  72|0x0000000709000000, 0x0000000709200000, 0x0000000709200000|100%| O|  |TAMS 0x0000000709200000, 0x0000000709000000| Untracked 
|  73|0x0000000709200000, 0x0000000709400000, 0x0000000709400000|100%| O|  |TAMS 0x0000000709400000, 0x0000000709200000| Untracked 
|  74|0x0000000709400000, 0x0000000709600000, 0x0000000709600000|100%| O|  |TAMS 0x0000000709600000, 0x0000000709400000| Untracked 
|  75|0x0000000709600000, 0x0000000709800000, 0x0000000709800000|100%|HS|  |TAMS 0x0000000709800000, 0x0000000709600000| Complete 
|  76|0x0000000709800000, 0x0000000709a00000, 0x0000000709a00000|100%|HC|  |TAMS 0x0000000709a00000, 0x0000000709800000| Complete 
|  77|0x0000000709a00000, 0x0000000709c00000, 0x0000000709c00000|100%|HS|  |TAMS 0x0000000709c00000, 0x0000000709a00000| Complete 
|  78|0x0000000709c00000, 0x0000000709e00000, 0x0000000709e00000|100%| O|  |TAMS 0x0000000709e00000, 0x0000000709c00000| Untracked 
|  79|0x0000000709e00000, 0x000000070a000000, 0x000000070a000000|100%| O|  |TAMS 0x000000070a000000, 0x0000000709e00000| Untracked 
|  80|0x000000070a000000, 0x000000070a200000, 0x000000070a200000|100%| O|  |TAMS 0x000000070a200000, 0x000000070a000000| Untracked 
|  81|0x000000070a200000, 0x000000070a400000, 0x000000070a400000|100%| O|  |TAMS 0x000000070a400000, 0x000000070a200000| Untracked 
|  82|0x000000070a400000, 0x000000070a600000, 0x000000070a600000|100%| O|  |TAMS 0x000000070a600000, 0x000000070a400000| Untracked 
|  83|0x000000070a600000, 0x000000070a800000, 0x000000070a800000|100%| O|  |TAMS 0x000000070a800000, 0x000000070a600000| Untracked 
|  84|0x000000070a800000, 0x000000070aa00000, 0x000000070aa00000|100%| O|  |TAMS 0x000000070aa00000, 0x000000070a800000| Untracked 
|  85|0x000000070aa00000, 0x000000070ac00000, 0x000000070ac00000|100%| O|  |TAMS 0x000000070ac00000, 0x000000070aa00000| Untracked 
|  86|0x000000070ac00000, 0x000000070ae00000, 0x000000070ae00000|100%| O|  |TAMS 0x000000070ae00000, 0x000000070ac00000| Untracked 
|  87|0x000000070ae00000, 0x000000070b000000, 0x000000070b000000|100%| O|  |TAMS 0x000000070b000000, 0x000000070ae00000| Untracked 
|  88|0x000000070b000000, 0x000000070b200000, 0x000000070b200000|100%| O|  |TAMS 0x000000070b200000, 0x000000070b000000| Untracked 
|  89|0x000000070b200000, 0x000000070b400000, 0x000000070b400000|100%| O|  |TAMS 0x000000070b400000, 0x000000070b200000| Untracked 
|  90|0x000000070b400000, 0x000000070b600000, 0x000000070b600000|100%| O|  |TAMS 0x000000070b600000, 0x000000070b400000| Untracked 
|  91|0x000000070b600000, 0x000000070b800000, 0x000000070b800000|100%| O|  |TAMS 0x000000070b800000, 0x000000070b600000| Untracked 
|  92|0x000000070b800000, 0x000000070ba00000, 0x000000070ba00000|100%| O|  |TAMS 0x000000070ba00000, 0x000000070b800000| Untracked 
|  93|0x000000070ba00000, 0x000000070bc00000, 0x000000070bc00000|100%| O|  |TAMS 0x000000070bc00000, 0x000000070ba00000| Untracked 
|  94|0x000000070bc00000, 0x000000070be00000, 0x000000070be00000|100%| O|  |TAMS 0x000000070be00000, 0x000000070bc00000| Untracked 
|  95|0x000000070be00000, 0x000000070c000000, 0x000000070c000000|100%| O|  |TAMS 0x000000070c000000, 0x000000070be00000| Untracked 
|  96|0x000000070c000000, 0x000000070c200000, 0x000000070c200000|100%| O|  |TAMS 0x000000070c200000, 0x000000070c000000| Untracked 
|  97|0x000000070c200000, 0x000000070c400000, 0x000000070c400000|100%| O|  |TAMS 0x000000070c400000, 0x000000070c200000| Untracked 
|  98|0x000000070c400000, 0x000000070c600000, 0x000000070c600000|100%| O|  |TAMS 0x000000070c600000, 0x000000070c400000| Untracked 
|  99|0x000000070c600000, 0x000000070c800000, 0x000000070c800000|100%| O|  |TAMS 0x000000070c800000, 0x000000070c600000| Untracked 
| 100|0x000000070c800000, 0x000000070ca00000, 0x000000070ca00000|100%| O|  |TAMS 0x000000070ca00000, 0x000000070c800000| Untracked 
| 101|0x000000070ca00000, 0x000000070cc00000, 0x000000070cc00000|100%| O|  |TAMS 0x000000070cc00000, 0x000000070ca00000| Untracked 
| 102|0x000000070cc00000, 0x000000070ce00000, 0x000000070ce00000|100%| O|  |TAMS 0x000000070ce00000, 0x000000070cc00000| Untracked 
| 103|0x000000070ce00000, 0x000000070d000000, 0x000000070d000000|100%| O|  |TAMS 0x000000070d000000, 0x000000070ce00000| Untracked 
| 104|0x000000070d000000, 0x000000070d200000, 0x000000070d200000|100%| O|  |TAMS 0x000000070d200000, 0x000000070d000000| Untracked 
| 105|0x000000070d200000, 0x000000070d400000, 0x000000070d400000|100%| O|  |TAMS 0x000000070d400000, 0x000000070d200000| Untracked 
| 106|0x000000070d400000, 0x000000070d600000, 0x000000070d600000|100%| O|  |TAMS 0x000000070d600000, 0x000000070d400000| Untracked 
| 107|0x000000070d600000, 0x000000070d800000, 0x000000070d800000|100%| O|  |TAMS 0x000000070d800000, 0x000000070d600000| Untracked 
| 108|0x000000070d800000, 0x000000070da00000, 0x000000070da00000|100%| O|  |TAMS 0x000000070da00000, 0x000000070d800000| Untracked 
| 109|0x000000070da00000, 0x000000070dc00000, 0x000000070dc00000|100%| O|  |TAMS 0x000000070dc00000, 0x000000070da00000| Untracked 
| 110|0x000000070dc00000, 0x000000070de00000, 0x000000070de00000|100%| O|  |TAMS 0x000000070de00000, 0x000000070dc00000| Untracked 
| 111|0x000000070de00000, 0x000000070e000000, 0x000000070e000000|100%| O|  |TAMS 0x000000070e000000, 0x000000070de00000| Untracked 
| 112|0x000000070e000000, 0x000000070e200000, 0x000000070e200000|100%| O|  |TAMS 0x000000070e200000, 0x000000070e000000| Untracked 
| 113|0x000000070e200000, 0x000000070e400000, 0x000000070e400000|100%| O|  |TAMS 0x000000070e400000, 0x000000070e200000| Untracked 
| 114|0x000000070e400000, 0x000000070e600000, 0x000000070e600000|100%| O|  |TAMS 0x000000070e600000, 0x000000070e400000| Untracked 
| 115|0x000000070e600000, 0x000000070e800000, 0x000000070e800000|100%| O|  |TAMS 0x000000070e800000, 0x000000070e600000| Untracked 
| 116|0x000000070e800000, 0x000000070ea00000, 0x000000070ea00000|100%| O|  |TAMS 0x000000070ea00000, 0x000000070e800000| Untracked 
| 117|0x000000070ea00000, 0x000000070ec00000, 0x000000070ec00000|100%| O|  |TAMS 0x000000070ec00000, 0x000000070ea00000| Untracked 
| 118|0x000000070ec00000, 0x000000070ee00000, 0x000000070ee00000|100%| O|  |TAMS 0x000000070ee00000, 0x000000070ec00000| Untracked 
| 119|0x000000070ee00000, 0x000000070f000000, 0x000000070f000000|100%| O|  |TAMS 0x000000070f000000, 0x000000070ee00000| Untracked 
| 120|0x000000070f000000, 0x000000070f200000, 0x000000070f200000|100%| O|  |TAMS 0x000000070f200000, 0x000000070f000000| Untracked 
| 121|0x000000070f200000, 0x000000070f400000, 0x000000070f400000|100%| O|  |TAMS 0x000000070f400000, 0x000000070f200000| Untracked 
| 122|0x000000070f400000, 0x000000070f600000, 0x000000070f600000|100%| O|  |TAMS 0x000000070f600000, 0x000000070f400000| Complete 
| 123|0x000000070f600000, 0x000000070f800000, 0x000000070f800000|100%| O|  |TAMS 0x000000070f800000, 0x000000070f600000| Untracked 
| 124|0x000000070f800000, 0x000000070fa00000, 0x000000070fa00000|100%| O|  |TAMS 0x000000070fa00000, 0x000000070f800000| Untracked 
| 125|0x000000070fa00000, 0x000000070fc00000, 0x000000070fc00000|100%| O|  |TAMS 0x000000070fc00000, 0x000000070fa00000| Untracked 
| 126|0x000000070fc00000, 0x000000070fe00000, 0x000000070fe00000|100%| O|  |TAMS 0x000000070fe00000, 0x000000070fc00000| Untracked 
| 127|0x000000070fe00000, 0x0000000710000000, 0x0000000710000000|100%| O|  |TAMS 0x0000000710000000, 0x000000070fe00000| Untracked 
| 128|0x0000000710000000, 0x0000000710200000, 0x0000000710200000|100%| O|  |TAMS 0x0000000710200000, 0x0000000710000000| Untracked 
| 129|0x0000000710200000, 0x0000000710400000, 0x0000000710400000|100%| O|  |TAMS 0x0000000710400000, 0x0000000710200000| Untracked 
| 130|0x0000000710400000, 0x0000000710600000, 0x0000000710600000|100%| O|  |TAMS 0x0000000710600000, 0x0000000710400000| Untracked 
| 131|0x0000000710600000, 0x0000000710800000, 0x0000000710800000|100%| O|  |TAMS 0x0000000710800000, 0x0000000710600000| Untracked 
| 132|0x0000000710800000, 0x0000000710a00000, 0x0000000710a00000|100%| O|  |TAMS 0x0000000710a00000, 0x0000000710800000| Untracked 
| 133|0x0000000710a00000, 0x0000000710c00000, 0x0000000710c00000|100%| O|  |TAMS 0x0000000710c00000, 0x0000000710a00000| Untracked 
| 134|0x0000000710c00000, 0x0000000710e00000, 0x0000000710e00000|100%| O|  |TAMS 0x0000000710e00000, 0x0000000710c00000| Untracked 
| 135|0x0000000710e00000, 0x0000000711000000, 0x0000000711000000|100%| O|  |TAMS 0x0000000711000000, 0x0000000710e00000| Untracked 
| 136|0x0000000711000000, 0x0000000711200000, 0x0000000711200000|100%| O|  |TAMS 0x0000000711200000, 0x0000000711000000| Untracked 
| 137|0x0000000711200000, 0x0000000711400000, 0x0000000711400000|100%| O|  |TAMS 0x0000000711400000, 0x0000000711200000| Untracked 
| 138|0x0000000711400000, 0x0000000711600000, 0x0000000711600000|100%| O|  |TAMS 0x0000000711600000, 0x0000000711400000| Untracked 
| 139|0x0000000711600000, 0x0000000711800000, 0x0000000711800000|100%| O|  |TAMS 0x0000000711800000, 0x0000000711600000| Untracked 
| 140|0x0000000711800000, 0x0000000711a00000, 0x0000000711a00000|100%| O|  |TAMS 0x0000000711a00000, 0x0000000711800000| Untracked 
| 141|0x0000000711a00000, 0x0000000711c00000, 0x0000000711c00000|100%| O|  |TAMS 0x0000000711c00000, 0x0000000711a00000| Untracked 
| 142|0x0000000711c00000, 0x0000000711e00000, 0x0000000711e00000|100%| O|  |TAMS 0x0000000711e00000, 0x0000000711c00000| Untracked 
| 143|0x0000000711e00000, 0x0000000712000000, 0x0000000712000000|100%| O|  |TAMS 0x0000000712000000, 0x0000000711e00000| Untracked 
| 144|0x0000000712000000, 0x0000000712200000, 0x0000000712200000|100%| O|  |TAMS 0x0000000712200000, 0x0000000712000000| Untracked 
| 145|0x0000000712200000, 0x0000000712400000, 0x0000000712400000|100%| O|  |TAMS 0x0000000712400000, 0x0000000712200000| Untracked 
| 146|0x0000000712400000, 0x0000000712600000, 0x0000000712600000|100%| O|  |TAMS 0x0000000712600000, 0x0000000712400000| Untracked 
| 147|0x0000000712600000, 0x0000000712800000, 0x0000000712800000|100%| O|  |TAMS 0x0000000712800000, 0x0000000712600000| Complete 
| 148|0x0000000712800000, 0x0000000712a00000, 0x0000000712a00000|100%| O|  |TAMS 0x0000000712a00000, 0x0000000712800000| Untracked 
| 149|0x0000000712a00000, 0x0000000712c00000, 0x0000000712c00000|100%| O|  |TAMS 0x0000000712c00000, 0x0000000712a00000| Untracked 
| 150|0x0000000712c00000, 0x0000000712e00000, 0x0000000712e00000|100%| O|  |TAMS 0x0000000712e00000, 0x0000000712c00000| Untracked 
| 151|0x0000000712e00000, 0x0000000713000000, 0x0000000713000000|100%| O|  |TAMS 0x0000000713000000, 0x0000000712e00000| Untracked 
| 152|0x0000000713000000, 0x0000000713200000, 0x0000000713200000|100%| O|  |TAMS 0x0000000713200000, 0x0000000713000000| Untracked 
| 153|0x0000000713200000, 0x0000000713400000, 0x0000000713400000|100%| O|  |TAMS 0x0000000713400000, 0x0000000713200000| Untracked 
| 154|0x0000000713400000, 0x0000000713600000, 0x0000000713600000|100%| O|  |TAMS 0x0000000713600000, 0x0000000713400000| Untracked 
| 155|0x0000000713600000, 0x0000000713800000, 0x0000000713800000|100%| O|  |TAMS 0x0000000713800000, 0x0000000713600000| Untracked 
| 156|0x0000000713800000, 0x0000000713a00000, 0x0000000713a00000|100%| O|  |TAMS 0x0000000713a00000, 0x0000000713800000| Untracked 
| 157|0x0000000713a00000, 0x0000000713c00000, 0x0000000713c00000|100%| O|  |TAMS 0x0000000713c00000, 0x0000000713a00000| Untracked 
| 158|0x0000000713c00000, 0x0000000713e00000, 0x0000000713e00000|100%| O|  |TAMS 0x0000000713e00000, 0x0000000713c00000| Untracked 
| 159|0x0000000713e00000, 0x0000000714000000, 0x0000000714000000|100%| O|  |TAMS 0x0000000714000000, 0x0000000713e00000| Untracked 
| 160|0x0000000714000000, 0x0000000714200000, 0x0000000714200000|100%| O|  |TAMS 0x0000000714200000, 0x0000000714000000| Untracked 
| 161|0x0000000714200000, 0x0000000714400000, 0x0000000714400000|100%| O|  |TAMS 0x0000000714400000, 0x0000000714200000| Untracked 
| 162|0x0000000714400000, 0x0000000714600000, 0x0000000714600000|100%| O|  |TAMS 0x0000000714600000, 0x0000000714400000| Untracked 
| 163|0x0000000714600000, 0x0000000714800000, 0x0000000714800000|100%| O|  |TAMS 0x0000000714800000, 0x0000000714600000| Untracked 
| 164|0x0000000714800000, 0x0000000714a00000, 0x0000000714a00000|100%| O|  |TAMS 0x0000000714a00000, 0x0000000714800000| Untracked 
| 165|0x0000000714a00000, 0x0000000714c00000, 0x0000000714c00000|100%| O|  |TAMS 0x0000000714c00000, 0x0000000714a00000| Untracked 
| 166|0x0000000714c00000, 0x0000000714e00000, 0x0000000714e00000|100%| O|  |TAMS 0x0000000714e00000, 0x0000000714c00000| Untracked 
| 167|0x0000000714e00000, 0x0000000715000000, 0x0000000715000000|100%| O|  |TAMS 0x0000000715000000, 0x0000000714e00000| Untracked 
| 168|0x0000000715000000, 0x0000000715200000, 0x0000000715200000|100%| O|  |TAMS 0x0000000715200000, 0x0000000715000000| Untracked 
| 169|0x0000000715200000, 0x0000000715400000, 0x0000000715400000|100%| O|  |TAMS 0x0000000715400000, 0x0000000715200000| Untracked 
| 170|0x0000000715400000, 0x0000000715600000, 0x0000000715600000|100%| O|  |TAMS 0x0000000715600000, 0x0000000715400000| Untracked 
| 171|0x0000000715600000, 0x0000000715800000, 0x0000000715800000|100%| O|  |TAMS 0x0000000715800000, 0x0000000715600000| Untracked 
| 172|0x0000000715800000, 0x0000000715a00000, 0x0000000715a00000|100%| O|  |TAMS 0x0000000715a00000, 0x0000000715800000| Untracked 
| 173|0x0000000715a00000, 0x0000000715c00000, 0x0000000715c00000|100%| O|  |TAMS 0x0000000715c00000, 0x0000000715a00000| Untracked 
| 174|0x0000000715c00000, 0x0000000715e00000, 0x0000000715e00000|100%| O|  |TAMS 0x0000000715e00000, 0x0000000715c00000| Untracked 
| 175|0x0000000715e00000, 0x0000000716000000, 0x0000000716000000|100%| O|  |TAMS 0x0000000716000000, 0x0000000715e00000| Untracked 
| 176|0x0000000716000000, 0x0000000716200000, 0x0000000716200000|100%| O|  |TAMS 0x0000000716200000, 0x0000000716000000| Complete 
| 177|0x0000000716200000, 0x0000000716400000, 0x0000000716400000|100%| O|  |TAMS 0x0000000716400000, 0x0000000716200000| Untracked 
| 178|0x0000000716400000, 0x0000000716600000, 0x0000000716600000|100%| O|  |TAMS 0x0000000716600000, 0x0000000716400000| Untracked 
| 179|0x0000000716600000, 0x0000000716800000, 0x0000000716800000|100%| O|  |TAMS 0x0000000716800000, 0x0000000716600000| Untracked 
| 180|0x0000000716800000, 0x0000000716a00000, 0x0000000716a00000|100%| O|  |TAMS 0x0000000716a00000, 0x0000000716800000| Untracked 
| 181|0x0000000716a00000, 0x0000000716c00000, 0x0000000716c00000|100%| O|  |TAMS 0x0000000716c00000, 0x0000000716a00000| Untracked 
| 182|0x0000000716c00000, 0x0000000716e00000, 0x0000000716e00000|100%| O|  |TAMS 0x0000000716e00000, 0x0000000716c00000| Untracked 
| 183|0x0000000716e00000, 0x0000000717000000, 0x0000000717000000|100%| O|  |TAMS 0x0000000717000000, 0x0000000716e00000| Untracked 
| 184|0x0000000717000000, 0x0000000717200000, 0x0000000717200000|100%| O|  |TAMS 0x0000000717200000, 0x0000000717000000| Untracked 
| 185|0x0000000717200000, 0x0000000717400000, 0x0000000717400000|100%| O|  |TAMS 0x0000000717400000, 0x0000000717200000| Untracked 
| 186|0x0000000717400000, 0x0000000717600000, 0x0000000717600000|100%| O|  |TAMS 0x0000000717600000, 0x0000000717400000| Untracked 
| 187|0x0000000717600000, 0x0000000717800000, 0x0000000717800000|100%| O|  |TAMS 0x0000000717800000, 0x0000000717600000| Untracked 
| 188|0x0000000717800000, 0x0000000717a00000, 0x0000000717a00000|100%| O|  |TAMS 0x0000000717a00000, 0x0000000717800000| Untracked 
| 189|0x0000000717a00000, 0x0000000717c00000, 0x0000000717c00000|100%| O|  |TAMS 0x0000000717c00000, 0x0000000717a00000| Untracked 
| 190|0x0000000717c00000, 0x0000000717e00000, 0x0000000717e00000|100%| O|  |TAMS 0x0000000717e00000, 0x0000000717c00000| Complete 
| 191|0x0000000717e00000, 0x0000000718000000, 0x0000000718000000|100%| O|  |TAMS 0x0000000718000000, 0x0000000717e00000| Untracked 
| 192|0x0000000718000000, 0x0000000718200000, 0x0000000718200000|100%| O|  |TAMS 0x0000000718200000, 0x0000000718000000| Untracked 
| 193|0x0000000718200000, 0x0000000718400000, 0x0000000718400000|100%| O|  |TAMS 0x0000000718400000, 0x0000000718200000| Untracked 
| 194|0x0000000718400000, 0x0000000718600000, 0x0000000718600000|100%| O|  |TAMS 0x0000000718600000, 0x0000000718400000| Untracked 
| 195|0x0000000718600000, 0x0000000718800000, 0x0000000718800000|100%| O|  |TAMS 0x0000000718800000, 0x0000000718600000| Untracked 
| 196|0x0000000718800000, 0x0000000718a00000, 0x0000000718a00000|100%| O|  |TAMS 0x0000000718a00000, 0x0000000718800000| Untracked 
| 197|0x0000000718a00000, 0x0000000718c00000, 0x0000000718c00000|100%| O|  |TAMS 0x0000000718c00000, 0x0000000718a00000| Untracked 
| 198|0x0000000718c00000, 0x0000000718e00000, 0x0000000718e00000|100%| O|  |TAMS 0x0000000718e00000, 0x0000000718c00000| Untracked 
| 199|0x0000000718e00000, 0x0000000719000000, 0x0000000719000000|100%| O|  |TAMS 0x0000000719000000, 0x0000000718e00000| Untracked 
| 200|0x0000000719000000, 0x0000000719200000, 0x0000000719200000|100%| O|  |TAMS 0x0000000719200000, 0x0000000719000000| Untracked 
| 201|0x0000000719200000, 0x0000000719400000, 0x0000000719400000|100%| O|  |TAMS 0x0000000719400000, 0x0000000719200000| Untracked 
| 202|0x0000000719400000, 0x0000000719600000, 0x0000000719600000|100%| O|  |TAMS 0x0000000719600000, 0x0000000719400000| Untracked 
| 203|0x0000000719600000, 0x0000000719800000, 0x0000000719800000|100%| O|  |TAMS 0x0000000719800000, 0x0000000719600000| Untracked 
| 204|0x0000000719800000, 0x0000000719a00000, 0x0000000719a00000|100%| O|  |TAMS 0x0000000719a00000, 0x0000000719800000| Untracked 
| 205|0x0000000719a00000, 0x0000000719c00000, 0x0000000719c00000|100%| O|  |TAMS 0x0000000719c00000, 0x0000000719a00000| Untracked 
| 206|0x0000000719c00000, 0x0000000719e00000, 0x0000000719e00000|100%| O|  |TAMS 0x0000000719e00000, 0x0000000719c00000| Untracked 
| 207|0x0000000719e00000, 0x000000071a000000, 0x000000071a000000|100%| O|  |TAMS 0x000000071a000000, 0x0000000719e00000| Untracked 
| 208|0x000000071a000000, 0x000000071a200000, 0x000000071a200000|100%| O|  |TAMS 0x000000071a200000, 0x000000071a000000| Untracked 
| 209|0x000000071a200000, 0x000000071a400000, 0x000000071a400000|100%| O|  |TAMS 0x000000071a400000, 0x000000071a200000| Untracked 
| 210|0x000000071a400000, 0x000000071a600000, 0x000000071a600000|100%| O|  |TAMS 0x000000071a600000, 0x000000071a400000| Untracked 
| 211|0x000000071a600000, 0x000000071a800000, 0x000000071a800000|100%| O|  |TAMS 0x000000071a800000, 0x000000071a600000| Untracked 
| 212|0x000000071a800000, 0x000000071aa00000, 0x000000071aa00000|100%| O|  |TAMS 0x000000071aa00000, 0x000000071a800000| Untracked 
| 213|0x000000071aa00000, 0x000000071ac00000, 0x000000071ac00000|100%| O|  |TAMS 0x000000071ac00000, 0x000000071aa00000| Untracked 
| 214|0x000000071ac00000, 0x000000071ae00000, 0x000000071ae00000|100%| O|  |TAMS 0x000000071ae00000, 0x000000071ac00000| Untracked 
| 215|0x000000071ae00000, 0x000000071b000000, 0x000000071b000000|100%| O|  |TAMS 0x000000071b000000, 0x000000071ae00000| Untracked 
| 216|0x000000071b000000, 0x000000071b200000, 0x000000071b200000|100%| O|  |TAMS 0x000000071b200000, 0x000000071b000000| Untracked 
| 217|0x000000071b200000, 0x000000071b400000, 0x000000071b400000|100%| O|  |TAMS 0x000000071b400000, 0x000000071b200000| Untracked 
| 218|0x000000071b400000, 0x000000071b600000, 0x000000071b600000|100%| O|  |TAMS 0x000000071b600000, 0x000000071b400000| Untracked 
| 219|0x000000071b600000, 0x000000071b800000, 0x000000071b800000|100%| O|  |TAMS 0x000000071b800000, 0x000000071b600000| Untracked 
| 220|0x000000071b800000, 0x000000071ba00000, 0x000000071ba00000|100%| O|  |TAMS 0x000000071ba00000, 0x000000071b800000| Untracked 
| 221|0x000000071ba00000, 0x000000071bc00000, 0x000000071bc00000|100%| O|  |TAMS 0x000000071bc00000, 0x000000071ba00000| Untracked 
| 222|0x000000071bc00000, 0x000000071be00000, 0x000000071be00000|100%| O|  |TAMS 0x000000071be00000, 0x000000071bc00000| Untracked 
| 223|0x000000071be00000, 0x000000071c000000, 0x000000071c000000|100%| O|  |TAMS 0x000000071c000000, 0x000000071be00000| Untracked 
| 224|0x000000071c000000, 0x000000071c200000, 0x000000071c200000|100%| O|  |TAMS 0x000000071c200000, 0x000000071c000000| Untracked 
| 225|0x000000071c200000, 0x000000071c400000, 0x000000071c400000|100%| O|  |TAMS 0x000000071c400000, 0x000000071c200000| Untracked 
| 226|0x000000071c400000, 0x000000071c600000, 0x000000071c600000|100%| O|  |TAMS 0x000000071c600000, 0x000000071c400000| Untracked 
| 227|0x000000071c600000, 0x000000071c800000, 0x000000071c800000|100%| O|  |TAMS 0x000000071c800000, 0x000000071c600000| Untracked 
| 228|0x000000071c800000, 0x000000071ca00000, 0x000000071ca00000|100%| O|  |TAMS 0x000000071ca00000, 0x000000071c800000| Untracked 
| 229|0x000000071ca00000, 0x000000071cc00000, 0x000000071cc00000|100%| O|  |TAMS 0x000000071cc00000, 0x000000071ca00000| Complete 
| 230|0x000000071cc00000, 0x000000071ce00000, 0x000000071ce00000|100%| O|  |TAMS 0x000000071ce00000, 0x000000071cc00000| Complete 
| 231|0x000000071ce00000, 0x000000071d000000, 0x000000071d000000|100%| O|  |TAMS 0x000000071d000000, 0x000000071ce00000| Untracked 
| 232|0x000000071d000000, 0x000000071d200000, 0x000000071d200000|100%| O|  |TAMS 0x000000071d200000, 0x000000071d000000| Complete 
| 233|0x000000071d200000, 0x000000071d400000, 0x000000071d400000|100%| O|  |TAMS 0x000000071d400000, 0x000000071d200000| Complete 
| 234|0x000000071d400000, 0x000000071d600000, 0x000000071d600000|100%| O|  |TAMS 0x000000071d600000, 0x000000071d400000| Untracked 
| 235|0x000000071d600000, 0x000000071d800000, 0x000000071d800000|100%| O|  |TAMS 0x000000071d800000, 0x000000071d600000| Untracked 
| 236|0x000000071d800000, 0x000000071da00000, 0x000000071da00000|100%| O|  |TAMS 0x000000071da00000, 0x000000071d800000| Untracked 
| 237|0x000000071da00000, 0x000000071dc00000, 0x000000071dc00000|100%| O|  |TAMS 0x000000071dc00000, 0x000000071da00000| Untracked 
| 238|0x000000071dc00000, 0x000000071de00000, 0x000000071de00000|100%| O|  |TAMS 0x000000071de00000, 0x000000071dc00000| Complete 
| 239|0x000000071de00000, 0x000000071e000000, 0x000000071e000000|100%| O|  |TAMS 0x000000071e000000, 0x000000071de00000| Untracked 
| 240|0x000000071e000000, 0x000000071e200000, 0x000000071e200000|100%| O|  |TAMS 0x000000071e200000, 0x000000071e000000| Untracked 
| 241|0x000000071e200000, 0x000000071e400000, 0x000000071e400000|100%|HS|  |TAMS 0x000000071e200000, 0x000000071e200000| Complete 
| 242|0x000000071e400000, 0x000000071e600000, 0x000000071e600000|100%| O|  |TAMS 0x000000071e600000, 0x000000071e400000| Untracked 
| 243|0x000000071e600000, 0x000000071e800000, 0x000000071e800000|100%| O|  |TAMS 0x000000071e800000, 0x000000071e600000| Complete 
| 244|0x000000071e800000, 0x000000071ea00000, 0x000000071ea00000|100%| O|  |TAMS 0x000000071ea00000, 0x000000071e800000| Untracked 
| 245|0x000000071ea00000, 0x000000071ec00000, 0x000000071ec00000|100%| O|  |TAMS 0x000000071ec00000, 0x000000071ea00000| Complete 
| 246|0x000000071ec00000, 0x000000071ee00000, 0x000000071ee00000|100%| O|  |TAMS 0x000000071ee00000, 0x000000071ec00000| Untracked 
| 247|0x000000071ee00000, 0x000000071f000000, 0x000000071f000000|100%| O|  |TAMS 0x000000071f000000, 0x000000071ee00000| Complete 
| 248|0x000000071f000000, 0x000000071f200000, 0x000000071f200000|100%| O|  |TAMS 0x000000071f200000, 0x000000071f000000| Complete 
| 249|0x000000071f200000, 0x000000071f400000, 0x000000071f400000|100%| O|  |TAMS 0x000000071f400000, 0x000000071f200000| Untracked 
| 250|0x000000071f400000, 0x000000071f600000, 0x000000071f600000|100%| O|  |TAMS 0x000000071f600000, 0x000000071f400000| Untracked 
| 251|0x000000071f600000, 0x000000071f800000, 0x000000071f800000|100%| O|  |TAMS 0x000000071f800000, 0x000000071f600000| Untracked 
| 252|0x000000071f800000, 0x000000071fa00000, 0x000000071fa00000|100%| O|  |TAMS 0x000000071fa00000, 0x000000071f800000| Untracked 
| 253|0x000000071fa00000, 0x000000071fc00000, 0x000000071fc00000|100%| O|  |TAMS 0x000000071fc00000, 0x000000071fa00000| Complete 
| 254|0x000000071fc00000, 0x000000071fc00000, 0x000000071fe00000|  0%| F|  |TAMS 0x000000071fc00000, 0x000000071fc00000| Untracked 
| 255|0x000000071fe00000, 0x000000071fe00000, 0x0000000720000000|  0%| F|  |TAMS 0x000000071fe00000, 0x000000071fe00000| Untracked 
| 256|0x0000000720000000, 0x0000000720000000, 0x0000000720200000|  0%| F|  |TAMS 0x0000000720000000, 0x0000000720000000| Untracked 
| 257|0x0000000720200000, 0x0000000720200000, 0x0000000720400000|  0%| F|  |TAMS 0x0000000720200000, 0x0000000720200000| Untracked 
| 258|0x0000000720400000, 0x0000000720400000, 0x0000000720600000|  0%| F|  |TAMS 0x0000000720400000, 0x0000000720400000| Untracked 
| 259|0x0000000720600000, 0x0000000720800000, 0x0000000720800000|100%| O|  |TAMS 0x0000000720800000, 0x0000000720600000| Untracked 
| 260|0x0000000720800000, 0x0000000720800000, 0x0000000720a00000|  0%| F|  |TAMS 0x0000000720800000, 0x0000000720800000| Untracked 
| 261|0x0000000720a00000, 0x0000000720c00000, 0x0000000720c00000|100%| O|  |TAMS 0x0000000720c00000, 0x0000000720a00000| Complete 
| 262|0x0000000720c00000, 0x0000000720e00000, 0x0000000720e00000|100%| O|  |TAMS 0x0000000720e00000, 0x0000000720c00000| Complete 
| 263|0x0000000720e00000, 0x0000000721000000, 0x0000000721000000|100%| O|  |TAMS 0x0000000721000000, 0x0000000720e00000| Complete 
| 264|0x0000000721000000, 0x0000000721200000, 0x0000000721200000|100%| O|  |TAMS 0x0000000721200000, 0x0000000721000000| Untracked 
| 265|0x0000000721200000, 0x0000000721400000, 0x0000000721400000|100%| O|  |TAMS 0x0000000721400000, 0x0000000721200000| Untracked 
| 266|0x0000000721400000, 0x0000000721600000, 0x0000000721600000|100%| O|  |TAMS 0x0000000721600000, 0x0000000721400000| Untracked 
| 267|0x0000000721600000, 0x0000000721800000, 0x0000000721800000|100%| O|  |TAMS 0x0000000721800000, 0x0000000721600000| Untracked 
| 268|0x0000000721800000, 0x0000000721800000, 0x0000000721a00000|  0%| F|  |TAMS 0x0000000721800000, 0x0000000721800000| Untracked 
| 269|0x0000000721a00000, 0x0000000721a00000, 0x0000000721c00000|  0%| F|  |TAMS 0x0000000721a00000, 0x0000000721a00000| Untracked 
| 270|0x0000000721c00000, 0x0000000721c00000, 0x0000000721e00000|  0%| F|  |TAMS 0x0000000721c00000, 0x0000000721c00000| Untracked 
| 271|0x0000000721e00000, 0x0000000721e00000, 0x0000000722000000|  0%| F|  |TAMS 0x0000000721e00000, 0x0000000721e00000| Untracked 
| 272|0x0000000722000000, 0x0000000722000000, 0x0000000722200000|  0%| F|  |TAMS 0x0000000722000000, 0x0000000722000000| Untracked 
| 273|0x0000000722200000, 0x0000000722200000, 0x0000000722400000|  0%| F|  |TAMS 0x0000000722200000, 0x0000000722200000| Untracked 
| 274|0x0000000722400000, 0x0000000722400000, 0x0000000722600000|  0%| F|  |TAMS 0x0000000722400000, 0x0000000722400000| Untracked 
| 275|0x0000000722600000, 0x0000000722600000, 0x0000000722800000|  0%| F|  |TAMS 0x0000000722600000, 0x0000000722600000| Untracked 
| 276|0x0000000722800000, 0x0000000722a00000, 0x0000000722a00000|100%| O|  |TAMS 0x0000000722a00000, 0x0000000722800000| Complete 
| 277|0x0000000722a00000, 0x0000000722c00000, 0x0000000722c00000|100%| O|  |TAMS 0x0000000722c00000, 0x0000000722a00000| Complete 
| 278|0x0000000722c00000, 0x0000000722e00000, 0x0000000722e00000|100%| O|  |TAMS 0x0000000722e00000, 0x0000000722c00000| Complete 
| 279|0x0000000722e00000, 0x0000000723000000, 0x0000000723000000|100%| O|  |TAMS 0x0000000723000000, 0x0000000722e00000| Complete 
| 280|0x0000000723000000, 0x0000000723200000, 0x0000000723200000|100%| O|  |TAMS 0x0000000723200000, 0x0000000723000000| Complete 
| 281|0x0000000723200000, 0x0000000723400000, 0x0000000723400000|100%| O|  |TAMS 0x0000000723400000, 0x0000000723200000| Complete 
| 282|0x0000000723400000, 0x0000000723600000, 0x0000000723600000|100%| O|  |TAMS 0x0000000723600000, 0x0000000723400000| Untracked 
| 283|0x0000000723600000, 0x0000000723800000, 0x0000000723800000|100%| O|  |TAMS 0x0000000723800000, 0x0000000723600000| Untracked 
| 284|0x0000000723800000, 0x0000000723a00000, 0x0000000723a00000|100%| O|  |TAMS 0x0000000723a00000, 0x0000000723800000| Complete 
| 285|0x0000000723a00000, 0x0000000723c00000, 0x0000000723c00000|100%| O|  |TAMS 0x0000000723c00000, 0x0000000723a00000| Complete 
| 286|0x0000000723c00000, 0x0000000723c00000, 0x0000000723e00000|  0%| F|  |TAMS 0x0000000723c00000, 0x0000000723c00000| Untracked 
| 287|0x0000000723e00000, 0x0000000724000000, 0x0000000724000000|100%| O|  |TAMS 0x0000000724000000, 0x0000000723e00000| Untracked 
| 288|0x0000000724000000, 0x0000000724200000, 0x0000000724200000|100%| O|  |TAMS 0x0000000724200000, 0x0000000724000000| Untracked 
| 289|0x0000000724200000, 0x0000000724400000, 0x0000000724400000|100%| O|  |TAMS 0x0000000724400000, 0x0000000724200000| Untracked 
| 290|0x0000000724400000, 0x0000000724600000, 0x0000000724600000|100%| O|  |TAMS 0x0000000724600000, 0x0000000724400000| Untracked 
| 291|0x0000000724600000, 0x0000000724800000, 0x0000000724800000|100%| O|  |TAMS 0x0000000724800000, 0x0000000724600000| Complete 
| 292|0x0000000724800000, 0x0000000724a00000, 0x0000000724a00000|100%| O|  |TAMS 0x0000000724a00000, 0x0000000724800000| Untracked 
| 293|0x0000000724a00000, 0x0000000724c00000, 0x0000000724c00000|100%| O|  |TAMS 0x0000000724c00000, 0x0000000724a00000| Untracked 
| 294|0x0000000724c00000, 0x0000000724e00000, 0x0000000724e00000|100%| O|  |TAMS 0x0000000724e00000, 0x0000000724c00000| Complete 
| 295|0x0000000724e00000, 0x0000000725000000, 0x0000000725000000|100%| O|  |TAMS 0x0000000725000000, 0x0000000724e00000| Untracked 
| 296|0x0000000725000000, 0x0000000725000000, 0x0000000725200000|  0%| F|  |TAMS 0x0000000725000000, 0x0000000725000000| Untracked 
| 297|0x0000000725200000, 0x0000000725400000, 0x0000000725400000|100%| O|  |TAMS 0x0000000725400000, 0x0000000725200000| Untracked 
| 298|0x0000000725400000, 0x0000000725400000, 0x0000000725600000|  0%| F|  |TAMS 0x0000000725400000, 0x0000000725400000| Untracked 
| 299|0x0000000725600000, 0x0000000725800000, 0x0000000725800000|100%| O|  |TAMS 0x0000000725800000, 0x0000000725600000| Untracked 
| 300|0x0000000725800000, 0x0000000725a00000, 0x0000000725a00000|100%| O|  |TAMS 0x0000000725a00000, 0x0000000725800000| Untracked 
| 301|0x0000000725a00000, 0x0000000725c00000, 0x0000000725c00000|100%| O|  |TAMS 0x0000000725c00000, 0x0000000725a00000| Untracked 
| 302|0x0000000725c00000, 0x0000000725e00000, 0x0000000725e00000|100%| O|  |TAMS 0x0000000725e00000, 0x0000000725c00000| Untracked 
| 303|0x0000000725e00000, 0x0000000726000000, 0x0000000726000000|100%| O|  |TAMS 0x0000000726000000, 0x0000000725e00000| Untracked 
| 304|0x0000000726000000, 0x0000000726200000, 0x0000000726200000|100%| O|  |TAMS 0x0000000726200000, 0x0000000726000000| Untracked 
| 305|0x0000000726200000, 0x0000000726400000, 0x0000000726400000|100%| O|  |TAMS 0x0000000726400000, 0x0000000726200000| Untracked 
| 306|0x0000000726400000, 0x0000000726600000, 0x0000000726600000|100%| O|  |TAMS 0x0000000726600000, 0x0000000726400000| Untracked 
| 307|0x0000000726600000, 0x0000000726800000, 0x0000000726800000|100%| O|  |TAMS 0x0000000726800000, 0x0000000726600000| Untracked 
| 308|0x0000000726800000, 0x0000000726a00000, 0x0000000726a00000|100%| O|  |TAMS 0x0000000726a00000, 0x0000000726800000| Untracked 
| 309|0x0000000726a00000, 0x0000000726c00000, 0x0000000726c00000|100%| O|  |TAMS 0x0000000726c00000, 0x0000000726a00000| Untracked 
| 310|0x0000000726c00000, 0x0000000726e00000, 0x0000000726e00000|100%| O|  |TAMS 0x0000000726e00000, 0x0000000726c00000| Untracked 
| 311|0x0000000726e00000, 0x0000000727000000, 0x0000000727000000|100%| O|  |TAMS 0x0000000727000000, 0x0000000726e00000| Untracked 
| 312|0x0000000727000000, 0x0000000727200000, 0x0000000727200000|100%| O|  |TAMS 0x0000000727200000, 0x0000000727000000| Untracked 
| 313|0x0000000727200000, 0x00000007273aac00, 0x0000000727400000| 83%| O|  |TAMS 0x00000007273aac00, 0x0000000727200000| Untracked 
| 314|0x0000000727400000, 0x0000000727400000, 0x0000000727600000|  0%| F|  |TAMS 0x0000000727400000, 0x0000000727400000| Untracked 
| 315|0x0000000727600000, 0x0000000727600000, 0x0000000727800000|  0%| F|  |TAMS 0x0000000727600000, 0x0000000727600000| Untracked 
| 316|0x0000000727800000, 0x0000000727800000, 0x0000000727a00000|  0%| F|  |TAMS 0x0000000727800000, 0x0000000727800000| Untracked 
| 317|0x0000000727a00000, 0x0000000727a00000, 0x0000000727c00000|  0%| F|  |TAMS 0x0000000727a00000, 0x0000000727a00000| Untracked 
| 318|0x0000000727c00000, 0x0000000727c00000, 0x0000000727e00000|  0%| F|  |TAMS 0x0000000727c00000, 0x0000000727c00000| Untracked 
| 319|0x0000000727e00000, 0x0000000727e00000, 0x0000000728000000|  0%| F|  |TAMS 0x0000000727e00000, 0x0000000727e00000| Untracked 
| 320|0x0000000728000000, 0x0000000728000000, 0x0000000728200000|  0%| F|  |TAMS 0x0000000728000000, 0x0000000728000000| Untracked 
| 321|0x0000000728200000, 0x0000000728200000, 0x0000000728400000|  0%| F|  |TAMS 0x0000000728200000, 0x0000000728200000| Untracked 
| 322|0x0000000728400000, 0x0000000728400000, 0x0000000728600000|  0%| F|  |TAMS 0x0000000728400000, 0x0000000728400000| Untracked 
| 323|0x0000000728600000, 0x0000000728600000, 0x0000000728800000|  0%| F|  |TAMS 0x0000000728600000, 0x0000000728600000| Untracked 
| 324|0x0000000728800000, 0x0000000728800000, 0x0000000728a00000|  0%| F|  |TAMS 0x0000000728800000, 0x0000000728800000| Untracked 
| 325|0x0000000728a00000, 0x0000000728a00000, 0x0000000728c00000|  0%| F|  |TAMS 0x0000000728a00000, 0x0000000728a00000| Untracked 
| 326|0x0000000728c00000, 0x0000000728c00000, 0x0000000728e00000|  0%| F|  |TAMS 0x0000000728c00000, 0x0000000728c00000| Untracked 
| 327|0x0000000728e00000, 0x0000000728e00000, 0x0000000729000000|  0%| F|  |TAMS 0x0000000728e00000, 0x0000000728e00000| Untracked 
| 328|0x0000000729000000, 0x0000000729000000, 0x0000000729200000|  0%| F|  |TAMS 0x0000000729000000, 0x0000000729000000| Untracked 
| 329|0x0000000729200000, 0x0000000729200000, 0x0000000729400000|  0%| F|  |TAMS 0x0000000729200000, 0x0000000729200000| Untracked 
| 330|0x0000000729400000, 0x0000000729400000, 0x0000000729600000|  0%| F|  |TAMS 0x0000000729400000, 0x0000000729400000| Untracked 
| 331|0x0000000729600000, 0x0000000729600000, 0x0000000729800000|  0%| F|  |TAMS 0x0000000729600000, 0x0000000729600000| Untracked 
| 332|0x0000000729800000, 0x0000000729800000, 0x0000000729a00000|  0%| F|  |TAMS 0x0000000729800000, 0x0000000729800000| Untracked 
| 333|0x0000000729a00000, 0x0000000729a00000, 0x0000000729c00000|  0%| F|  |TAMS 0x0000000729a00000, 0x0000000729a00000| Untracked 
| 334|0x0000000729c00000, 0x0000000729c00000, 0x0000000729e00000|  0%| F|  |TAMS 0x0000000729c00000, 0x0000000729c00000| Untracked 
| 335|0x0000000729e00000, 0x0000000729e00000, 0x000000072a000000|  0%| F|  |TAMS 0x0000000729e00000, 0x0000000729e00000| Untracked 
| 336|0x000000072a000000, 0x000000072a000000, 0x000000072a200000|  0%| F|  |TAMS 0x000000072a000000, 0x000000072a000000| Untracked 
| 337|0x000000072a200000, 0x000000072a200000, 0x000000072a400000|  0%| F|  |TAMS 0x000000072a200000, 0x000000072a200000| Untracked 
| 338|0x000000072a400000, 0x000000072a400000, 0x000000072a600000|  0%| F|  |TAMS 0x000000072a400000, 0x000000072a400000| Untracked 
| 339|0x000000072a600000, 0x000000072a600000, 0x000000072a800000|  0%| F|  |TAMS 0x000000072a600000, 0x000000072a600000| Untracked 
| 340|0x000000072a800000, 0x000000072a800000, 0x000000072aa00000|  0%| F|  |TAMS 0x000000072a800000, 0x000000072a800000| Untracked 
| 341|0x000000072aa00000, 0x000000072aa00000, 0x000000072ac00000|  0%| F|  |TAMS 0x000000072aa00000, 0x000000072aa00000| Untracked 
| 342|0x000000072ac00000, 0x000000072ac00000, 0x000000072ae00000|  0%| F|  |TAMS 0x000000072ac00000, 0x000000072ac00000| Untracked 
| 343|0x000000072ae00000, 0x000000072ae00000, 0x000000072b000000|  0%| F|  |TAMS 0x000000072ae00000, 0x000000072ae00000| Untracked 
| 344|0x000000072b000000, 0x000000072b000000, 0x000000072b200000|  0%| F|  |TAMS 0x000000072b000000, 0x000000072b000000| Untracked 
| 345|0x000000072b200000, 0x000000072b200000, 0x000000072b400000|  0%| F|  |TAMS 0x000000072b200000, 0x000000072b200000| Untracked 
| 346|0x000000072b400000, 0x000000072b400000, 0x000000072b600000|  0%| F|  |TAMS 0x000000072b400000, 0x000000072b400000| Untracked 
| 347|0x000000072b600000, 0x000000072b600000, 0x000000072b800000|  0%| F|  |TAMS 0x000000072b600000, 0x000000072b600000| Untracked 
| 348|0x000000072b800000, 0x000000072b800000, 0x000000072ba00000|  0%| F|  |TAMS 0x000000072b800000, 0x000000072b800000| Untracked 
| 349|0x000000072ba00000, 0x000000072ba00000, 0x000000072bc00000|  0%| F|  |TAMS 0x000000072ba00000, 0x000000072ba00000| Untracked 
| 350|0x000000072bc00000, 0x000000072bc00000, 0x000000072be00000|  0%| F|  |TAMS 0x000000072bc00000, 0x000000072bc00000| Untracked 
| 351|0x000000072be00000, 0x000000072be00000, 0x000000072c000000|  0%| F|  |TAMS 0x000000072be00000, 0x000000072be00000| Untracked 
| 352|0x000000072c000000, 0x000000072c000000, 0x000000072c200000|  0%| F|  |TAMS 0x000000072c000000, 0x000000072c000000| Untracked 
| 353|0x000000072c200000, 0x000000072c200000, 0x000000072c400000|  0%| F|  |TAMS 0x000000072c200000, 0x000000072c200000| Untracked 
| 354|0x000000072c400000, 0x000000072c400000, 0x000000072c600000|  0%| F|  |TAMS 0x000000072c400000, 0x000000072c400000| Untracked 
| 355|0x000000072c600000, 0x000000072c600000, 0x000000072c800000|  0%| F|  |TAMS 0x000000072c600000, 0x000000072c600000| Untracked 
| 356|0x000000072c800000, 0x000000072c800000, 0x000000072ca00000|  0%| F|  |TAMS 0x000000072c800000, 0x000000072c800000| Untracked 
| 357|0x000000072ca00000, 0x000000072ca00000, 0x000000072cc00000|  0%| F|  |TAMS 0x000000072ca00000, 0x000000072ca00000| Untracked 
| 358|0x000000072cc00000, 0x000000072cc00000, 0x000000072ce00000|  0%| F|  |TAMS 0x000000072cc00000, 0x000000072cc00000| Untracked 
| 359|0x000000072ce00000, 0x000000072ce00000, 0x000000072d000000|  0%| F|  |TAMS 0x000000072ce00000, 0x000000072ce00000| Untracked 
| 360|0x000000072d000000, 0x000000072d000000, 0x000000072d200000|  0%| F|  |TAMS 0x000000072d000000, 0x000000072d000000| Untracked 
| 361|0x000000072d200000, 0x000000072d200000, 0x000000072d400000|  0%| F|  |TAMS 0x000000072d200000, 0x000000072d200000| Untracked 
| 362|0x000000072d400000, 0x000000072d400000, 0x000000072d600000|  0%| F|  |TAMS 0x000000072d400000, 0x000000072d400000| Untracked 
| 363|0x000000072d600000, 0x000000072d600000, 0x000000072d800000|  0%| F|  |TAMS 0x000000072d600000, 0x000000072d600000| Untracked 
| 364|0x000000072d800000, 0x000000072d800000, 0x000000072da00000|  0%| F|  |TAMS 0x000000072d800000, 0x000000072d800000| Untracked 
| 365|0x000000072da00000, 0x000000072da00000, 0x000000072dc00000|  0%| F|  |TAMS 0x000000072da00000, 0x000000072da00000| Untracked 
| 366|0x000000072dc00000, 0x000000072dc00000, 0x000000072de00000|  0%| F|  |TAMS 0x000000072dc00000, 0x000000072dc00000| Untracked 
| 367|0x000000072de00000, 0x000000072de00000, 0x000000072e000000|  0%| F|  |TAMS 0x000000072de00000, 0x000000072de00000| Untracked 
| 368|0x000000072e000000, 0x000000072e000000, 0x000000072e200000|  0%| F|  |TAMS 0x000000072e000000, 0x000000072e000000| Untracked 
| 369|0x000000072e200000, 0x000000072e200000, 0x000000072e400000|  0%| F|  |TAMS 0x000000072e200000, 0x000000072e200000| Untracked 
| 370|0x000000072e400000, 0x000000072e400000, 0x000000072e600000|  0%| F|  |TAMS 0x000000072e400000, 0x000000072e400000| Untracked 
| 371|0x000000072e600000, 0x000000072e600000, 0x000000072e800000|  0%| F|  |TAMS 0x000000072e600000, 0x000000072e600000| Untracked 
| 372|0x000000072e800000, 0x000000072e800000, 0x000000072ea00000|  0%| F|  |TAMS 0x000000072e800000, 0x000000072e800000| Untracked 
| 373|0x000000072ea00000, 0x000000072ea00000, 0x000000072ec00000|  0%| F|  |TAMS 0x000000072ea00000, 0x000000072ea00000| Untracked 
| 374|0x000000072ec00000, 0x000000072ec00000, 0x000000072ee00000|  0%| F|  |TAMS 0x000000072ec00000, 0x000000072ec00000| Untracked 
| 375|0x000000072ee00000, 0x000000072ee00000, 0x000000072f000000|  0%| F|  |TAMS 0x000000072ee00000, 0x000000072ee00000| Untracked 
| 376|0x000000072f000000, 0x000000072f000000, 0x000000072f200000|  0%| F|  |TAMS 0x000000072f000000, 0x000000072f000000| Untracked 
| 377|0x000000072f200000, 0x000000072f200000, 0x000000072f400000|  0%| F|  |TAMS 0x000000072f200000, 0x000000072f200000| Untracked 
| 378|0x000000072f400000, 0x000000072f400000, 0x000000072f600000|  0%| F|  |TAMS 0x000000072f400000, 0x000000072f400000| Untracked 
| 379|0x000000072f600000, 0x000000072f600000, 0x000000072f800000|  0%| F|  |TAMS 0x000000072f600000, 0x000000072f600000| Untracked 
| 380|0x000000072f800000, 0x000000072f800000, 0x000000072fa00000|  0%| F|  |TAMS 0x000000072f800000, 0x000000072f800000| Untracked 
| 381|0x000000072fa00000, 0x000000072fa00000, 0x000000072fc00000|  0%| F|  |TAMS 0x000000072fa00000, 0x000000072fa00000| Untracked 
| 382|0x000000072fc00000, 0x000000072fc00000, 0x000000072fe00000|  0%| F|  |TAMS 0x000000072fc00000, 0x000000072fc00000| Untracked 
| 383|0x000000072fe00000, 0x000000072fe00000, 0x0000000730000000|  0%| F|  |TAMS 0x000000072fe00000, 0x000000072fe00000| Untracked 
| 384|0x0000000730000000, 0x0000000730000000, 0x0000000730200000|  0%| F|  |TAMS 0x0000000730000000, 0x0000000730000000| Untracked 
| 385|0x0000000730200000, 0x0000000730200000, 0x0000000730400000|  0%| F|  |TAMS 0x0000000730200000, 0x0000000730200000| Untracked 
| 386|0x0000000730400000, 0x0000000730400000, 0x0000000730600000|  0%| F|  |TAMS 0x0000000730400000, 0x0000000730400000| Untracked 
| 387|0x0000000730600000, 0x0000000730600000, 0x0000000730800000|  0%| F|  |TAMS 0x0000000730600000, 0x0000000730600000| Untracked 
| 388|0x0000000730800000, 0x0000000730800000, 0x0000000730a00000|  0%| F|  |TAMS 0x0000000730800000, 0x0000000730800000| Untracked 
| 389|0x0000000730a00000, 0x0000000730a00000, 0x0000000730c00000|  0%| F|  |TAMS 0x0000000730a00000, 0x0000000730a00000| Untracked 
| 390|0x0000000730c00000, 0x0000000730c00000, 0x0000000730e00000|  0%| F|  |TAMS 0x0000000730c00000, 0x0000000730c00000| Untracked 
| 391|0x0000000730e00000, 0x0000000730e00000, 0x0000000731000000|  0%| F|  |TAMS 0x0000000730e00000, 0x0000000730e00000| Untracked 
| 392|0x0000000731000000, 0x0000000731000000, 0x0000000731200000|  0%| F|  |TAMS 0x0000000731000000, 0x0000000731000000| Untracked 
| 393|0x0000000731200000, 0x0000000731200000, 0x0000000731400000|  0%| F|  |TAMS 0x0000000731200000, 0x0000000731200000| Untracked 
| 394|0x0000000731400000, 0x0000000731400000, 0x0000000731600000|  0%| F|  |TAMS 0x0000000731400000, 0x0000000731400000| Untracked 
| 395|0x0000000731600000, 0x0000000731600000, 0x0000000731800000|  0%| F|  |TAMS 0x0000000731600000, 0x0000000731600000| Untracked 
| 396|0x0000000731800000, 0x0000000731800000, 0x0000000731a00000|  0%| F|  |TAMS 0x0000000731800000, 0x0000000731800000| Untracked 
| 397|0x0000000731a00000, 0x0000000731a00000, 0x0000000731c00000|  0%| F|  |TAMS 0x0000000731a00000, 0x0000000731a00000| Untracked 
| 398|0x0000000731c00000, 0x0000000731c00000, 0x0000000731e00000|  0%| F|  |TAMS 0x0000000731c00000, 0x0000000731c00000| Untracked 
| 399|0x0000000731e00000, 0x0000000731e00000, 0x0000000732000000|  0%| F|  |TAMS 0x0000000731e00000, 0x0000000731e00000| Untracked 
| 400|0x0000000732000000, 0x0000000732000000, 0x0000000732200000|  0%| F|  |TAMS 0x0000000732000000, 0x0000000732000000| Untracked 
| 401|0x0000000732200000, 0x0000000732200000, 0x0000000732400000|  0%| F|  |TAMS 0x0000000732200000, 0x0000000732200000| Untracked 
| 402|0x0000000732400000, 0x0000000732400000, 0x0000000732600000|  0%| F|  |TAMS 0x0000000732400000, 0x0000000732400000| Untracked 
| 403|0x0000000732600000, 0x0000000732600000, 0x0000000732800000|  0%| F|  |TAMS 0x0000000732600000, 0x0000000732600000| Untracked 
| 404|0x0000000732800000, 0x0000000732800000, 0x0000000732a00000|  0%| F|  |TAMS 0x0000000732800000, 0x0000000732800000| Untracked 
| 405|0x0000000732a00000, 0x0000000732a00000, 0x0000000732c00000|  0%| F|  |TAMS 0x0000000732a00000, 0x0000000732a00000| Untracked 
| 406|0x0000000732c00000, 0x0000000732c00000, 0x0000000732e00000|  0%| F|  |TAMS 0x0000000732c00000, 0x0000000732c00000| Untracked 
| 407|0x0000000732e00000, 0x0000000732e00000, 0x0000000733000000|  0%| F|  |TAMS 0x0000000732e00000, 0x0000000732e00000| Untracked 
| 408|0x0000000733000000, 0x0000000733000000, 0x0000000733200000|  0%| F|  |TAMS 0x0000000733000000, 0x0000000733000000| Untracked 
| 409|0x0000000733200000, 0x0000000733200000, 0x0000000733400000|  0%| F|  |TAMS 0x0000000733200000, 0x0000000733200000| Untracked 
| 410|0x0000000733400000, 0x0000000733400000, 0x0000000733600000|  0%| F|  |TAMS 0x0000000733400000, 0x0000000733400000| Untracked 
| 411|0x0000000733600000, 0x0000000733600000, 0x0000000733800000|  0%| F|  |TAMS 0x0000000733600000, 0x0000000733600000| Untracked 
| 412|0x0000000733800000, 0x0000000733800000, 0x0000000733a00000|  0%| F|  |TAMS 0x0000000733800000, 0x0000000733800000| Untracked 
| 413|0x0000000733a00000, 0x0000000733a00000, 0x0000000733c00000|  0%| F|  |TAMS 0x0000000733a00000, 0x0000000733a00000| Untracked 
| 414|0x0000000733c00000, 0x0000000733c00000, 0x0000000733e00000|  0%| F|  |TAMS 0x0000000733c00000, 0x0000000733c00000| Untracked 
| 415|0x0000000733e00000, 0x0000000733e00000, 0x0000000734000000|  0%| F|  |TAMS 0x0000000733e00000, 0x0000000733e00000| Untracked 
| 416|0x0000000734000000, 0x0000000734000000, 0x0000000734200000|  0%| F|  |TAMS 0x0000000734000000, 0x0000000734000000| Untracked 
| 417|0x0000000734200000, 0x0000000734200000, 0x0000000734400000|  0%| F|  |TAMS 0x0000000734200000, 0x0000000734200000| Untracked 
| 418|0x0000000734400000, 0x0000000734400000, 0x0000000734600000|  0%| F|  |TAMS 0x0000000734400000, 0x0000000734400000| Untracked 
| 419|0x0000000734600000, 0x0000000734600000, 0x0000000734800000|  0%| F|  |TAMS 0x0000000734600000, 0x0000000734600000| Untracked 
| 420|0x0000000734800000, 0x0000000734800000, 0x0000000734a00000|  0%| F|  |TAMS 0x0000000734800000, 0x0000000734800000| Untracked 
| 421|0x0000000734a00000, 0x0000000734a00000, 0x0000000734c00000|  0%| F|  |TAMS 0x0000000734a00000, 0x0000000734a00000| Untracked 
| 422|0x0000000734c00000, 0x0000000734c00000, 0x0000000734e00000|  0%| F|  |TAMS 0x0000000734c00000, 0x0000000734c00000| Untracked 
| 423|0x0000000734e00000, 0x0000000734e00000, 0x0000000735000000|  0%| F|  |TAMS 0x0000000734e00000, 0x0000000734e00000| Untracked 
| 424|0x0000000735000000, 0x0000000735000000, 0x0000000735200000|  0%| F|  |TAMS 0x0000000735000000, 0x0000000735000000| Untracked 
| 425|0x0000000735200000, 0x0000000735200000, 0x0000000735400000|  0%| F|  |TAMS 0x0000000735200000, 0x0000000735200000| Untracked 
| 426|0x0000000735400000, 0x0000000735400000, 0x0000000735600000|  0%| F|  |TAMS 0x0000000735400000, 0x0000000735400000| Untracked 
| 427|0x0000000735600000, 0x0000000735600000, 0x0000000735800000|  0%| F|  |TAMS 0x0000000735600000, 0x0000000735600000| Untracked 
| 428|0x0000000735800000, 0x0000000735800000, 0x0000000735a00000|  0%| F|  |TAMS 0x0000000735800000, 0x0000000735800000| Untracked 
| 429|0x0000000735a00000, 0x0000000735a00000, 0x0000000735c00000|  0%| F|  |TAMS 0x0000000735a00000, 0x0000000735a00000| Untracked 
| 430|0x0000000735c00000, 0x0000000735c00000, 0x0000000735e00000|  0%| F|  |TAMS 0x0000000735c00000, 0x0000000735c00000| Untracked 
| 431|0x0000000735e00000, 0x0000000735e00000, 0x0000000736000000|  0%| F|  |TAMS 0x0000000735e00000, 0x0000000735e00000| Untracked 
| 432|0x0000000736000000, 0x0000000736000000, 0x0000000736200000|  0%| F|  |TAMS 0x0000000736000000, 0x0000000736000000| Untracked 
| 433|0x0000000736200000, 0x0000000736200000, 0x0000000736400000|  0%| F|  |TAMS 0x0000000736200000, 0x0000000736200000| Untracked 
| 434|0x0000000736400000, 0x0000000736400000, 0x0000000736600000|  0%| F|  |TAMS 0x0000000736400000, 0x0000000736400000| Untracked 
| 435|0x0000000736600000, 0x0000000736600000, 0x0000000736800000|  0%| F|  |TAMS 0x0000000736600000, 0x0000000736600000| Untracked 
| 436|0x0000000736800000, 0x0000000736800000, 0x0000000736a00000|  0%| F|  |TAMS 0x0000000736800000, 0x0000000736800000| Untracked 
| 437|0x0000000736a00000, 0x0000000736a00000, 0x0000000736c00000|  0%| F|  |TAMS 0x0000000736a00000, 0x0000000736a00000| Untracked 
| 438|0x0000000736c00000, 0x0000000736c00000, 0x0000000736e00000|  0%| F|  |TAMS 0x0000000736c00000, 0x0000000736c00000| Untracked 
| 439|0x0000000736e00000, 0x0000000736e00000, 0x0000000737000000|  0%| F|  |TAMS 0x0000000736e00000, 0x0000000736e00000| Untracked 
| 440|0x0000000737000000, 0x0000000737000000, 0x0000000737200000|  0%| F|  |TAMS 0x0000000737000000, 0x0000000737000000| Untracked 
| 441|0x0000000737200000, 0x0000000737200000, 0x0000000737400000|  0%| F|  |TAMS 0x0000000737200000, 0x0000000737200000| Untracked 
| 442|0x0000000737400000, 0x0000000737400000, 0x0000000737600000|  0%| F|  |TAMS 0x0000000737400000, 0x0000000737400000| Untracked 
| 443|0x0000000737600000, 0x0000000737600000, 0x0000000737800000|  0%| F|  |TAMS 0x0000000737600000, 0x0000000737600000| Untracked 
| 444|0x0000000737800000, 0x0000000737800000, 0x0000000737a00000|  0%| F|  |TAMS 0x0000000737800000, 0x0000000737800000| Untracked 
| 445|0x0000000737a00000, 0x0000000737a00000, 0x0000000737c00000|  0%| F|  |TAMS 0x0000000737a00000, 0x0000000737a00000| Untracked 
| 446|0x0000000737c00000, 0x0000000737c00000, 0x0000000737e00000|  0%| F|  |TAMS 0x0000000737c00000, 0x0000000737c00000| Untracked 
| 447|0x0000000737e00000, 0x0000000737e00000, 0x0000000738000000|  0%| F|  |TAMS 0x0000000737e00000, 0x0000000737e00000| Untracked 
| 448|0x0000000738000000, 0x0000000738000000, 0x0000000738200000|  0%| F|  |TAMS 0x0000000738000000, 0x0000000738000000| Untracked 
| 449|0x0000000738200000, 0x0000000738200000, 0x0000000738400000|  0%| F|  |TAMS 0x0000000738200000, 0x0000000738200000| Untracked 
| 450|0x0000000738400000, 0x0000000738400000, 0x0000000738600000|  0%| F|  |TAMS 0x0000000738400000, 0x0000000738400000| Untracked 
| 451|0x0000000738600000, 0x0000000738600000, 0x0000000738800000|  0%| F|  |TAMS 0x0000000738600000, 0x0000000738600000| Untracked 
| 452|0x0000000738800000, 0x0000000738800000, 0x0000000738a00000|  0%| F|  |TAMS 0x0000000738800000, 0x0000000738800000| Untracked 
| 453|0x0000000738a00000, 0x0000000738a00000, 0x0000000738c00000|  0%| F|  |TAMS 0x0000000738a00000, 0x0000000738a00000| Untracked 
| 454|0x0000000738c00000, 0x0000000738c00000, 0x0000000738e00000|  0%| F|  |TAMS 0x0000000738c00000, 0x0000000738c00000| Untracked 
| 455|0x0000000738e00000, 0x0000000738e00000, 0x0000000739000000|  0%| F|  |TAMS 0x0000000738e00000, 0x0000000738e00000| Untracked 
| 456|0x0000000739000000, 0x0000000739000000, 0x0000000739200000|  0%| F|  |TAMS 0x0000000739000000, 0x0000000739000000| Untracked 
| 457|0x0000000739200000, 0x0000000739200000, 0x0000000739400000|  0%| F|  |TAMS 0x0000000739200000, 0x0000000739200000| Untracked 
| 458|0x0000000739400000, 0x0000000739400000, 0x0000000739600000|  0%| F|  |TAMS 0x0000000739400000, 0x0000000739400000| Untracked 
| 459|0x0000000739600000, 0x0000000739600000, 0x0000000739800000|  0%| F|  |TAMS 0x0000000739600000, 0x0000000739600000| Untracked 
| 460|0x0000000739800000, 0x0000000739800000, 0x0000000739a00000|  0%| F|  |TAMS 0x0000000739800000, 0x0000000739800000| Untracked 
| 461|0x0000000739a00000, 0x0000000739a00000, 0x0000000739c00000|  0%| F|  |TAMS 0x0000000739a00000, 0x0000000739a00000| Untracked 
| 462|0x0000000739c00000, 0x0000000739c00000, 0x0000000739e00000|  0%| F|  |TAMS 0x0000000739c00000, 0x0000000739c00000| Untracked 
| 463|0x0000000739e00000, 0x0000000739e00000, 0x000000073a000000|  0%| F|  |TAMS 0x0000000739e00000, 0x0000000739e00000| Untracked 
| 464|0x000000073a000000, 0x000000073a000000, 0x000000073a200000|  0%| F|  |TAMS 0x000000073a000000, 0x000000073a000000| Untracked 
| 465|0x000000073a200000, 0x000000073a200000, 0x000000073a400000|  0%| F|  |TAMS 0x000000073a200000, 0x000000073a200000| Untracked 
| 466|0x000000073a400000, 0x000000073a400000, 0x000000073a600000|  0%| F|  |TAMS 0x000000073a400000, 0x000000073a400000| Untracked 
| 467|0x000000073a600000, 0x000000073a600000, 0x000000073a800000|  0%| F|  |TAMS 0x000000073a600000, 0x000000073a600000| Untracked 
| 468|0x000000073a800000, 0x000000073a800000, 0x000000073aa00000|  0%| F|  |TAMS 0x000000073a800000, 0x000000073a800000| Untracked 
| 469|0x000000073aa00000, 0x000000073aa00000, 0x000000073ac00000|  0%| F|  |TAMS 0x000000073aa00000, 0x000000073aa00000| Untracked 
| 470|0x000000073ac00000, 0x000000073ac00000, 0x000000073ae00000|  0%| F|  |TAMS 0x000000073ac00000, 0x000000073ac00000| Untracked 
| 471|0x000000073ae00000, 0x000000073ae00000, 0x000000073b000000|  0%| F|  |TAMS 0x000000073ae00000, 0x000000073ae00000| Untracked 
| 472|0x000000073b000000, 0x000000073b000000, 0x000000073b200000|  0%| F|  |TAMS 0x000000073b000000, 0x000000073b000000| Untracked 
| 473|0x000000073b200000, 0x000000073b200000, 0x000000073b400000|  0%| F|  |TAMS 0x000000073b200000, 0x000000073b200000| Untracked 
| 474|0x000000073b400000, 0x000000073b400000, 0x000000073b600000|  0%| F|  |TAMS 0x000000073b400000, 0x000000073b400000| Untracked 
| 475|0x000000073b600000, 0x000000073b600000, 0x000000073b800000|  0%| F|  |TAMS 0x000000073b600000, 0x000000073b600000| Untracked 
| 476|0x000000073b800000, 0x000000073b800000, 0x000000073ba00000|  0%| F|  |TAMS 0x000000073b800000, 0x000000073b800000| Untracked 
| 477|0x000000073ba00000, 0x000000073ba00000, 0x000000073bc00000|  0%| F|  |TAMS 0x000000073ba00000, 0x000000073ba00000| Untracked 
| 478|0x000000073bc00000, 0x000000073bc00000, 0x000000073be00000|  0%| F|  |TAMS 0x000000073bc00000, 0x000000073bc00000| Untracked 
| 479|0x000000073be00000, 0x000000073be00000, 0x000000073c000000|  0%| F|  |TAMS 0x000000073be00000, 0x000000073be00000| Untracked 
| 480|0x000000073c000000, 0x000000073c000000, 0x000000073c200000|  0%| F|  |TAMS 0x000000073c000000, 0x000000073c000000| Untracked 
| 481|0x000000073c200000, 0x000000073c200000, 0x000000073c400000|  0%| F|  |TAMS 0x000000073c200000, 0x000000073c200000| Untracked 
| 482|0x000000073c400000, 0x000000073c400000, 0x000000073c600000|  0%| F|  |TAMS 0x000000073c400000, 0x000000073c400000| Untracked 
| 483|0x000000073c600000, 0x000000073c600000, 0x000000073c800000|  0%| F|  |TAMS 0x000000073c600000, 0x000000073c600000| Untracked 
| 484|0x000000073c800000, 0x000000073c800000, 0x000000073ca00000|  0%| F|  |TAMS 0x000000073c800000, 0x000000073c800000| Untracked 
| 485|0x000000073ca00000, 0x000000073ca00000, 0x000000073cc00000|  0%| F|  |TAMS 0x000000073ca00000, 0x000000073ca00000| Untracked 
| 486|0x000000073cc00000, 0x000000073cc00000, 0x000000073ce00000|  0%| F|  |TAMS 0x000000073cc00000, 0x000000073cc00000| Untracked 
| 487|0x000000073ce00000, 0x000000073ce00000, 0x000000073d000000|  0%| F|  |TAMS 0x000000073ce00000, 0x000000073ce00000| Untracked 
| 488|0x000000073d000000, 0x000000073d000000, 0x000000073d200000|  0%| F|  |TAMS 0x000000073d000000, 0x000000073d000000| Untracked 
| 489|0x000000073d200000, 0x000000073d200000, 0x000000073d400000|  0%| F|  |TAMS 0x000000073d200000, 0x000000073d200000| Untracked 
| 490|0x000000073d400000, 0x000000073d400000, 0x000000073d600000|  0%| F|  |TAMS 0x000000073d400000, 0x000000073d400000| Untracked 
| 491|0x000000073d600000, 0x000000073d600000, 0x000000073d800000|  0%| F|  |TAMS 0x000000073d600000, 0x000000073d600000| Untracked 
| 492|0x000000073d800000, 0x000000073d800000, 0x000000073da00000|  0%| F|  |TAMS 0x000000073d800000, 0x000000073d800000| Untracked 
| 493|0x000000073da00000, 0x000000073da00000, 0x000000073dc00000|  0%| F|  |TAMS 0x000000073da00000, 0x000000073da00000| Untracked 
| 494|0x000000073dc00000, 0x000000073dc00000, 0x000000073de00000|  0%| F|  |TAMS 0x000000073dc00000, 0x000000073dc00000| Untracked 
| 495|0x000000073de00000, 0x000000073de00000, 0x000000073e000000|  0%| F|  |TAMS 0x000000073de00000, 0x000000073de00000| Untracked 
| 496|0x000000073e000000, 0x000000073e000000, 0x000000073e200000|  0%| F|  |TAMS 0x000000073e000000, 0x000000073e000000| Untracked 
| 497|0x000000073e200000, 0x000000073e200000, 0x000000073e400000|  0%| F|  |TAMS 0x000000073e200000, 0x000000073e200000| Untracked 
| 498|0x000000073e400000, 0x000000073e400000, 0x000000073e600000|  0%| F|  |TAMS 0x000000073e400000, 0x000000073e400000| Untracked 
| 499|0x000000073e600000, 0x000000073e600000, 0x000000073e800000|  0%| F|  |TAMS 0x000000073e600000, 0x000000073e600000| Untracked 
| 500|0x000000073e800000, 0x000000073e800000, 0x000000073ea00000|  0%| F|  |TAMS 0x000000073e800000, 0x000000073e800000| Untracked 
| 501|0x000000073ea00000, 0x000000073ea00000, 0x000000073ec00000|  0%| F|  |TAMS 0x000000073ea00000, 0x000000073ea00000| Untracked 
| 502|0x000000073ec00000, 0x000000073ec00000, 0x000000073ee00000|  0%| F|  |TAMS 0x000000073ec00000, 0x000000073ec00000| Untracked 
| 503|0x000000073ee00000, 0x000000073ee00000, 0x000000073f000000|  0%| F|  |TAMS 0x000000073ee00000, 0x000000073ee00000| Untracked 
| 504|0x000000073f000000, 0x000000073f000000, 0x000000073f200000|  0%| F|  |TAMS 0x000000073f000000, 0x000000073f000000| Untracked 
| 505|0x000000073f200000, 0x000000073f200000, 0x000000073f400000|  0%| F|  |TAMS 0x000000073f200000, 0x000000073f200000| Untracked 
| 506|0x000000073f400000, 0x000000073f400000, 0x000000073f600000|  0%| F|  |TAMS 0x000000073f400000, 0x000000073f400000| Untracked 
| 507|0x000000073f600000, 0x000000073f600000, 0x000000073f800000|  0%| F|  |TAMS 0x000000073f600000, 0x000000073f600000| Untracked 
| 508|0x000000073f800000, 0x000000073f800000, 0x000000073fa00000|  0%| F|  |TAMS 0x000000073f800000, 0x000000073f800000| Untracked 
| 509|0x000000073fa00000, 0x000000073fa00000, 0x000000073fc00000|  0%| F|  |TAMS 0x000000073fa00000, 0x000000073fa00000| Untracked 
| 510|0x000000073fc00000, 0x000000073fc00000, 0x000000073fe00000|  0%| F|  |TAMS 0x000000073fc00000, 0x000000073fc00000| Untracked 
| 511|0x000000073fe00000, 0x000000073fe00000, 0x0000000740000000|  0%| F|  |TAMS 0x000000073fe00000, 0x000000073fe00000| Untracked 
| 512|0x0000000740000000, 0x0000000740000000, 0x0000000740200000|  0%| F|  |TAMS 0x0000000740000000, 0x0000000740000000| Untracked 
| 513|0x0000000740200000, 0x0000000740200000, 0x0000000740400000|  0%| F|  |TAMS 0x0000000740200000, 0x0000000740200000| Untracked 
| 514|0x0000000740400000, 0x0000000740400000, 0x0000000740600000|  0%| F|  |TAMS 0x0000000740400000, 0x0000000740400000| Untracked 
| 515|0x0000000740600000, 0x0000000740600000, 0x0000000740800000|  0%| F|  |TAMS 0x0000000740600000, 0x0000000740600000| Untracked 
| 516|0x0000000740800000, 0x0000000740800000, 0x0000000740a00000|  0%| F|  |TAMS 0x0000000740800000, 0x0000000740800000| Untracked 
| 517|0x0000000740a00000, 0x0000000740a00000, 0x0000000740c00000|  0%| F|  |TAMS 0x0000000740a00000, 0x0000000740a00000| Untracked 
| 518|0x0000000740c00000, 0x0000000740c00000, 0x0000000740e00000|  0%| F|  |TAMS 0x0000000740c00000, 0x0000000740c00000| Untracked 
| 519|0x0000000740e00000, 0x0000000740e00000, 0x0000000741000000|  0%| F|  |TAMS 0x0000000740e00000, 0x0000000740e00000| Untracked 
| 520|0x0000000741000000, 0x0000000741000000, 0x0000000741200000|  0%| F|  |TAMS 0x0000000741000000, 0x0000000741000000| Untracked 
| 521|0x0000000741200000, 0x0000000741200000, 0x0000000741400000|  0%| F|  |TAMS 0x0000000741200000, 0x0000000741200000| Untracked 
| 522|0x0000000741400000, 0x0000000741400000, 0x0000000741600000|  0%| F|  |TAMS 0x0000000741400000, 0x0000000741400000| Untracked 
| 523|0x0000000741600000, 0x0000000741600000, 0x0000000741800000|  0%| F|  |TAMS 0x0000000741600000, 0x0000000741600000| Untracked 
| 524|0x0000000741800000, 0x0000000741800000, 0x0000000741a00000|  0%| F|  |TAMS 0x0000000741800000, 0x0000000741800000| Untracked 
| 525|0x0000000741a00000, 0x0000000741a00000, 0x0000000741c00000|  0%| F|  |TAMS 0x0000000741a00000, 0x0000000741a00000| Untracked 
| 526|0x0000000741c00000, 0x0000000741c00000, 0x0000000741e00000|  0%| F|  |TAMS 0x0000000741c00000, 0x0000000741c00000| Untracked 
| 527|0x0000000741e00000, 0x0000000741e00000, 0x0000000742000000|  0%| F|  |TAMS 0x0000000741e00000, 0x0000000741e00000| Untracked 
| 528|0x0000000742000000, 0x0000000742000000, 0x0000000742200000|  0%| F|  |TAMS 0x0000000742000000, 0x0000000742000000| Untracked 
| 529|0x0000000742200000, 0x0000000742200000, 0x0000000742400000|  0%| F|  |TAMS 0x0000000742200000, 0x0000000742200000| Untracked 
| 530|0x0000000742400000, 0x0000000742400000, 0x0000000742600000|  0%| F|  |TAMS 0x0000000742400000, 0x0000000742400000| Untracked 
| 531|0x0000000742600000, 0x0000000742600000, 0x0000000742800000|  0%| F|  |TAMS 0x0000000742600000, 0x0000000742600000| Untracked 
| 532|0x0000000742800000, 0x0000000742800000, 0x0000000742a00000|  0%| F|  |TAMS 0x0000000742800000, 0x0000000742800000| Untracked 
| 533|0x0000000742a00000, 0x0000000742a00000, 0x0000000742c00000|  0%| F|  |TAMS 0x0000000742a00000, 0x0000000742a00000| Untracked 
| 534|0x0000000742c00000, 0x0000000742c00000, 0x0000000742e00000|  0%| F|  |TAMS 0x0000000742c00000, 0x0000000742c00000| Untracked 
| 535|0x0000000742e00000, 0x0000000742e00000, 0x0000000743000000|  0%| F|  |TAMS 0x0000000742e00000, 0x0000000742e00000| Untracked 
| 536|0x0000000743000000, 0x0000000743000000, 0x0000000743200000|  0%| F|  |TAMS 0x0000000743000000, 0x0000000743000000| Untracked 
| 537|0x0000000743200000, 0x0000000743200000, 0x0000000743400000|  0%| F|  |TAMS 0x0000000743200000, 0x0000000743200000| Untracked 
| 538|0x0000000743400000, 0x0000000743400000, 0x0000000743600000|  0%| F|  |TAMS 0x0000000743400000, 0x0000000743400000| Untracked 
| 539|0x0000000743600000, 0x0000000743600000, 0x0000000743800000|  0%| F|  |TAMS 0x0000000743600000, 0x0000000743600000| Untracked 
| 540|0x0000000743800000, 0x0000000743800000, 0x0000000743a00000|  0%| F|  |TAMS 0x0000000743800000, 0x0000000743800000| Untracked 
| 541|0x0000000743a00000, 0x0000000743a00000, 0x0000000743c00000|  0%| F|  |TAMS 0x0000000743a00000, 0x0000000743a00000| Untracked 
| 542|0x0000000743c00000, 0x0000000743c00000, 0x0000000743e00000|  0%| F|  |TAMS 0x0000000743c00000, 0x0000000743c00000| Untracked 
| 543|0x0000000743e00000, 0x0000000743e00000, 0x0000000744000000|  0%| F|  |TAMS 0x0000000743e00000, 0x0000000743e00000| Untracked 
| 544|0x0000000744000000, 0x0000000744000000, 0x0000000744200000|  0%| F|  |TAMS 0x0000000744000000, 0x0000000744000000| Untracked 
| 545|0x0000000744200000, 0x0000000744200000, 0x0000000744400000|  0%| F|  |TAMS 0x0000000744200000, 0x0000000744200000| Untracked 
| 546|0x0000000744400000, 0x0000000744400000, 0x0000000744600000|  0%| F|  |TAMS 0x0000000744400000, 0x0000000744400000| Untracked 
| 547|0x0000000744600000, 0x0000000744600000, 0x0000000744800000|  0%| F|  |TAMS 0x0000000744600000, 0x0000000744600000| Untracked 
| 548|0x0000000744800000, 0x0000000744800000, 0x0000000744a00000|  0%| F|  |TAMS 0x0000000744800000, 0x0000000744800000| Untracked 
| 549|0x0000000744a00000, 0x0000000744a00000, 0x0000000744c00000|  0%| F|  |TAMS 0x0000000744a00000, 0x0000000744a00000| Untracked 
| 550|0x0000000744c00000, 0x0000000744c00000, 0x0000000744e00000|  0%| F|  |TAMS 0x0000000744c00000, 0x0000000744c00000| Untracked 
| 551|0x0000000744e00000, 0x0000000744e00000, 0x0000000745000000|  0%| F|  |TAMS 0x0000000744e00000, 0x0000000744e00000| Untracked 
| 552|0x0000000745000000, 0x0000000745000000, 0x0000000745200000|  0%| F|  |TAMS 0x0000000745000000, 0x0000000745000000| Untracked 
| 553|0x0000000745200000, 0x0000000745200000, 0x0000000745400000|  0%| F|  |TAMS 0x0000000745200000, 0x0000000745200000| Untracked 
| 554|0x0000000745400000, 0x0000000745400000, 0x0000000745600000|  0%| F|  |TAMS 0x0000000745400000, 0x0000000745400000| Untracked 
| 555|0x0000000745600000, 0x0000000745600000, 0x0000000745800000|  0%| F|  |TAMS 0x0000000745600000, 0x0000000745600000| Untracked 
| 556|0x0000000745800000, 0x0000000745800000, 0x0000000745a00000|  0%| F|  |TAMS 0x0000000745800000, 0x0000000745800000| Untracked 
| 557|0x0000000745a00000, 0x0000000745a00000, 0x0000000745c00000|  0%| F|  |TAMS 0x0000000745a00000, 0x0000000745a00000| Untracked 
| 558|0x0000000745c00000, 0x0000000745c00000, 0x0000000745e00000|  0%| F|  |TAMS 0x0000000745c00000, 0x0000000745c00000| Untracked 
| 559|0x0000000745e00000, 0x0000000745e00000, 0x0000000746000000|  0%| F|  |TAMS 0x0000000745e00000, 0x0000000745e00000| Untracked 
| 560|0x0000000746000000, 0x0000000746000000, 0x0000000746200000|  0%| F|  |TAMS 0x0000000746000000, 0x0000000746000000| Untracked 
| 561|0x0000000746200000, 0x0000000746200000, 0x0000000746400000|  0%| F|  |TAMS 0x0000000746200000, 0x0000000746200000| Untracked 
| 562|0x0000000746400000, 0x0000000746400000, 0x0000000746600000|  0%| F|  |TAMS 0x0000000746400000, 0x0000000746400000| Untracked 
| 563|0x0000000746600000, 0x0000000746600000, 0x0000000746800000|  0%| F|  |TAMS 0x0000000746600000, 0x0000000746600000| Untracked 
| 564|0x0000000746800000, 0x0000000746800000, 0x0000000746a00000|  0%| F|  |TAMS 0x0000000746800000, 0x0000000746800000| Untracked 
| 565|0x0000000746a00000, 0x0000000746a00000, 0x0000000746c00000|  0%| F|  |TAMS 0x0000000746a00000, 0x0000000746a00000| Untracked 
| 566|0x0000000746c00000, 0x0000000746c00000, 0x0000000746e00000|  0%| F|  |TAMS 0x0000000746c00000, 0x0000000746c00000| Untracked 
| 567|0x0000000746e00000, 0x0000000746e00000, 0x0000000747000000|  0%| F|  |TAMS 0x0000000746e00000, 0x0000000746e00000| Untracked 
| 568|0x0000000747000000, 0x0000000747000000, 0x0000000747200000|  0%| F|  |TAMS 0x0000000747000000, 0x0000000747000000| Untracked 
| 569|0x0000000747200000, 0x0000000747200000, 0x0000000747400000|  0%| F|  |TAMS 0x0000000747200000, 0x0000000747200000| Untracked 
| 570|0x0000000747400000, 0x0000000747400000, 0x0000000747600000|  0%| F|  |TAMS 0x0000000747400000, 0x0000000747400000| Untracked 
| 571|0x0000000747600000, 0x0000000747600000, 0x0000000747800000|  0%| F|  |TAMS 0x0000000747600000, 0x0000000747600000| Untracked 
| 572|0x0000000747800000, 0x0000000747800000, 0x0000000747a00000|  0%| F|  |TAMS 0x0000000747800000, 0x0000000747800000| Untracked 
| 573|0x0000000747a00000, 0x0000000747a00000, 0x0000000747c00000|  0%| F|  |TAMS 0x0000000747a00000, 0x0000000747a00000| Untracked 
| 574|0x0000000747c00000, 0x0000000747c00000, 0x0000000747e00000|  0%| F|  |TAMS 0x0000000747c00000, 0x0000000747c00000| Untracked 
| 575|0x0000000747e00000, 0x0000000747e00000, 0x0000000748000000|  0%| F|  |TAMS 0x0000000747e00000, 0x0000000747e00000| Untracked 
| 576|0x0000000748000000, 0x0000000748000000, 0x0000000748200000|  0%| F|  |TAMS 0x0000000748000000, 0x0000000748000000| Untracked 
| 577|0x0000000748200000, 0x0000000748200000, 0x0000000748400000|  0%| F|  |TAMS 0x0000000748200000, 0x0000000748200000| Untracked 
| 578|0x0000000748400000, 0x0000000748400000, 0x0000000748600000|  0%| F|  |TAMS 0x0000000748400000, 0x0000000748400000| Untracked 
| 579|0x0000000748600000, 0x0000000748600000, 0x0000000748800000|  0%| F|  |TAMS 0x0000000748600000, 0x0000000748600000| Untracked 
| 580|0x0000000748800000, 0x0000000748800000, 0x0000000748a00000|  0%| F|  |TAMS 0x0000000748800000, 0x0000000748800000| Untracked 
| 581|0x0000000748a00000, 0x0000000748a00000, 0x0000000748c00000|  0%| F|  |TAMS 0x0000000748a00000, 0x0000000748a00000| Untracked 
| 582|0x0000000748c00000, 0x0000000748c00000, 0x0000000748e00000|  0%| F|  |TAMS 0x0000000748c00000, 0x0000000748c00000| Untracked 
| 583|0x0000000748e00000, 0x0000000748e00000, 0x0000000749000000|  0%| F|  |TAMS 0x0000000748e00000, 0x0000000748e00000| Untracked 
| 584|0x0000000749000000, 0x0000000749000000, 0x0000000749200000|  0%| F|  |TAMS 0x0000000749000000, 0x0000000749000000| Untracked 
| 585|0x0000000749200000, 0x0000000749200000, 0x0000000749400000|  0%| F|  |TAMS 0x0000000749200000, 0x0000000749200000| Untracked 
| 586|0x0000000749400000, 0x0000000749400000, 0x0000000749600000|  0%| F|  |TAMS 0x0000000749400000, 0x0000000749400000| Untracked 
| 587|0x0000000749600000, 0x0000000749600000, 0x0000000749800000|  0%| F|  |TAMS 0x0000000749600000, 0x0000000749600000| Untracked 
| 588|0x0000000749800000, 0x0000000749800000, 0x0000000749a00000|  0%| F|  |TAMS 0x0000000749800000, 0x0000000749800000| Untracked 
| 589|0x0000000749a00000, 0x0000000749a00000, 0x0000000749c00000|  0%| F|  |TAMS 0x0000000749a00000, 0x0000000749a00000| Untracked 
| 590|0x0000000749c00000, 0x0000000749c00000, 0x0000000749e00000|  0%| F|  |TAMS 0x0000000749c00000, 0x0000000749c00000| Untracked 
| 591|0x0000000749e00000, 0x0000000749e00000, 0x000000074a000000|  0%| F|  |TAMS 0x0000000749e00000, 0x0000000749e00000| Untracked 
| 592|0x000000074a000000, 0x000000074a000000, 0x000000074a200000|  0%| F|  |TAMS 0x000000074a000000, 0x000000074a000000| Untracked 
| 593|0x000000074a200000, 0x000000074a200000, 0x000000074a400000|  0%| F|  |TAMS 0x000000074a200000, 0x000000074a200000| Untracked 
| 594|0x000000074a400000, 0x000000074a400000, 0x000000074a600000|  0%| F|  |TAMS 0x000000074a400000, 0x000000074a400000| Untracked 
| 595|0x000000074a600000, 0x000000074a600000, 0x000000074a800000|  0%| F|  |TAMS 0x000000074a600000, 0x000000074a600000| Untracked 
| 596|0x000000074a800000, 0x000000074a800000, 0x000000074aa00000|  0%| F|  |TAMS 0x000000074a800000, 0x000000074a800000| Untracked 
| 597|0x000000074aa00000, 0x000000074aa00000, 0x000000074ac00000|  0%| F|  |TAMS 0x000000074aa00000, 0x000000074aa00000| Untracked 
| 598|0x000000074ac00000, 0x000000074ac00000, 0x000000074ae00000|  0%| F|  |TAMS 0x000000074ac00000, 0x000000074ac00000| Untracked 
| 599|0x000000074ae00000, 0x000000074ae00000, 0x000000074b000000|  0%| F|  |TAMS 0x000000074ae00000, 0x000000074ae00000| Untracked 
| 600|0x000000074b000000, 0x000000074b000000, 0x000000074b200000|  0%| F|  |TAMS 0x000000074b000000, 0x000000074b000000| Untracked 
| 601|0x000000074b200000, 0x000000074b200000, 0x000000074b400000|  0%| F|  |TAMS 0x000000074b200000, 0x000000074b200000| Untracked 
| 602|0x000000074b400000, 0x000000074b400000, 0x000000074b600000|  0%| F|  |TAMS 0x000000074b400000, 0x000000074b400000| Untracked 
| 603|0x000000074b600000, 0x000000074b600000, 0x000000074b800000|  0%| F|  |TAMS 0x000000074b600000, 0x000000074b600000| Untracked 
| 604|0x000000074b800000, 0x000000074b800000, 0x000000074ba00000|  0%| F|  |TAMS 0x000000074b800000, 0x000000074b800000| Untracked 
| 605|0x000000074ba00000, 0x000000074bbff800, 0x000000074bc00000| 99%| E|  |TAMS 0x000000074ba00000, 0x000000074ba00000| Complete 
| 606|0x000000074bc00000, 0x000000074be00000, 0x000000074be00000|100%| E|CS|TAMS 0x000000074bc00000, 0x000000074bc00000| Complete 
| 607|0x000000074be00000, 0x000000074c000000, 0x000000074c000000|100%| E|CS|TAMS 0x000000074be00000, 0x000000074be00000| Complete 
| 608|0x000000074c000000, 0x000000074c200000, 0x000000074c200000|100%| E|CS|TAMS 0x000000074c000000, 0x000000074c000000| Complete 
| 609|0x000000074c200000, 0x000000074c400000, 0x000000074c400000|100%| E|CS|TAMS 0x000000074c200000, 0x000000074c200000| Complete 
| 610|0x000000074c400000, 0x000000074c600000, 0x000000074c600000|100%| E|CS|TAMS 0x000000074c400000, 0x000000074c400000| Complete 
| 611|0x000000074c600000, 0x000000074c800000, 0x000000074c800000|100%| E|CS|TAMS 0x000000074c600000, 0x000000074c600000| Complete 
| 612|0x000000074c800000, 0x000000074ca00000, 0x000000074ca00000|100%| E|CS|TAMS 0x000000074c800000, 0x000000074c800000| Complete 
| 613|0x000000074ca00000, 0x000000074cc00000, 0x000000074cc00000|100%| E|CS|TAMS 0x000000074ca00000, 0x000000074ca00000| Complete 
| 614|0x000000074cc00000, 0x000000074ce00000, 0x000000074ce00000|100%| E|CS|TAMS 0x000000074cc00000, 0x000000074cc00000| Complete 
| 615|0x000000074ce00000, 0x000000074d000000, 0x000000074d000000|100%| E|CS|TAMS 0x000000074ce00000, 0x000000074ce00000| Complete 
| 616|0x000000074d000000, 0x000000074d200000, 0x000000074d200000|100%| E|CS|TAMS 0x000000074d000000, 0x000000074d000000| Complete 
| 617|0x000000074d200000, 0x000000074d400000, 0x000000074d400000|100%| E|CS|TAMS 0x000000074d200000, 0x000000074d200000| Complete 
| 618|0x000000074d400000, 0x000000074d600000, 0x000000074d600000|100%| E|CS|TAMS 0x000000074d400000, 0x000000074d400000| Complete 
| 619|0x000000074d600000, 0x000000074d800000, 0x000000074d800000|100%| E|CS|TAMS 0x000000074d600000, 0x000000074d600000| Complete 
| 620|0x000000074d800000, 0x000000074da00000, 0x000000074da00000|100%| E|CS|TAMS 0x000000074d800000, 0x000000074d800000| Complete 
| 621|0x000000074da00000, 0x000000074dc00000, 0x000000074dc00000|100%| E|CS|TAMS 0x000000074da00000, 0x000000074da00000| Complete 
| 622|0x000000074dc00000, 0x000000074de00000, 0x000000074de00000|100%| E|CS|TAMS 0x000000074dc00000, 0x000000074dc00000| Complete 
| 623|0x000000074de00000, 0x000000074e000000, 0x000000074e000000|100%| E|CS|TAMS 0x000000074de00000, 0x000000074de00000| Complete 
| 624|0x000000074e000000, 0x000000074e200000, 0x000000074e200000|100%| E|CS|TAMS 0x000000074e000000, 0x000000074e000000| Complete 
| 625|0x000000074e200000, 0x000000074e400000, 0x000000074e400000|100%| E|CS|TAMS 0x000000074e200000, 0x000000074e200000| Complete 
| 626|0x000000074e400000, 0x000000074e600000, 0x000000074e600000|100%| E|CS|TAMS 0x000000074e400000, 0x000000074e400000| Complete 
| 627|0x000000074e600000, 0x000000074e800000, 0x000000074e800000|100%| E|CS|TAMS 0x000000074e600000, 0x000000074e600000| Complete 
| 628|0x000000074e800000, 0x000000074ea00000, 0x000000074ea00000|100%| E|CS|TAMS 0x000000074e800000, 0x000000074e800000| Complete 
| 629|0x000000074ea00000, 0x000000074ec00000, 0x000000074ec00000|100%| E|CS|TAMS 0x000000074ea00000, 0x000000074ea00000| Complete 
| 630|0x000000074ec00000, 0x000000074ee00000, 0x000000074ee00000|100%| E|CS|TAMS 0x000000074ec00000, 0x000000074ec00000| Complete 
| 631|0x000000074ee00000, 0x000000074f000000, 0x000000074f000000|100%| E|CS|TAMS 0x000000074ee00000, 0x000000074ee00000| Complete 
| 632|0x000000074f000000, 0x000000074f02e078, 0x000000074f200000|  8%| S|CS|TAMS 0x000000074f000000, 0x000000074f000000| Complete 
| 633|0x000000074f200000, 0x000000074f400000, 0x000000074f400000|100%| S|CS|TAMS 0x000000074f200000, 0x000000074f200000| Complete 
| 634|0x000000074f400000, 0x000000074f600000, 0x000000074f600000|100%| S|CS|TAMS 0x000000074f400000, 0x000000074f400000| Complete 
| 635|0x000000074f600000, 0x000000074f800000, 0x000000074f800000|100%| S|CS|TAMS 0x000000074f600000, 0x000000074f600000| Complete 
| 636|0x000000074f800000, 0x000000074fa00000, 0x000000074fa00000|100%| S|CS|TAMS 0x000000074f800000, 0x000000074f800000| Complete 
| 637|0x000000074fa00000, 0x000000074fc00000, 0x000000074fc00000|100%| S|CS|TAMS 0x000000074fa00000, 0x000000074fa00000| Complete 
| 638|0x000000074fc00000, 0x000000074fe00000, 0x000000074fe00000|100%| S|CS|TAMS 0x000000074fc00000, 0x000000074fc00000| Complete 
| 639|0x000000074fe00000, 0x0000000750000000, 0x0000000750000000|100%| S|CS|TAMS 0x000000074fe00000, 0x000000074fe00000| Complete 
| 640|0x0000000750000000, 0x0000000750200000, 0x0000000750200000|100%| S|CS|TAMS 0x0000000750000000, 0x0000000750000000| Complete 
| 641|0x0000000750200000, 0x0000000750400000, 0x0000000750400000|100%| S|CS|TAMS 0x0000000750200000, 0x0000000750200000| Complete 
| 642|0x0000000750400000, 0x0000000750600000, 0x0000000750600000|100%| S|CS|TAMS 0x0000000750400000, 0x0000000750400000| Complete 
| 643|0x0000000750600000, 0x0000000750800000, 0x0000000750800000|100%| S|CS|TAMS 0x0000000750600000, 0x0000000750600000| Complete 
| 644|0x0000000750800000, 0x0000000750a00000, 0x0000000750a00000|100%| S|CS|TAMS 0x0000000750800000, 0x0000000750800000| Complete 
| 645|0x0000000750a00000, 0x0000000750c00000, 0x0000000750c00000|100%| E|CS|TAMS 0x0000000750a00000, 0x0000000750a00000| Complete 
| 646|0x0000000750c00000, 0x0000000750e00000, 0x0000000750e00000|100%| E|CS|TAMS 0x0000000750c00000, 0x0000000750c00000| Complete 
| 647|0x0000000750e00000, 0x0000000751000000, 0x0000000751000000|100%| E|CS|TAMS 0x0000000750e00000, 0x0000000750e00000| Complete 
| 648|0x0000000751000000, 0x0000000751200000, 0x0000000751200000|100%| E|CS|TAMS 0x0000000751000000, 0x0000000751000000| Complete 
| 649|0x0000000751200000, 0x0000000751400000, 0x0000000751400000|100%| E|CS|TAMS 0x0000000751200000, 0x0000000751200000| Complete 
| 650|0x0000000751400000, 0x0000000751600000, 0x0000000751600000|100%| E|CS|TAMS 0x0000000751400000, 0x0000000751400000| Complete 
| 651|0x0000000751600000, 0x0000000751800000, 0x0000000751800000|100%| E|CS|TAMS 0x0000000751600000, 0x0000000751600000| Complete 
| 652|0x0000000751800000, 0x0000000751a00000, 0x0000000751a00000|100%| E|CS|TAMS 0x0000000751800000, 0x0000000751800000| Complete 
| 653|0x0000000751a00000, 0x0000000751c00000, 0x0000000751c00000|100%| E|CS|TAMS 0x0000000751a00000, 0x0000000751a00000| Complete 
| 654|0x0000000751c00000, 0x0000000751e00000, 0x0000000751e00000|100%| E|CS|TAMS 0x0000000751c00000, 0x0000000751c00000| Complete 
| 655|0x0000000751e00000, 0x0000000752000000, 0x0000000752000000|100%| E|CS|TAMS 0x0000000751e00000, 0x0000000751e00000| Complete 
| 656|0x0000000752000000, 0x0000000752200000, 0x0000000752200000|100%| E|CS|TAMS 0x0000000752000000, 0x0000000752000000| Complete 
| 657|0x0000000752200000, 0x0000000752400000, 0x0000000752400000|100%| E|CS|TAMS 0x0000000752200000, 0x0000000752200000| Complete 
| 658|0x0000000752400000, 0x0000000752600000, 0x0000000752600000|100%| E|CS|TAMS 0x0000000752400000, 0x0000000752400000| Complete 
| 659|0x0000000752600000, 0x0000000752800000, 0x0000000752800000|100%| E|CS|TAMS 0x0000000752600000, 0x0000000752600000| Complete 
| 660|0x0000000752800000, 0x0000000752a00000, 0x0000000752a00000|100%| E|CS|TAMS 0x0000000752800000, 0x0000000752800000| Complete 
| 661|0x0000000752a00000, 0x0000000752c00000, 0x0000000752c00000|100%| E|CS|TAMS 0x0000000752a00000, 0x0000000752a00000| Complete 
| 662|0x0000000752c00000, 0x0000000752e00000, 0x0000000752e00000|100%| E|CS|TAMS 0x0000000752c00000, 0x0000000752c00000| Complete 
| 663|0x0000000752e00000, 0x0000000753000000, 0x0000000753000000|100%| E|CS|TAMS 0x0000000752e00000, 0x0000000752e00000| Complete 
| 664|0x0000000753000000, 0x0000000753200000, 0x0000000753200000|100%| E|CS|TAMS 0x0000000753000000, 0x0000000753000000| Complete 
| 665|0x0000000753200000, 0x0000000753400000, 0x0000000753400000|100%| E|CS|TAMS 0x0000000753200000, 0x0000000753200000| Complete 
| 666|0x0000000753400000, 0x0000000753600000, 0x0000000753600000|100%| E|CS|TAMS 0x0000000753400000, 0x0000000753400000| Complete 
| 667|0x0000000753600000, 0x0000000753800000, 0x0000000753800000|100%| E|CS|TAMS 0x0000000753600000, 0x0000000753600000| Complete 
| 668|0x0000000753800000, 0x0000000753a00000, 0x0000000753a00000|100%| E|CS|TAMS 0x0000000753800000, 0x0000000753800000| Complete 
| 669|0x0000000753a00000, 0x0000000753c00000, 0x0000000753c00000|100%| E|CS|TAMS 0x0000000753a00000, 0x0000000753a00000| Complete 
| 670|0x0000000753c00000, 0x0000000753e00000, 0x0000000753e00000|100%| E|CS|TAMS 0x0000000753c00000, 0x0000000753c00000| Complete 
| 671|0x0000000753e00000, 0x0000000754000000, 0x0000000754000000|100%| E|CS|TAMS 0x0000000753e00000, 0x0000000753e00000| Complete 
| 672|0x0000000754000000, 0x0000000754200000, 0x0000000754200000|100%| E|CS|TAMS 0x0000000754000000, 0x0000000754000000| Complete 
| 673|0x0000000754200000, 0x0000000754400000, 0x0000000754400000|100%| E|CS|TAMS 0x0000000754200000, 0x0000000754200000| Complete 
| 674|0x0000000754400000, 0x0000000754600000, 0x0000000754600000|100%| E|CS|TAMS 0x0000000754400000, 0x0000000754400000| Complete 
| 675|0x0000000754600000, 0x0000000754800000, 0x0000000754800000|100%| E|CS|TAMS 0x0000000754600000, 0x0000000754600000| Complete 
| 676|0x0000000754800000, 0x0000000754a00000, 0x0000000754a00000|100%| E|CS|TAMS 0x0000000754800000, 0x0000000754800000| Complete 
| 677|0x0000000754a00000, 0x0000000754c00000, 0x0000000754c00000|100%| E|CS|TAMS 0x0000000754a00000, 0x0000000754a00000| Complete 
| 678|0x0000000754c00000, 0x0000000754e00000, 0x0000000754e00000|100%| E|CS|TAMS 0x0000000754c00000, 0x0000000754c00000| Complete 
| 679|0x0000000754e00000, 0x0000000755000000, 0x0000000755000000|100%| E|CS|TAMS 0x0000000754e00000, 0x0000000754e00000| Complete 
| 680|0x0000000755000000, 0x0000000755200000, 0x0000000755200000|100%| E|CS|TAMS 0x0000000755000000, 0x0000000755000000| Complete 
| 681|0x0000000755200000, 0x0000000755400000, 0x0000000755400000|100%| E|CS|TAMS 0x0000000755200000, 0x0000000755200000| Complete 
| 682|0x0000000755400000, 0x0000000755600000, 0x0000000755600000|100%| E|CS|TAMS 0x0000000755400000, 0x0000000755400000| Complete 
| 683|0x0000000755600000, 0x0000000755800000, 0x0000000755800000|100%| E|CS|TAMS 0x0000000755600000, 0x0000000755600000| Complete 
| 684|0x0000000755800000, 0x0000000755a00000, 0x0000000755a00000|100%| E|CS|TAMS 0x0000000755800000, 0x0000000755800000| Complete 
| 685|0x0000000755a00000, 0x0000000755c00000, 0x0000000755c00000|100%| E|CS|TAMS 0x0000000755a00000, 0x0000000755a00000| Complete 
| 686|0x0000000755c00000, 0x0000000755e00000, 0x0000000755e00000|100%| E|CS|TAMS 0x0000000755c00000, 0x0000000755c00000| Complete 
| 687|0x0000000755e00000, 0x0000000756000000, 0x0000000756000000|100%| E|CS|TAMS 0x0000000755e00000, 0x0000000755e00000| Complete 
| 688|0x0000000756000000, 0x0000000756200000, 0x0000000756200000|100%| E|CS|TAMS 0x0000000756000000, 0x0000000756000000| Complete 
| 689|0x0000000756200000, 0x0000000756400000, 0x0000000756400000|100%| E|CS|TAMS 0x0000000756200000, 0x0000000756200000| Complete 
| 690|0x0000000756400000, 0x0000000756600000, 0x0000000756600000|100%| E|CS|TAMS 0x0000000756400000, 0x0000000756400000| Complete 
| 691|0x0000000756600000, 0x0000000756800000, 0x0000000756800000|100%| E|CS|TAMS 0x0000000756600000, 0x0000000756600000| Complete 
| 692|0x0000000756800000, 0x0000000756a00000, 0x0000000756a00000|100%| E|CS|TAMS 0x0000000756800000, 0x0000000756800000| Complete 
| 693|0x0000000756a00000, 0x0000000756c00000, 0x0000000756c00000|100%| E|CS|TAMS 0x0000000756a00000, 0x0000000756a00000| Complete 
| 694|0x0000000756c00000, 0x0000000756e00000, 0x0000000756e00000|100%| E|CS|TAMS 0x0000000756c00000, 0x0000000756c00000| Complete 
| 695|0x0000000756e00000, 0x0000000757000000, 0x0000000757000000|100%| E|CS|TAMS 0x0000000756e00000, 0x0000000756e00000| Complete 
| 696|0x0000000757000000, 0x0000000757200000, 0x0000000757200000|100%| E|CS|TAMS 0x0000000757000000, 0x0000000757000000| Complete 
| 697|0x0000000757200000, 0x0000000757400000, 0x0000000757400000|100%| E|CS|TAMS 0x0000000757200000, 0x0000000757200000| Complete 
| 698|0x0000000757400000, 0x0000000757600000, 0x0000000757600000|100%| E|CS|TAMS 0x0000000757400000, 0x0000000757400000| Complete 
| 699|0x0000000757600000, 0x0000000757800000, 0x0000000757800000|100%| E|CS|TAMS 0x0000000757600000, 0x0000000757600000| Complete 
| 700|0x0000000757800000, 0x0000000757a00000, 0x0000000757a00000|100%| E|CS|TAMS 0x0000000757800000, 0x0000000757800000| Complete 
| 701|0x0000000757a00000, 0x0000000757c00000, 0x0000000757c00000|100%| E|CS|TAMS 0x0000000757a00000, 0x0000000757a00000| Complete 
| 702|0x0000000757c00000, 0x0000000757e00000, 0x0000000757e00000|100%| E|CS|TAMS 0x0000000757c00000, 0x0000000757c00000| Complete 
| 703|0x0000000757e00000, 0x0000000758000000, 0x0000000758000000|100%| E|CS|TAMS 0x0000000757e00000, 0x0000000757e00000| Complete 
| 704|0x0000000758000000, 0x0000000758200000, 0x0000000758200000|100%| E|CS|TAMS 0x0000000758000000, 0x0000000758000000| Complete 
| 705|0x0000000758200000, 0x0000000758400000, 0x0000000758400000|100%| E|CS|TAMS 0x0000000758200000, 0x0000000758200000| Complete 
| 706|0x0000000758400000, 0x0000000758600000, 0x0000000758600000|100%| E|CS|TAMS 0x0000000758400000, 0x0000000758400000| Complete 
| 707|0x0000000758600000, 0x0000000758800000, 0x0000000758800000|100%| E|CS|TAMS 0x0000000758600000, 0x0000000758600000| Complete 
| 708|0x0000000758800000, 0x0000000758a00000, 0x0000000758a00000|100%| E|CS|TAMS 0x0000000758800000, 0x0000000758800000| Complete 
| 709|0x0000000758a00000, 0x0000000758c00000, 0x0000000758c00000|100%| E|CS|TAMS 0x0000000758a00000, 0x0000000758a00000| Complete 
| 710|0x0000000758c00000, 0x0000000758e00000, 0x0000000758e00000|100%| E|CS|TAMS 0x0000000758c00000, 0x0000000758c00000| Complete 
| 711|0x0000000758e00000, 0x0000000759000000, 0x0000000759000000|100%| E|CS|TAMS 0x0000000758e00000, 0x0000000758e00000| Complete 
| 712|0x0000000759000000, 0x0000000759200000, 0x0000000759200000|100%| E|CS|TAMS 0x0000000759000000, 0x0000000759000000| Complete 
| 713|0x0000000759200000, 0x0000000759400000, 0x0000000759400000|100%| E|CS|TAMS 0x0000000759200000, 0x0000000759200000| Complete 
| 714|0x0000000759400000, 0x0000000759600000, 0x0000000759600000|100%| E|CS|TAMS 0x0000000759400000, 0x0000000759400000| Complete 
| 715|0x0000000759600000, 0x0000000759800000, 0x0000000759800000|100%| E|CS|TAMS 0x0000000759600000, 0x0000000759600000| Complete 
| 716|0x0000000759800000, 0x0000000759a00000, 0x0000000759a00000|100%| E|CS|TAMS 0x0000000759800000, 0x0000000759800000| Complete 
| 717|0x0000000759a00000, 0x0000000759c00000, 0x0000000759c00000|100%| E|CS|TAMS 0x0000000759a00000, 0x0000000759a00000| Complete 
| 718|0x0000000759c00000, 0x0000000759e00000, 0x0000000759e00000|100%| E|CS|TAMS 0x0000000759c00000, 0x0000000759c00000| Complete 
| 719|0x0000000759e00000, 0x000000075a000000, 0x000000075a000000|100%| E|CS|TAMS 0x0000000759e00000, 0x0000000759e00000| Complete 
| 720|0x000000075a000000, 0x000000075a200000, 0x000000075a200000|100%| E|CS|TAMS 0x000000075a000000, 0x000000075a000000| Complete 
| 721|0x000000075a200000, 0x000000075a400000, 0x000000075a400000|100%| E|CS|TAMS 0x000000075a200000, 0x000000075a200000| Complete 
| 722|0x000000075a400000, 0x000000075a600000, 0x000000075a600000|100%| E|CS|TAMS 0x000000075a400000, 0x000000075a400000| Complete 
| 723|0x000000075a600000, 0x000000075a800000, 0x000000075a800000|100%| E|CS|TAMS 0x000000075a600000, 0x000000075a600000| Complete 
| 724|0x000000075a800000, 0x000000075aa00000, 0x000000075aa00000|100%| E|CS|TAMS 0x000000075a800000, 0x000000075a800000| Complete 
| 725|0x000000075aa00000, 0x000000075ac00000, 0x000000075ac00000|100%| E|CS|TAMS 0x000000075aa00000, 0x000000075aa00000| Complete 
| 726|0x000000075ac00000, 0x000000075ae00000, 0x000000075ae00000|100%| E|CS|TAMS 0x000000075ac00000, 0x000000075ac00000| Complete 
| 727|0x000000075ae00000, 0x000000075b000000, 0x000000075b000000|100%| E|CS|TAMS 0x000000075ae00000, 0x000000075ae00000| Complete 
| 728|0x000000075b000000, 0x000000075b200000, 0x000000075b200000|100%| E|CS|TAMS 0x000000075b000000, 0x000000075b000000| Complete 
| 729|0x000000075b200000, 0x000000075b400000, 0x000000075b400000|100%| E|CS|TAMS 0x000000075b200000, 0x000000075b200000| Complete 
| 730|0x000000075b400000, 0x000000075b600000, 0x000000075b600000|100%| E|CS|TAMS 0x000000075b400000, 0x000000075b400000| Complete 
| 731|0x000000075b600000, 0x000000075b800000, 0x000000075b800000|100%| E|CS|TAMS 0x000000075b600000, 0x000000075b600000| Complete 
| 732|0x000000075b800000, 0x000000075ba00000, 0x000000075ba00000|100%| E|CS|TAMS 0x000000075b800000, 0x000000075b800000| Complete 
| 733|0x000000075ba00000, 0x000000075bc00000, 0x000000075bc00000|100%| E|CS|TAMS 0x000000075ba00000, 0x000000075ba00000| Complete 
| 734|0x000000075bc00000, 0x000000075be00000, 0x000000075be00000|100%| E|CS|TAMS 0x000000075bc00000, 0x000000075bc00000| Complete 
| 735|0x000000075be00000, 0x000000075c000000, 0x000000075c000000|100%| E|CS|TAMS 0x000000075be00000, 0x000000075be00000| Complete 
| 736|0x000000075c000000, 0x000000075c200000, 0x000000075c200000|100%| E|CS|TAMS 0x000000075c000000, 0x000000075c000000| Complete 
| 737|0x000000075c200000, 0x000000075c400000, 0x000000075c400000|100%| E|CS|TAMS 0x000000075c200000, 0x000000075c200000| Complete 
| 738|0x000000075c400000, 0x000000075c600000, 0x000000075c600000|100%| E|CS|TAMS 0x000000075c400000, 0x000000075c400000| Complete 
| 739|0x000000075c600000, 0x000000075c800000, 0x000000075c800000|100%| E|CS|TAMS 0x000000075c600000, 0x000000075c600000| Complete 
| 740|0x000000075c800000, 0x000000075ca00000, 0x000000075ca00000|100%| E|CS|TAMS 0x000000075c800000, 0x000000075c800000| Complete 
| 741|0x000000075ca00000, 0x000000075cc00000, 0x000000075cc00000|100%| E|CS|TAMS 0x000000075ca00000, 0x000000075ca00000| Complete 
| 742|0x000000075cc00000, 0x000000075ce00000, 0x000000075ce00000|100%| E|CS|TAMS 0x000000075cc00000, 0x000000075cc00000| Complete 
| 743|0x000000075ce00000, 0x000000075d000000, 0x000000075d000000|100%| E|CS|TAMS 0x000000075ce00000, 0x000000075ce00000| Complete 
| 744|0x000000075d000000, 0x000000075d200000, 0x000000075d200000|100%| E|CS|TAMS 0x000000075d000000, 0x000000075d000000| Complete 
| 745|0x000000075d200000, 0x000000075d400000, 0x000000075d400000|100%| E|CS|TAMS 0x000000075d200000, 0x000000075d200000| Complete 
| 746|0x000000075d400000, 0x000000075d600000, 0x000000075d600000|100%| E|CS|TAMS 0x000000075d400000, 0x000000075d400000| Complete 
| 747|0x000000075d600000, 0x000000075d800000, 0x000000075d800000|100%| E|CS|TAMS 0x000000075d600000, 0x000000075d600000| Complete 
| 748|0x000000075d800000, 0x000000075da00000, 0x000000075da00000|100%| E|CS|TAMS 0x000000075d800000, 0x000000075d800000| Complete 
| 749|0x000000075da00000, 0x000000075dc00000, 0x000000075dc00000|100%| E|CS|TAMS 0x000000075da00000, 0x000000075da00000| Complete 
| 750|0x000000075dc00000, 0x000000075de00000, 0x000000075de00000|100%| E|CS|TAMS 0x000000075dc00000, 0x000000075dc00000| Complete 
| 751|0x000000075de00000, 0x000000075e000000, 0x000000075e000000|100%| E|CS|TAMS 0x000000075de00000, 0x000000075de00000| Complete 
| 752|0x000000075e000000, 0x000000075e200000, 0x000000075e200000|100%| E|CS|TAMS 0x000000075e000000, 0x000000075e000000| Complete 
| 753|0x000000075e200000, 0x000000075e400000, 0x000000075e400000|100%| E|CS|TAMS 0x000000075e200000, 0x000000075e200000| Complete 
| 754|0x000000075e400000, 0x000000075e600000, 0x000000075e600000|100%| E|CS|TAMS 0x000000075e400000, 0x000000075e400000| Complete 
| 755|0x000000075e600000, 0x000000075e800000, 0x000000075e800000|100%| E|CS|TAMS 0x000000075e600000, 0x000000075e600000| Complete 
| 756|0x000000075e800000, 0x000000075ea00000, 0x000000075ea00000|100%| E|CS|TAMS 0x000000075e800000, 0x000000075e800000| Complete 
| 757|0x000000075ea00000, 0x000000075ec00000, 0x000000075ec00000|100%| E|CS|TAMS 0x000000075ea00000, 0x000000075ea00000| Complete 
| 758|0x000000075ec00000, 0x000000075ee00000, 0x000000075ee00000|100%| E|CS|TAMS 0x000000075ec00000, 0x000000075ec00000| Complete 
| 759|0x000000075ee00000, 0x000000075f000000, 0x000000075f000000|100%| E|CS|TAMS 0x000000075ee00000, 0x000000075ee00000| Complete 
| 760|0x000000075f000000, 0x000000075f200000, 0x000000075f200000|100%| E|CS|TAMS 0x000000075f000000, 0x000000075f000000| Complete 
| 761|0x000000075f200000, 0x000000075f400000, 0x000000075f400000|100%| E|CS|TAMS 0x000000075f200000, 0x000000075f200000| Complete 
| 762|0x000000075f400000, 0x000000075f600000, 0x000000075f600000|100%| E|CS|TAMS 0x000000075f400000, 0x000000075f400000| Complete 
| 763|0x000000075f600000, 0x000000075f800000, 0x000000075f800000|100%| E|CS|TAMS 0x000000075f600000, 0x000000075f600000| Complete 
| 764|0x000000075f800000, 0x000000075fa00000, 0x000000075fa00000|100%| E|CS|TAMS 0x000000075f800000, 0x000000075f800000| Complete 
| 765|0x000000075fa00000, 0x000000075fc00000, 0x000000075fc00000|100%| E|CS|TAMS 0x000000075fa00000, 0x000000075fa00000| Complete 
| 766|0x000000075fc00000, 0x000000075fe00000, 0x000000075fe00000|100%| E|CS|TAMS 0x000000075fc00000, 0x000000075fc00000| Complete 
| 767|0x000000075fe00000, 0x0000000760000000, 0x0000000760000000|100%| E|CS|TAMS 0x000000075fe00000, 0x000000075fe00000| Complete 
| 768|0x0000000760000000, 0x0000000760200000, 0x0000000760200000|100%| E|CS|TAMS 0x0000000760000000, 0x0000000760000000| Complete 
| 769|0x0000000760200000, 0x0000000760400000, 0x0000000760400000|100%| E|CS|TAMS 0x0000000760200000, 0x0000000760200000| Complete 
| 770|0x0000000760400000, 0x0000000760600000, 0x0000000760600000|100%| E|CS|TAMS 0x0000000760400000, 0x0000000760400000| Complete 
| 771|0x0000000760600000, 0x0000000760800000, 0x0000000760800000|100%| E|CS|TAMS 0x0000000760600000, 0x0000000760600000| Complete 
| 772|0x0000000760800000, 0x0000000760a00000, 0x0000000760a00000|100%| E|CS|TAMS 0x0000000760800000, 0x0000000760800000| Complete 
| 773|0x0000000760a00000, 0x0000000760c00000, 0x0000000760c00000|100%| E|CS|TAMS 0x0000000760a00000, 0x0000000760a00000| Complete 
| 774|0x0000000760c00000, 0x0000000760e00000, 0x0000000760e00000|100%| E|CS|TAMS 0x0000000760c00000, 0x0000000760c00000| Complete 
| 775|0x0000000760e00000, 0x0000000761000000, 0x0000000761000000|100%| E|CS|TAMS 0x0000000760e00000, 0x0000000760e00000| Complete 
| 776|0x0000000761000000, 0x0000000761200000, 0x0000000761200000|100%| E|CS|TAMS 0x0000000761000000, 0x0000000761000000| Complete 
| 777|0x0000000761200000, 0x0000000761400000, 0x0000000761400000|100%| E|CS|TAMS 0x0000000761200000, 0x0000000761200000| Complete 
| 778|0x0000000761400000, 0x0000000761600000, 0x0000000761600000|100%| E|CS|TAMS 0x0000000761400000, 0x0000000761400000| Complete 
| 779|0x0000000761600000, 0x0000000761800000, 0x0000000761800000|100%| E|CS|TAMS 0x0000000761600000, 0x0000000761600000| Complete 
| 780|0x0000000761800000, 0x0000000761a00000, 0x0000000761a00000|100%| E|CS|TAMS 0x0000000761800000, 0x0000000761800000| Complete 
| 781|0x0000000761a00000, 0x0000000761c00000, 0x0000000761c00000|100%| E|CS|TAMS 0x0000000761a00000, 0x0000000761a00000| Complete 
| 782|0x0000000761c00000, 0x0000000761e00000, 0x0000000761e00000|100%| E|CS|TAMS 0x0000000761c00000, 0x0000000761c00000| Complete 
| 783|0x0000000761e00000, 0x0000000762000000, 0x0000000762000000|100%| E|CS|TAMS 0x0000000761e00000, 0x0000000761e00000| Complete 
| 784|0x0000000762000000, 0x0000000762200000, 0x0000000762200000|100%| E|CS|TAMS 0x0000000762000000, 0x0000000762000000| Complete 
| 785|0x0000000762200000, 0x0000000762400000, 0x0000000762400000|100%| E|CS|TAMS 0x0000000762200000, 0x0000000762200000| Complete 
| 786|0x0000000762400000, 0x0000000762600000, 0x0000000762600000|100%| E|CS|TAMS 0x0000000762400000, 0x0000000762400000| Complete 
| 787|0x0000000762600000, 0x0000000762800000, 0x0000000762800000|100%| E|CS|TAMS 0x0000000762600000, 0x0000000762600000| Complete 
| 788|0x0000000762800000, 0x0000000762a00000, 0x0000000762a00000|100%| E|CS|TAMS 0x0000000762800000, 0x0000000762800000| Complete 
| 789|0x0000000762a00000, 0x0000000762c00000, 0x0000000762c00000|100%| E|CS|TAMS 0x0000000762a00000, 0x0000000762a00000| Complete 
| 790|0x0000000762c00000, 0x0000000762e00000, 0x0000000762e00000|100%| E|CS|TAMS 0x0000000762c00000, 0x0000000762c00000| Complete 
| 791|0x0000000762e00000, 0x0000000763000000, 0x0000000763000000|100%| E|CS|TAMS 0x0000000762e00000, 0x0000000762e00000| Complete 
| 792|0x0000000763000000, 0x0000000763200000, 0x0000000763200000|100%| E|CS|TAMS 0x0000000763000000, 0x0000000763000000| Complete 
| 793|0x0000000763200000, 0x0000000763400000, 0x0000000763400000|100%| E|CS|TAMS 0x0000000763200000, 0x0000000763200000| Complete 
| 794|0x0000000763400000, 0x0000000763600000, 0x0000000763600000|100%| E|CS|TAMS 0x0000000763400000, 0x0000000763400000| Complete 
| 795|0x0000000763600000, 0x0000000763800000, 0x0000000763800000|100%| E|CS|TAMS 0x0000000763600000, 0x0000000763600000| Complete 
| 796|0x0000000763800000, 0x0000000763a00000, 0x0000000763a00000|100%| E|CS|TAMS 0x0000000763800000, 0x0000000763800000| Complete 
| 797|0x0000000763a00000, 0x0000000763c00000, 0x0000000763c00000|100%| E|CS|TAMS 0x0000000763a00000, 0x0000000763a00000| Complete 
| 798|0x0000000763c00000, 0x0000000763e00000, 0x0000000763e00000|100%| E|CS|TAMS 0x0000000763c00000, 0x0000000763c00000| Complete 
| 799|0x0000000763e00000, 0x0000000764000000, 0x0000000764000000|100%| E|CS|TAMS 0x0000000763e00000, 0x0000000763e00000| Complete 
| 800|0x0000000764000000, 0x0000000764200000, 0x0000000764200000|100%| E|CS|TAMS 0x0000000764000000, 0x0000000764000000| Complete 
| 801|0x0000000764200000, 0x0000000764400000, 0x0000000764400000|100%| E|CS|TAMS 0x0000000764200000, 0x0000000764200000| Complete 
| 802|0x0000000764400000, 0x0000000764600000, 0x0000000764600000|100%| E|CS|TAMS 0x0000000764400000, 0x0000000764400000| Complete 
| 803|0x0000000764600000, 0x0000000764800000, 0x0000000764800000|100%| E|CS|TAMS 0x0000000764600000, 0x0000000764600000| Complete 
| 804|0x0000000764800000, 0x0000000764a00000, 0x0000000764a00000|100%| E|CS|TAMS 0x0000000764800000, 0x0000000764800000| Complete 
| 805|0x0000000764a00000, 0x0000000764c00000, 0x0000000764c00000|100%| E|CS|TAMS 0x0000000764a00000, 0x0000000764a00000| Complete 
| 806|0x0000000764c00000, 0x0000000764e00000, 0x0000000764e00000|100%| E|CS|TAMS 0x0000000764c00000, 0x0000000764c00000| Complete 
| 807|0x0000000764e00000, 0x0000000765000000, 0x0000000765000000|100%| E|CS|TAMS 0x0000000764e00000, 0x0000000764e00000| Complete 
| 808|0x0000000765000000, 0x0000000765200000, 0x0000000765200000|100%| E|CS|TAMS 0x0000000765000000, 0x0000000765000000| Complete 
| 809|0x0000000765200000, 0x0000000765400000, 0x0000000765400000|100%| E|CS|TAMS 0x0000000765200000, 0x0000000765200000| Complete 
| 810|0x0000000765400000, 0x0000000765600000, 0x0000000765600000|100%| E|CS|TAMS 0x0000000765400000, 0x0000000765400000| Complete 
| 811|0x0000000765600000, 0x0000000765800000, 0x0000000765800000|100%| E|CS|TAMS 0x0000000765600000, 0x0000000765600000| Complete 
| 812|0x0000000765800000, 0x0000000765a00000, 0x0000000765a00000|100%| E|CS|TAMS 0x0000000765800000, 0x0000000765800000| Complete 
| 813|0x0000000765a00000, 0x0000000765c00000, 0x0000000765c00000|100%| E|CS|TAMS 0x0000000765a00000, 0x0000000765a00000| Complete 
| 814|0x0000000765c00000, 0x0000000765e00000, 0x0000000765e00000|100%| E|CS|TAMS 0x0000000765c00000, 0x0000000765c00000| Complete 
| 815|0x0000000765e00000, 0x0000000766000000, 0x0000000766000000|100%| E|CS|TAMS 0x0000000765e00000, 0x0000000765e00000| Complete 
| 816|0x0000000766000000, 0x0000000766200000, 0x0000000766200000|100%| E|CS|TAMS 0x0000000766000000, 0x0000000766000000| Complete 
| 817|0x0000000766200000, 0x0000000766400000, 0x0000000766400000|100%| E|CS|TAMS 0x0000000766200000, 0x0000000766200000| Complete 
| 818|0x0000000766400000, 0x0000000766600000, 0x0000000766600000|100%| E|CS|TAMS 0x0000000766400000, 0x0000000766400000| Complete 
| 819|0x0000000766600000, 0x0000000766800000, 0x0000000766800000|100%| E|CS|TAMS 0x0000000766600000, 0x0000000766600000| Complete 
| 820|0x0000000766800000, 0x0000000766a00000, 0x0000000766a00000|100%| E|CS|TAMS 0x0000000766800000, 0x0000000766800000| Complete 
| 821|0x0000000766a00000, 0x0000000766c00000, 0x0000000766c00000|100%| E|CS|TAMS 0x0000000766a00000, 0x0000000766a00000| Complete 
| 822|0x0000000766c00000, 0x0000000766e00000, 0x0000000766e00000|100%| E|CS|TAMS 0x0000000766c00000, 0x0000000766c00000| Complete 
| 823|0x0000000766e00000, 0x0000000767000000, 0x0000000767000000|100%| E|CS|TAMS 0x0000000766e00000, 0x0000000766e00000| Complete 
| 824|0x0000000767000000, 0x0000000767200000, 0x0000000767200000|100%| E|CS|TAMS 0x0000000767000000, 0x0000000767000000| Complete 
| 825|0x0000000767200000, 0x0000000767400000, 0x0000000767400000|100%| E|CS|TAMS 0x0000000767200000, 0x0000000767200000| Complete 
| 826|0x0000000767400000, 0x0000000767600000, 0x0000000767600000|100%| E|CS|TAMS 0x0000000767400000, 0x0000000767400000| Complete 
| 827|0x0000000767600000, 0x0000000767800000, 0x0000000767800000|100%| E|CS|TAMS 0x0000000767600000, 0x0000000767600000| Complete 
| 828|0x0000000767800000, 0x0000000767a00000, 0x0000000767a00000|100%| E|CS|TAMS 0x0000000767800000, 0x0000000767800000| Complete 
| 829|0x0000000767a00000, 0x0000000767c00000, 0x0000000767c00000|100%| E|CS|TAMS 0x0000000767a00000, 0x0000000767a00000| Complete 
| 830|0x0000000767c00000, 0x0000000767e00000, 0x0000000767e00000|100%| E|CS|TAMS 0x0000000767c00000, 0x0000000767c00000| Complete 
| 831|0x0000000767e00000, 0x0000000768000000, 0x0000000768000000|100%| E|CS|TAMS 0x0000000767e00000, 0x0000000767e00000| Complete 
| 832|0x0000000768000000, 0x0000000768200000, 0x0000000768200000|100%| E|CS|TAMS 0x0000000768000000, 0x0000000768000000| Complete 
| 833|0x0000000768200000, 0x0000000768400000, 0x0000000768400000|100%| E|CS|TAMS 0x0000000768200000, 0x0000000768200000| Complete 
| 834|0x0000000768400000, 0x0000000768600000, 0x0000000768600000|100%| E|CS|TAMS 0x0000000768400000, 0x0000000768400000| Complete 
| 835|0x0000000768600000, 0x0000000768800000, 0x0000000768800000|100%| E|CS|TAMS 0x0000000768600000, 0x0000000768600000| Complete 
| 836|0x0000000768800000, 0x0000000768a00000, 0x0000000768a00000|100%| E|CS|TAMS 0x0000000768800000, 0x0000000768800000| Complete 
| 837|0x0000000768a00000, 0x0000000768c00000, 0x0000000768c00000|100%| E|CS|TAMS 0x0000000768a00000, 0x0000000768a00000| Complete 
| 838|0x0000000768c00000, 0x0000000768e00000, 0x0000000768e00000|100%| E|CS|TAMS 0x0000000768c00000, 0x0000000768c00000| Complete 
| 839|0x0000000768e00000, 0x0000000769000000, 0x0000000769000000|100%| E|CS|TAMS 0x0000000768e00000, 0x0000000768e00000| Complete 
| 840|0x0000000769000000, 0x0000000769200000, 0x0000000769200000|100%| E|CS|TAMS 0x0000000769000000, 0x0000000769000000| Complete 
| 841|0x0000000769200000, 0x0000000769400000, 0x0000000769400000|100%| E|CS|TAMS 0x0000000769200000, 0x0000000769200000| Complete 
| 842|0x0000000769400000, 0x0000000769600000, 0x0000000769600000|100%| E|CS|TAMS 0x0000000769400000, 0x0000000769400000| Complete 
| 843|0x0000000769600000, 0x0000000769800000, 0x0000000769800000|100%| E|CS|TAMS 0x0000000769600000, 0x0000000769600000| Complete 
| 844|0x0000000769800000, 0x0000000769a00000, 0x0000000769a00000|100%| E|CS|TAMS 0x0000000769800000, 0x0000000769800000| Complete 
| 845|0x0000000769a00000, 0x0000000769c00000, 0x0000000769c00000|100%| E|CS|TAMS 0x0000000769a00000, 0x0000000769a00000| Complete 
| 846|0x0000000769c00000, 0x0000000769e00000, 0x0000000769e00000|100%| E|CS|TAMS 0x0000000769c00000, 0x0000000769c00000| Complete 
| 847|0x0000000769e00000, 0x000000076a000000, 0x000000076a000000|100%| E|CS|TAMS 0x0000000769e00000, 0x0000000769e00000| Complete 
| 848|0x000000076a000000, 0x000000076a200000, 0x000000076a200000|100%| E|CS|TAMS 0x000000076a000000, 0x000000076a000000| Complete 
| 849|0x000000076a200000, 0x000000076a400000, 0x000000076a400000|100%| E|CS|TAMS 0x000000076a200000, 0x000000076a200000| Complete 
| 850|0x000000076a400000, 0x000000076a600000, 0x000000076a600000|100%| E|CS|TAMS 0x000000076a400000, 0x000000076a400000| Complete 
| 851|0x000000076a600000, 0x000000076a800000, 0x000000076a800000|100%| E|CS|TAMS 0x000000076a600000, 0x000000076a600000| Complete 
| 852|0x000000076a800000, 0x000000076aa00000, 0x000000076aa00000|100%| E|CS|TAMS 0x000000076a800000, 0x000000076a800000| Complete 
| 853|0x000000076aa00000, 0x000000076ac00000, 0x000000076ac00000|100%| E|CS|TAMS 0x000000076aa00000, 0x000000076aa00000| Complete 
| 854|0x000000076ac00000, 0x000000076ae00000, 0x000000076ae00000|100%| E|CS|TAMS 0x000000076ac00000, 0x000000076ac00000| Complete 
| 855|0x000000076ae00000, 0x000000076b000000, 0x000000076b000000|100%| E|CS|TAMS 0x000000076ae00000, 0x000000076ae00000| Complete 
| 856|0x000000076b000000, 0x000000076b200000, 0x000000076b200000|100%| E|CS|TAMS 0x000000076b000000, 0x000000076b000000| Complete 
| 857|0x000000076b200000, 0x000000076b400000, 0x000000076b400000|100%| E|CS|TAMS 0x000000076b200000, 0x000000076b200000| Complete 
| 858|0x000000076b400000, 0x000000076b600000, 0x000000076b600000|100%| E|CS|TAMS 0x000000076b400000, 0x000000076b400000| Complete 
| 859|0x000000076b600000, 0x000000076b800000, 0x000000076b800000|100%| E|CS|TAMS 0x000000076b600000, 0x000000076b600000| Complete 
| 860|0x000000076b800000, 0x000000076ba00000, 0x000000076ba00000|100%| E|CS|TAMS 0x000000076b800000, 0x000000076b800000| Complete 
| 861|0x000000076ba00000, 0x000000076bc00000, 0x000000076bc00000|100%| E|CS|TAMS 0x000000076ba00000, 0x000000076ba00000| Complete 
| 862|0x000000076bc00000, 0x000000076be00000, 0x000000076be00000|100%| E|CS|TAMS 0x000000076bc00000, 0x000000076bc00000| Complete 
| 863|0x000000076be00000, 0x000000076c000000, 0x000000076c000000|100%| E|CS|TAMS 0x000000076be00000, 0x000000076be00000| Complete 
| 864|0x000000076c000000, 0x000000076c200000, 0x000000076c200000|100%| E|CS|TAMS 0x000000076c000000, 0x000000076c000000| Complete 
| 865|0x000000076c200000, 0x000000076c400000, 0x000000076c400000|100%| E|CS|TAMS 0x000000076c200000, 0x000000076c200000| Complete 
| 866|0x000000076c400000, 0x000000076c600000, 0x000000076c600000|100%| E|CS|TAMS 0x000000076c400000, 0x000000076c400000| Complete 
| 867|0x000000076c600000, 0x000000076c800000, 0x000000076c800000|100%| E|CS|TAMS 0x000000076c600000, 0x000000076c600000| Complete 
| 868|0x000000076c800000, 0x000000076ca00000, 0x000000076ca00000|100%| E|CS|TAMS 0x000000076c800000, 0x000000076c800000| Complete 
| 869|0x000000076ca00000, 0x000000076cc00000, 0x000000076cc00000|100%| E|CS|TAMS 0x000000076ca00000, 0x000000076ca00000| Complete 
| 870|0x000000076cc00000, 0x000000076ce00000, 0x000000076ce00000|100%| E|CS|TAMS 0x000000076cc00000, 0x000000076cc00000| Complete 
| 871|0x000000076ce00000, 0x000000076d000000, 0x000000076d000000|100%| E|CS|TAMS 0x000000076ce00000, 0x000000076ce00000| Complete 
| 872|0x000000076d000000, 0x000000076d200000, 0x000000076d200000|100%| E|CS|TAMS 0x000000076d000000, 0x000000076d000000| Complete 
| 873|0x000000076d200000, 0x000000076d400000, 0x000000076d400000|100%| E|CS|TAMS 0x000000076d200000, 0x000000076d200000| Complete 
| 874|0x000000076d400000, 0x000000076d600000, 0x000000076d600000|100%| E|CS|TAMS 0x000000076d400000, 0x000000076d400000| Complete 
| 875|0x000000076d600000, 0x000000076d800000, 0x000000076d800000|100%| E|CS|TAMS 0x000000076d600000, 0x000000076d600000| Complete 
| 876|0x000000076d800000, 0x000000076da00000, 0x000000076da00000|100%| E|CS|TAMS 0x000000076d800000, 0x000000076d800000| Complete 
| 877|0x000000076da00000, 0x000000076dc00000, 0x000000076dc00000|100%| E|CS|TAMS 0x000000076da00000, 0x000000076da00000| Complete 
| 878|0x000000076dc00000, 0x000000076de00000, 0x000000076de00000|100%| E|CS|TAMS 0x000000076dc00000, 0x000000076dc00000| Complete 
| 879|0x000000076de00000, 0x000000076e000000, 0x000000076e000000|100%| E|CS|TAMS 0x000000076de00000, 0x000000076de00000| Complete 
| 880|0x000000076e000000, 0x000000076e200000, 0x000000076e200000|100%| E|CS|TAMS 0x000000076e000000, 0x000000076e000000| Complete 
| 881|0x000000076e200000, 0x000000076e400000, 0x000000076e400000|100%| E|CS|TAMS 0x000000076e200000, 0x000000076e200000| Complete 
| 882|0x000000076e400000, 0x000000076e600000, 0x000000076e600000|100%| E|CS|TAMS 0x000000076e400000, 0x000000076e400000| Complete 
| 883|0x000000076e600000, 0x000000076e800000, 0x000000076e800000|100%| E|CS|TAMS 0x000000076e600000, 0x000000076e600000| Complete 
| 884|0x000000076e800000, 0x000000076ea00000, 0x000000076ea00000|100%| E|CS|TAMS 0x000000076e800000, 0x000000076e800000| Complete 
| 885|0x000000076ea00000, 0x000000076ec00000, 0x000000076ec00000|100%| E|CS|TAMS 0x000000076ea00000, 0x000000076ea00000| Complete 
| 886|0x000000076ec00000, 0x000000076ee00000, 0x000000076ee00000|100%| E|CS|TAMS 0x000000076ec00000, 0x000000076ec00000| Complete 
| 887|0x000000076ee00000, 0x000000076f000000, 0x000000076f000000|100%| E|CS|TAMS 0x000000076ee00000, 0x000000076ee00000| Complete 
| 888|0x000000076f000000, 0x000000076f200000, 0x000000076f200000|100%| E|CS|TAMS 0x000000076f000000, 0x000000076f000000| Complete 
| 889|0x000000076f200000, 0x000000076f400000, 0x000000076f400000|100%| E|CS|TAMS 0x000000076f200000, 0x000000076f200000| Complete 
| 890|0x000000076f400000, 0x000000076f600000, 0x000000076f600000|100%| E|CS|TAMS 0x000000076f400000, 0x000000076f400000| Complete 
| 891|0x000000076f600000, 0x000000076f800000, 0x000000076f800000|100%| E|CS|TAMS 0x000000076f600000, 0x000000076f600000| Complete 
| 892|0x000000076f800000, 0x000000076fa00000, 0x000000076fa00000|100%| E|CS|TAMS 0x000000076f800000, 0x000000076f800000| Complete 
| 893|0x000000076fa00000, 0x000000076fc00000, 0x000000076fc00000|100%| E|CS|TAMS 0x000000076fa00000, 0x000000076fa00000| Complete 
| 894|0x000000076fc00000, 0x000000076fe00000, 0x000000076fe00000|100%| E|CS|TAMS 0x000000076fc00000, 0x000000076fc00000| Complete 
| 895|0x000000076fe00000, 0x0000000770000000, 0x0000000770000000|100%| E|CS|TAMS 0x000000076fe00000, 0x000000076fe00000| Complete 
| 896|0x0000000770000000, 0x0000000770200000, 0x0000000770200000|100%| E|CS|TAMS 0x0000000770000000, 0x0000000770000000| Complete 
| 897|0x0000000770200000, 0x0000000770400000, 0x0000000770400000|100%| E|CS|TAMS 0x0000000770200000, 0x0000000770200000| Complete 
| 898|0x0000000770400000, 0x0000000770600000, 0x0000000770600000|100%| E|CS|TAMS 0x0000000770400000, 0x0000000770400000| Complete 
| 899|0x0000000770600000, 0x0000000770800000, 0x0000000770800000|100%| E|CS|TAMS 0x0000000770600000, 0x0000000770600000| Complete 
| 900|0x0000000770800000, 0x0000000770a00000, 0x0000000770a00000|100%| E|CS|TAMS 0x0000000770800000, 0x0000000770800000| Complete 
| 901|0x0000000770a00000, 0x0000000770c00000, 0x0000000770c00000|100%| E|CS|TAMS 0x0000000770a00000, 0x0000000770a00000| Complete 
| 902|0x0000000770c00000, 0x0000000770e00000, 0x0000000770e00000|100%| E|CS|TAMS 0x0000000770c00000, 0x0000000770c00000| Complete 
| 903|0x0000000770e00000, 0x0000000771000000, 0x0000000771000000|100%| E|CS|TAMS 0x0000000770e00000, 0x0000000770e00000| Complete 
| 904|0x0000000771000000, 0x0000000771200000, 0x0000000771200000|100%| E|CS|TAMS 0x0000000771000000, 0x0000000771000000| Complete 
| 905|0x0000000771200000, 0x0000000771400000, 0x0000000771400000|100%| E|CS|TAMS 0x0000000771200000, 0x0000000771200000| Complete 
| 906|0x0000000771400000, 0x0000000771600000, 0x0000000771600000|100%| E|CS|TAMS 0x0000000771400000, 0x0000000771400000| Complete 
| 907|0x0000000771600000, 0x0000000771800000, 0x0000000771800000|100%| E|CS|TAMS 0x0000000771600000, 0x0000000771600000| Complete 
| 908|0x0000000771800000, 0x0000000771a00000, 0x0000000771a00000|100%| E|CS|TAMS 0x0000000771800000, 0x0000000771800000| Complete 
| 909|0x0000000771a00000, 0x0000000771c00000, 0x0000000771c00000|100%| E|CS|TAMS 0x0000000771a00000, 0x0000000771a00000| Complete 
| 910|0x0000000771c00000, 0x0000000771e00000, 0x0000000771e00000|100%| E|CS|TAMS 0x0000000771c00000, 0x0000000771c00000| Complete 
| 911|0x0000000771e00000, 0x0000000772000000, 0x0000000772000000|100%| E|CS|TAMS 0x0000000771e00000, 0x0000000771e00000| Complete 
| 912|0x0000000772000000, 0x0000000772200000, 0x0000000772200000|100%| E|CS|TAMS 0x0000000772000000, 0x0000000772000000| Complete 
| 913|0x0000000772200000, 0x0000000772400000, 0x0000000772400000|100%| E|CS|TAMS 0x0000000772200000, 0x0000000772200000| Complete 
| 914|0x0000000772400000, 0x0000000772600000, 0x0000000772600000|100%| E|CS|TAMS 0x0000000772400000, 0x0000000772400000| Complete 
| 915|0x0000000772600000, 0x0000000772800000, 0x0000000772800000|100%| E|CS|TAMS 0x0000000772600000, 0x0000000772600000| Complete 
| 916|0x0000000772800000, 0x0000000772a00000, 0x0000000772a00000|100%| E|CS|TAMS 0x0000000772800000, 0x0000000772800000| Complete 
| 917|0x0000000772a00000, 0x0000000772c00000, 0x0000000772c00000|100%| E|CS|TAMS 0x0000000772a00000, 0x0000000772a00000| Complete 
| 918|0x0000000772c00000, 0x0000000772e00000, 0x0000000772e00000|100%| E|CS|TAMS 0x0000000772c00000, 0x0000000772c00000| Complete 
| 919|0x0000000772e00000, 0x0000000773000000, 0x0000000773000000|100%| E|CS|TAMS 0x0000000772e00000, 0x0000000772e00000| Complete 
| 920|0x0000000773000000, 0x0000000773200000, 0x0000000773200000|100%| E|CS|TAMS 0x0000000773000000, 0x0000000773000000| Complete 
| 921|0x0000000773200000, 0x0000000773400000, 0x0000000773400000|100%| E|CS|TAMS 0x0000000773200000, 0x0000000773200000| Complete 
| 922|0x0000000773400000, 0x0000000773600000, 0x0000000773600000|100%| E|CS|TAMS 0x0000000773400000, 0x0000000773400000| Complete 
| 923|0x0000000773600000, 0x0000000773800000, 0x0000000773800000|100%| E|CS|TAMS 0x0000000773600000, 0x0000000773600000| Complete 
| 924|0x0000000773800000, 0x0000000773a00000, 0x0000000773a00000|100%| E|CS|TAMS 0x0000000773800000, 0x0000000773800000| Complete 
| 925|0x0000000773a00000, 0x0000000773c00000, 0x0000000773c00000|100%| E|CS|TAMS 0x0000000773a00000, 0x0000000773a00000| Complete 
| 926|0x0000000773c00000, 0x0000000773e00000, 0x0000000773e00000|100%| E|CS|TAMS 0x0000000773c00000, 0x0000000773c00000| Complete 
| 927|0x0000000773e00000, 0x0000000774000000, 0x0000000774000000|100%| E|CS|TAMS 0x0000000773e00000, 0x0000000773e00000| Complete 
| 928|0x0000000774000000, 0x0000000774200000, 0x0000000774200000|100%| E|CS|TAMS 0x0000000774000000, 0x0000000774000000| Complete 
| 929|0x0000000774200000, 0x0000000774400000, 0x0000000774400000|100%| E|CS|TAMS 0x0000000774200000, 0x0000000774200000| Complete 
| 930|0x0000000774400000, 0x0000000774600000, 0x0000000774600000|100%| E|CS|TAMS 0x0000000774400000, 0x0000000774400000| Complete 
| 931|0x0000000774600000, 0x0000000774800000, 0x0000000774800000|100%| E|CS|TAMS 0x0000000774600000, 0x0000000774600000| Complete 
| 932|0x0000000774800000, 0x0000000774a00000, 0x0000000774a00000|100%| E|CS|TAMS 0x0000000774800000, 0x0000000774800000| Complete 
| 933|0x0000000774a00000, 0x0000000774c00000, 0x0000000774c00000|100%| E|CS|TAMS 0x0000000774a00000, 0x0000000774a00000| Complete 
| 934|0x0000000774c00000, 0x0000000774e00000, 0x0000000774e00000|100%| E|CS|TAMS 0x0000000774c00000, 0x0000000774c00000| Complete 
| 935|0x0000000774e00000, 0x0000000775000000, 0x0000000775000000|100%| E|CS|TAMS 0x0000000774e00000, 0x0000000774e00000| Complete 
| 936|0x0000000775000000, 0x0000000775200000, 0x0000000775200000|100%| E|CS|TAMS 0x0000000775000000, 0x0000000775000000| Complete 
| 937|0x0000000775200000, 0x0000000775400000, 0x0000000775400000|100%| E|CS|TAMS 0x0000000775200000, 0x0000000775200000| Complete 
| 938|0x0000000775400000, 0x0000000775600000, 0x0000000775600000|100%| E|CS|TAMS 0x0000000775400000, 0x0000000775400000| Complete 
| 939|0x0000000775600000, 0x0000000775800000, 0x0000000775800000|100%| E|CS|TAMS 0x0000000775600000, 0x0000000775600000| Complete 
| 940|0x0000000775800000, 0x0000000775a00000, 0x0000000775a00000|100%| E|CS|TAMS 0x0000000775800000, 0x0000000775800000| Complete 
| 941|0x0000000775a00000, 0x0000000775c00000, 0x0000000775c00000|100%| E|CS|TAMS 0x0000000775a00000, 0x0000000775a00000| Complete 
| 942|0x0000000775c00000, 0x0000000775e00000, 0x0000000775e00000|100%| E|CS|TAMS 0x0000000775c00000, 0x0000000775c00000| Complete 
| 943|0x0000000775e00000, 0x0000000776000000, 0x0000000776000000|100%| E|CS|TAMS 0x0000000775e00000, 0x0000000775e00000| Complete 
| 944|0x0000000776000000, 0x0000000776200000, 0x0000000776200000|100%| E|CS|TAMS 0x0000000776000000, 0x0000000776000000| Complete 
| 945|0x0000000776200000, 0x0000000776400000, 0x0000000776400000|100%| E|CS|TAMS 0x0000000776200000, 0x0000000776200000| Complete 
| 946|0x0000000776400000, 0x0000000776600000, 0x0000000776600000|100%| E|CS|TAMS 0x0000000776400000, 0x0000000776400000| Complete 
| 947|0x0000000776600000, 0x0000000776800000, 0x0000000776800000|100%| E|CS|TAMS 0x0000000776600000, 0x0000000776600000| Complete 
| 948|0x0000000776800000, 0x0000000776a00000, 0x0000000776a00000|100%| E|CS|TAMS 0x0000000776800000, 0x0000000776800000| Complete 
| 949|0x0000000776a00000, 0x0000000776c00000, 0x0000000776c00000|100%| E|CS|TAMS 0x0000000776a00000, 0x0000000776a00000| Complete 
| 950|0x0000000776c00000, 0x0000000776e00000, 0x0000000776e00000|100%| E|CS|TAMS 0x0000000776c00000, 0x0000000776c00000| Complete 
| 951|0x0000000776e00000, 0x0000000777000000, 0x0000000777000000|100%| E|CS|TAMS 0x0000000776e00000, 0x0000000776e00000| Complete 
| 952|0x0000000777000000, 0x0000000777200000, 0x0000000777200000|100%| E|CS|TAMS 0x0000000777000000, 0x0000000777000000| Complete 
| 953|0x0000000777200000, 0x0000000777400000, 0x0000000777400000|100%| E|CS|TAMS 0x0000000777200000, 0x0000000777200000| Complete 
| 954|0x0000000777400000, 0x0000000777600000, 0x0000000777600000|100%| E|CS|TAMS 0x0000000777400000, 0x0000000777400000| Complete 
| 955|0x0000000777600000, 0x0000000777800000, 0x0000000777800000|100%| E|CS|TAMS 0x0000000777600000, 0x0000000777600000| Complete 
| 956|0x0000000777800000, 0x0000000777a00000, 0x0000000777a00000|100%| E|CS|TAMS 0x0000000777800000, 0x0000000777800000| Complete 
| 957|0x0000000777a00000, 0x0000000777c00000, 0x0000000777c00000|100%| E|CS|TAMS 0x0000000777a00000, 0x0000000777a00000| Complete 
| 958|0x0000000777c00000, 0x0000000777e00000, 0x0000000777e00000|100%| E|CS|TAMS 0x0000000777c00000, 0x0000000777c00000| Complete 
| 959|0x0000000777e00000, 0x0000000778000000, 0x0000000778000000|100%| E|CS|TAMS 0x0000000777e00000, 0x0000000777e00000| Complete 
|1128|0x000000078d000000, 0x000000078d200000, 0x000000078d200000|100%| E|CS|TAMS 0x000000078d000000, 0x000000078d000000| Complete 
|1129|0x000000078d200000, 0x000000078d400000, 0x000000078d400000|100%| E|CS|TAMS 0x000000078d200000, 0x000000078d200000| Complete 
|1130|0x000000078d400000, 0x000000078d600000, 0x000000078d600000|100%| E|CS|TAMS 0x000000078d400000, 0x000000078d400000| Complete 
|1131|0x000000078d600000, 0x000000078d800000, 0x000000078d800000|100%| E|CS|TAMS 0x000000078d600000, 0x000000078d600000| Complete 
|1132|0x000000078d800000, 0x000000078da00000, 0x000000078da00000|100%| E|CS|TAMS 0x000000078d800000, 0x000000078d800000| Complete 
|1133|0x000000078da00000, 0x000000078dc00000, 0x000000078dc00000|100%| E|CS|TAMS 0x000000078da00000, 0x000000078da00000| Complete 
|1134|0x000000078dc00000, 0x000000078de00000, 0x000000078de00000|100%| E|CS|TAMS 0x000000078dc00000, 0x000000078dc00000| Complete 
|1135|0x000000078de00000, 0x000000078e000000, 0x000000078e000000|100%| E|CS|TAMS 0x000000078de00000, 0x000000078de00000| Complete 
|1136|0x000000078e000000, 0x000000078e200000, 0x000000078e200000|100%| E|CS|TAMS 0x000000078e000000, 0x000000078e000000| Complete 
|1137|0x000000078e200000, 0x000000078e400000, 0x000000078e400000|100%| E|CS|TAMS 0x000000078e200000, 0x000000078e200000| Complete 
|1138|0x000000078e400000, 0x000000078e600000, 0x000000078e600000|100%| E|CS|TAMS 0x000000078e400000, 0x000000078e400000| Complete 
|1139|0x000000078e600000, 0x000000078e800000, 0x000000078e800000|100%| E|CS|TAMS 0x000000078e600000, 0x000000078e600000| Complete 
|1140|0x000000078e800000, 0x000000078ea00000, 0x000000078ea00000|100%| E|CS|TAMS 0x000000078e800000, 0x000000078e800000| Complete 
|1141|0x000000078ea00000, 0x000000078ec00000, 0x000000078ec00000|100%| E|CS|TAMS 0x000000078ea00000, 0x000000078ea00000| Complete 
|1142|0x000000078ec00000, 0x000000078ee00000, 0x000000078ee00000|100%| E|CS|TAMS 0x000000078ec00000, 0x000000078ec00000| Complete 
|1143|0x000000078ee00000, 0x000000078f000000, 0x000000078f000000|100%| E|CS|TAMS 0x000000078ee00000, 0x000000078ee00000| Complete 
|1144|0x000000078f000000, 0x000000078f200000, 0x000000078f200000|100%| E|CS|TAMS 0x000000078f000000, 0x000000078f000000| Complete 
|1145|0x000000078f200000, 0x000000078f400000, 0x000000078f400000|100%| E|CS|TAMS 0x000000078f200000, 0x000000078f200000| Complete 
|1173|0x0000000792a00000, 0x0000000792c00000, 0x0000000792c00000|100%| E|CS|TAMS 0x0000000792a00000, 0x0000000792a00000| Complete 
|1174|0x0000000792c00000, 0x0000000792e00000, 0x0000000792e00000|100%| E|CS|TAMS 0x0000000792c00000, 0x0000000792c00000| Complete 
|1175|0x0000000792e00000, 0x0000000793000000, 0x0000000793000000|100%| E|CS|TAMS 0x0000000792e00000, 0x0000000792e00000| Complete 
|1176|0x0000000793000000, 0x0000000793200000, 0x0000000793200000|100%| E|CS|TAMS 0x0000000793000000, 0x0000000793000000| Complete 
|1177|0x0000000793200000, 0x0000000793400000, 0x0000000793400000|100%| E|CS|TAMS 0x0000000793200000, 0x0000000793200000| Complete 
|1178|0x0000000793400000, 0x0000000793600000, 0x0000000793600000|100%| E|CS|TAMS 0x0000000793400000, 0x0000000793400000| Complete 
|1179|0x0000000793600000, 0x00000007937fff30, 0x0000000793800000| 99%| E|  |TAMS 0x0000000793600000, 0x0000000793600000| Complete 
|1180|0x0000000793800000, 0x0000000793a00000, 0x0000000793a00000|100%| E|CS|TAMS 0x0000000793800000, 0x0000000793800000| Complete 
|1181|0x0000000793a00000, 0x0000000793c00000, 0x0000000793c00000|100%| E|CS|TAMS 0x0000000793a00000, 0x0000000793a00000| Complete 
|1182|0x0000000793c00000, 0x0000000793e00000, 0x0000000793e00000|100%| E|CS|TAMS 0x0000000793c00000, 0x0000000793c00000| Complete 
|1183|0x0000000793e00000, 0x0000000794000000, 0x0000000794000000|100%| E|CS|TAMS 0x0000000793e00000, 0x0000000793e00000| Complete 

Card table byte_map: [0x0000020b4ecc0000,0x0000020b4f4c0000] _byte_map_base: 0x0000020b4b4c0000

Marking Bits (Prev, Next): (CMBitMap*) 0x0000020b359b9b30, (CMBitMap*) 0x0000020b359b9b70
 Prev Bits: [0x0000020b4fcc0000, 0x0000020b53cc0000)
 Next Bits: [0x0000020b53cc0000, 0x0000020b57cc0000)

Polling page: 0x0000020b35a10000

Metaspace:

Usage:
  Non-class:    164.80 MB used.
      Class:     24.34 MB used.
       Both:    189.14 MB used.

Virtual space:
  Non-class space:      192.00 MB reserved,     166.31 MB ( 87%) committed,  3 nodes.
      Class space:      832.00 MB reserved,      25.62 MB (  3%) committed,  1 nodes.
             Both:        1.00 GB reserved,     191.94 MB ( 19%) committed. 

Chunk freelists:
   Non-Class:  8.86 MB
       Class:  6.40 MB
        Both:  15.26 MB

MaxMetaspaceSize: 1.00 GB
CompressedClassSpaceSize: 832.00 MB
Initial GC threshold: 21.00 MB
Current GC threshold: 319.81 MB
CDS: on
MetaspaceReclaimPolicy: balanced
 - commit_granule_bytes: 65536.
 - commit_granule_words: 8192.
 - virtual_space_node_default_size: 8388608.
 - enlarge_chunks_in_place: 1.
 - new_chunks_are_fully_committed: 0.
 - uncommit_free_chunks: 1.
 - use_allocation_guard: 0.
 - handle_deallocations: 1.


Internal statistics:

num_allocs_failed_limit: 9.
num_arena_births: 4144.
num_arena_deaths: 266.
num_vsnodes_births: 4.
num_vsnodes_deaths: 0.
num_space_committed: 3127.
num_space_uncommitted: 58.
num_chunks_returned_to_freelist: 991.
num_chunks_taken_from_freelist: 14283.
num_chunk_merges: 286.
num_chunk_splits: 8613.
num_chunks_enlarged: 4890.
num_inconsistent_stats: 0.

CodeHeap 'non-profiled nmethods': size=120000Kb used=41686Kb max_used=41686Kb free=78313Kb
 bounds [0x0000020b46500000, 0x0000020b48dc0000, 0x0000020b4da30000]
CodeHeap 'profiled nmethods': size=120000Kb used=73252Kb max_used=74368Kb free=46747Kb
 bounds [0x0000020b3ea30000, 0x0000020b43310000, 0x0000020b45f60000]
CodeHeap 'non-nmethods': size=5760Kb used=2605Kb max_used=2760Kb free=3154Kb
 bounds [0x0000020b45f60000, 0x0000020b46220000, 0x0000020b46500000]
 total_blobs=38227 nmethods=37080 adapters=1055
 compilation: enabled
              stopped_count=0, restarted_count=0
 full_count=0

Compilation events (20 events):
Event: 195.527 Thread 0x0000020b5a8ee290 53943       3       com.android.tools.r8.internal.s2::a (33 bytes)
Event: 195.528 Thread 0x0000020b5a8ee290 nmethod 53943 0x0000020b423e7c90 code [0x0000020b423e7ee0, 0x0000020b423e8ad8]
Event: 195.545 Thread 0x0000020b5a8ee290 53944       3       com.android.tools.r8.internal.nB::b (82 bytes)
Event: 195.546 Thread 0x0000020b5a8ee290 nmethod 53944 0x0000020b41ec3510 code [0x0000020b41ec3700, 0x0000020b41ec3b08]
Event: 195.594 Thread 0x0000020b5a8eb8c0 nmethod 53905 0x0000020b48d97510 code [0x0000020b48d97bc0, 0x0000020b48d9deb8]
Event: 195.594 Thread 0x0000020b5a8eb8c0 53938       4       com.android.tools.r8.dex.k$$Lambda$4616/0x0000020b028c5d70::accept (12 bytes)
Event: 195.615 Thread 0x0000020b5a8ee290 53945   !   2       java.util.concurrent.ConcurrentHashMap$TreeBin::putTreeVal (371 bytes)
Event: 195.616 Thread 0x0000020b5a8ee290 nmethod 53945 0x0000020b42cf6110 code [0x0000020b42cf6360, 0x0000020b42cf6e38]
Event: 195.638 Thread 0x0000020b5a8ee290 53947       3       com.android.tools.r8.internal.y50::a (63 bytes)
Event: 195.639 Thread 0x0000020b5a8ee290 nmethod 53947 0x0000020b4329a390 code [0x0000020b4329a5c0, 0x0000020b4329afc8]
Event: 195.643 Thread 0x0000020b6ea91ee0 nmethod 53929 0x0000020b481d1410 code [0x0000020b481d1820, 0x0000020b481d4e60]
Event: 195.643 Thread 0x0000020b6ea91ee0 53939       4       com.android.tools.r8.dex.k::a (131 bytes)
Event: 195.678 Thread 0x0000020b6ea90ef0 nmethod 53914 0x0000020b48da1b90 code [0x0000020b48da22c0, 0x0000020b48da82c0]
Event: 195.678 Thread 0x0000020b6ea90ef0 53951       4       com.android.tools.r8.internal.Un::a (1062 bytes)
Event: 195.757 Thread 0x0000020b5a8ee290 53953       2       com.android.tools.r8.ir.optimize.x::a (114 bytes)
Event: 195.759 Thread 0x0000020b5a8ee290 nmethod 53953 0x0000020b4288c010 code [0x0000020b4288c260, 0x0000020b4288cad8]
Event: 195.760 Thread 0x0000020b5a8ee290 53954       2       com.android.tools.r8.internal.HE::isEmpty (11 bytes)
Event: 195.760 Thread 0x0000020b5a8ee290 nmethod 53954 0x0000020b4140e710 code [0x0000020b4140e8a0, 0x0000020b4140e9d8]
Event: 195.821 Thread 0x0000020b5a8ee290 53955       3       com.android.tools.r8.internal.IR$$Lambda$4688/0x0000020b028dd538::test (12 bytes)
Event: 195.821 Thread 0x0000020b5a8ee290 nmethod 53955 0x0000020b417a3390 code [0x0000020b417a3540, 0x0000020b417a3828]

GC Heap History (20 events):
Event: 187.586 GC heap before
{Heap before GC invocations=95 (full 0):
 garbage-first heap   total 1837056K, used 1559602K [0x0000000700000000, 0x0000000800000000)
  region size 2048K, 475 young (972800K), 14 survivors (28672K)
 Metaspace       used 193426K, committed 196288K, reserved 1048576K
  class space    used 24910K, committed 26240K, reserved 851968K
}
Event: 187.604 GC heap after
{Heap after GC invocations=96 (full 0):
 garbage-first heap   total 1837056K, used 618875K [0x0000000700000000, 0x0000000800000000)
  region size 2048K, 15 young (30720K), 15 survivors (30720K)
 Metaspace       used 193426K, committed 196288K, reserved 1048576K
  class space    used 24910K, committed 26240K, reserved 851968K
}
Event: 188.740 GC heap before
{Heap before GC invocations=97 (full 0):
 garbage-first heap   total 1933312K, used 1565051K [0x0000000700000000, 0x0000000800000000)
  region size 2048K, 478 young (978944K), 15 survivors (30720K)
 Metaspace       used 193444K, committed 196288K, reserved 1048576K
  class space    used 24910K, committed 26240K, reserved 851968K
}
Event: 188.758 GC heap after
{Heap after GC invocations=98 (full 0):
 garbage-first heap   total 1933312K, used 622964K [0x0000000700000000, 0x0000000800000000)
  region size 2048K, 17 young (34816K), 17 survivors (34816K)
 Metaspace       used 193444K, committed 196288K, reserved 1048576K
  class space    used 24910K, committed 26240K, reserved 851968K
}
Event: 188.833 GC heap before
{Heap before GC invocations=98 (full 0):
 garbage-first heap   total 1933312K, used 684404K [0x0000000700000000, 0x0000000800000000)
  region size 2048K, 47 young (96256K), 17 survivors (34816K)
 Metaspace       used 193446K, committed 196288K, reserved 1048576K
  class space    used 24910K, committed 26240K, reserved 851968K
}
Event: 188.865 GC heap after
{Heap after GC invocations=99 (full 0):
 garbage-first heap   total 1933312K, used 606527K [0x0000000700000000, 0x0000000800000000)
  region size 2048K, 4 young (8192K), 4 survivors (8192K)
 Metaspace       used 193446K, committed 196288K, reserved 1048576K
  class space    used 24910K, committed 26240K, reserved 851968K
}
Event: 189.832 GC heap before
{Heap before GC invocations=99 (full 0):
 garbage-first heap   total 1933312K, used 1661247K [0x0000000700000000, 0x0000000800000000)
  region size 2048K, 519 young (1062912K), 4 survivors (8192K)
 Metaspace       used 193478K, committed 196352K, reserved 1048576K
  class space    used 24910K, committed 26240K, reserved 851968K
}
Event: 189.843 GC heap after
{Heap after GC invocations=100 (full 0):
 garbage-first heap   total 1933312K, used 612650K [0x0000000700000000, 0x0000000800000000)
  region size 2048K, 7 young (14336K), 7 survivors (14336K)
 Metaspace       used 193478K, committed 196352K, reserved 1048576K
  class space    used 24910K, committed 26240K, reserved 851968K
}
Event: 190.859 GC heap before
{Heap before GC invocations=100 (full 0):
 garbage-first heap   total 1933312K, used 1671466K [0x0000000700000000, 0x0000000800000000)
  region size 2048K, 524 young (1073152K), 7 survivors (14336K)
 Metaspace       used 193513K, committed 196352K, reserved 1048576K
  class space    used 24910K, committed 26240K, reserved 851968K
}
Event: 190.874 GC heap after
{Heap after GC invocations=101 (full 0):
 garbage-first heap   total 1933312K, used 617706K [0x0000000700000000, 0x0000000800000000)
  region size 2048K, 9 young (18432K), 9 survivors (18432K)
 Metaspace       used 193513K, committed 196352K, reserved 1048576K
  class space    used 24910K, committed 26240K, reserved 851968K
}
Event: 191.326 GC heap before
{Heap before GC invocations=101 (full 0):
 garbage-first heap   total 1933312K, used 1000682K [0x0000000700000000, 0x0000000800000000)
  region size 2048K, 197 young (403456K), 9 survivors (18432K)
 Metaspace       used 193522K, committed 196416K, reserved 1048576K
  class space    used 24910K, committed 26240K, reserved 851968K
}
Event: 191.343 GC heap after
{Heap after GC invocations=102 (full 0):
 garbage-first heap   total 1933312K, used 621692K [0x0000000700000000, 0x0000000800000000)
  region size 2048K, 11 young (22528K), 11 survivors (22528K)
 Metaspace       used 193522K, committed 196416K, reserved 1048576K
  class space    used 24910K, committed 26240K, reserved 851968K
}
Event: 193.013 GC heap before
{Heap before GC invocations=103 (full 0):
 garbage-first heap   total 1933312K, used 1684604K [0x0000000700000000, 0x0000000800000000)
  region size 2048K, 528 young (1081344K), 11 survivors (22528K)
 Metaspace       used 193611K, committed 196480K, reserved 1048576K
  class space    used 24916K, committed 26240K, reserved 851968K
}
Event: 193.037 GC heap after
{Heap after GC invocations=104 (full 0):
 garbage-first heap   total 1933312K, used 633757K [0x0000000700000000, 0x0000000800000000)
  region size 2048K, 17 young (34816K), 17 survivors (34816K)
 Metaspace       used 193611K, committed 196480K, reserved 1048576K
  class space    used 24916K, committed 26240K, reserved 851968K
}
Event: 193.076 GC heap before
{Heap before GC invocations=104 (full 0):
 garbage-first heap   total 1933312K, used 695197K [0x0000000700000000, 0x0000000800000000)
  region size 2048K, 47 young (96256K), 17 survivors (34816K)
 Metaspace       used 193611K, committed 196480K, reserved 1048576K
  class space    used 24916K, committed 26240K, reserved 851968K
}
Event: 193.102 GC heap after
{Heap after GC invocations=105 (full 0):
 garbage-first heap   total 1933312K, used 611382K [0x0000000700000000, 0x0000000800000000)
  region size 2048K, 3 young (6144K), 3 survivors (6144K)
 Metaspace       used 193611K, committed 196480K, reserved 1048576K
  class space    used 24916K, committed 26240K, reserved 851968K
}
Event: 193.648 GC heap before
{Heap before GC invocations=105 (full 0):
 garbage-first heap   total 1933312K, used 1670198K [0x0000000700000000, 0x0000000800000000)
  region size 2048K, 520 young (1064960K), 3 survivors (6144K)
 Metaspace       used 193630K, committed 196480K, reserved 1048576K
  class space    used 24917K, committed 26240K, reserved 851968K
}
Event: 193.656 GC heap after
{Heap after GC invocations=106 (full 0):
 garbage-first heap   total 2025472K, used 614059K [0x0000000700000000, 0x0000000800000000)
  region size 2048K, 4 young (8192K), 4 survivors (8192K)
 Metaspace       used 193630K, committed 196480K, reserved 1048576K
  class space    used 24917K, committed 26240K, reserved 851968K
}
Event: 194.496 GC heap before
{Heap before GC invocations=106 (full 0):
 garbage-first heap   total 2025472K, used 1316523K [0x0000000700000000, 0x0000000800000000)
  region size 2048K, 348 young (712704K), 4 survivors (8192K)
 Metaspace       used 193640K, committed 196480K, reserved 1048576K
  class space    used 24917K, committed 26240K, reserved 851968K
}
Event: 194.513 GC heap after
{Heap after GC invocations=107 (full 0):
 garbage-first heap   total 2025472K, used 630627K [0x0000000700000000, 0x0000000800000000)
  region size 2048K, 13 young (26624K), 13 survivors (26624K)
 Metaspace       used 193640K, committed 196480K, reserved 1048576K
  class space    used 24917K, committed 26240K, reserved 851968K
}

Deoptimization events (20 events):
Event: 194.881 Thread 0x0000020b6127bbe0 DEOPT PACKING pc=0x0000020b48927844 sp=0x00000059102fbc30
Event: 194.881 Thread 0x0000020b6127bbe0 DEOPT UNPACKING pc=0x0000020b45fb5ba3 sp=0x00000059102fbb68 mode 2
Event: 194.936 Thread 0x0000020b5fb0a630 Uncommon trap: trap_request=0xffffff6e fr.pc=0x0000020b48d54534 relative=0x0000000000001fd4
Event: 194.936 Thread 0x0000020b5fb0a630 Uncommon trap: reason=loop_limit_check action=maybe_recompile pc=0x0000020b48d54534 method=com.android.tools.r8.internal.Va.b(Lcom/android/tools/r8/internal/AA;)V @ 309 c2
Event: 194.936 Thread 0x0000020b5fb0a630 DEOPT PACKING pc=0x0000020b48d54534 sp=0x00000059145fa800
Event: 194.936 Thread 0x0000020b5fb0a630 DEOPT UNPACKING pc=0x0000020b45fb5ba3 sp=0x00000059145fa7e8 mode 2
Event: 195.048 Thread 0x0000020b6127bbe0 DEOPT PACKING pc=0x0000020b430bfad3 sp=0x00000059102fb190
Event: 195.048 Thread 0x0000020b6127bbe0 DEOPT UNPACKING pc=0x0000020b45fb66e3 sp=0x00000059102faa38 mode 0
Event: 195.264 Thread 0x0000020b6127bbe0 DEOPT PACKING pc=0x0000020b430bdfe2 sp=0x00000059102fa830
Event: 195.264 Thread 0x0000020b6127bbe0 DEOPT UNPACKING pc=0x0000020b45fb66e3 sp=0x00000059102fa0d8 mode 0
Event: 195.270 Thread 0x0000020b5fb091f0 DEOPT PACKING pc=0x0000020b432b4e66 sp=0x00000059141fad50
Event: 195.270 Thread 0x0000020b5fb091f0 DEOPT UNPACKING pc=0x0000020b45fb66e3 sp=0x00000059141fa298 mode 0
Event: 195.436 Thread 0x0000020b5fb091f0 DEOPT PACKING pc=0x0000020b42d46673 sp=0x00000059141fba20
Event: 195.436 Thread 0x0000020b5fb091f0 DEOPT UNPACKING pc=0x0000020b45fb66e3 sp=0x00000059141faf88 mode 0
Event: 195.438 Thread 0x0000020b5fb091f0 DEOPT PACKING pc=0x0000020b42d46673 sp=0x00000059141fba20
Event: 195.438 Thread 0x0000020b5fb091f0 DEOPT UNPACKING pc=0x0000020b45fb66e3 sp=0x00000059141faf88 mode 0
Event: 195.439 Thread 0x0000020b5fb091f0 DEOPT PACKING pc=0x0000020b42d46673 sp=0x00000059141fb8d0
Event: 195.439 Thread 0x0000020b5fb091f0 DEOPT UNPACKING pc=0x0000020b45fb66e3 sp=0x00000059141fae38 mode 0
Event: 195.440 Thread 0x0000020b5fb091f0 DEOPT PACKING pc=0x0000020b42d46673 sp=0x00000059141fb8d0
Event: 195.440 Thread 0x0000020b5fb091f0 DEOPT UNPACKING pc=0x0000020b45fb66e3 sp=0x00000059141fae38 mode 0

Classes unloaded (20 events):
Event: 183.581 Thread 0x0000020b5a7b6410 Unloading class 0x0000020b02928ff8 'jdk/internal/jimage/ImageHeader'
Event: 183.581 Thread 0x0000020b5a7b6410 Unloading class 0x0000020b02928dc8 'jdk/internal/jimage/BasicImageReader$2'
Event: 183.581 Thread 0x0000020b5a7b6410 Unloading class 0x0000020b02928b98 'jdk/internal/jimage/BasicImageReader$1'
Event: 183.581 Thread 0x0000020b5a7b6410 Unloading class 0x0000020b02928930 'jdk/internal/jimage/ImageReader$Resource'
Event: 183.581 Thread 0x0000020b5a7b6410 Unloading class 0x0000020b029286c8 'jdk/internal/jimage/ImageReader$LinkNode'
Event: 183.581 Thread 0x0000020b5a7b6410 Unloading class 0x0000020b02928460 'jdk/internal/jimage/ImageReader$Directory'
Event: 183.581 Thread 0x0000020b5a7b6410 Unloading class 0x0000020b029281f8 'jdk/internal/jimage/ImageReader$Node'
Event: 183.581 Thread 0x0000020b5a7b6410 Unloading class 0x0000020b02928000 'jdk/internal/jimage/ImageStrings'
Event: 183.581 Thread 0x0000020b5a7b6410 Unloading class 0x0000020b02923b50 'jdk/internal/jimage/ImageReader$SharedImageReader'
Event: 183.581 Thread 0x0000020b5a7b6410 Unloading class 0x0000020b02923890 'jdk/internal/jimage/BasicImageReader'
Event: 183.581 Thread 0x0000020b5a7b6410 Unloading class 0x0000020b02923670 'jdk/internal/jimage/ImageReader'
Event: 183.581 Thread 0x0000020b5a7b6410 Unloading class 0x0000020b02923448 'jdk/internal/jrtfs/SystemImage$2'
Event: 183.581 Thread 0x0000020b5a7b6410 Unloading class 0x0000020b02923230 'jdk/internal/jrtfs/SystemImage$$Lambda$4899+0x0000020b02923230'
Event: 183.581 Thread 0x0000020b5a7b6410 Unloading class 0x0000020b02923000 'jdk/internal/jrtfs/ExplodedImage'
Event: 183.581 Thread 0x0000020b5a7b6410 Unloading class 0x0000020b02922dc8 'jdk/internal/jrtfs/SystemImage$1'
Event: 183.581 Thread 0x0000020b5a7b6410 Unloading class 0x0000020b02922bb0 'jdk/internal/jrtfs/SystemImage'
Event: 183.581 Thread 0x0000020b5a7b6410 Unloading class 0x0000020b02922950 'jdk/internal/jrtfs/JrtFileStore'
Event: 183.581 Thread 0x0000020b5a7b6410 Unloading class 0x0000020b029225d8 'jdk/internal/jrtfs/JrtPath'
Event: 183.581 Thread 0x0000020b5a7b6410 Unloading class 0x0000020b029222e0 'jdk/internal/jrtfs/JrtFileSystem'
Event: 183.581 Thread 0x0000020b5a7b6410 Unloading class 0x0000020b02922000 'jdk/internal/jrtfs/JrtFileSystemProvider'

Classes redefined (0 events):
No events

Internal exceptions (20 events):
Event: 192.282 Thread 0x0000020b5fb0a630 Exception <a 'sun/nio/fs/WindowsException'{0x000000075bde7670}> (0x000000075bde7670) 
thrown [s\open\src\hotspot\share\prims\jni.cpp, line 516]
Event: 192.322 Thread 0x0000020b5fb0a630 Exception <a 'sun/nio/fs/WindowsException'{0x000000075a582540}> (0x000000075a582540) 
thrown [s\open\src\hotspot\share\prims\jni.cpp, line 516]
Event: 192.354 Thread 0x0000020b6127bbe0 Exception <a 'sun/nio/fs/WindowsException'{0x0000000758befc18}> (0x0000000758befc18) 
thrown [s\open\src\hotspot\share\prims\jni.cpp, line 516]
Event: 192.361 Thread 0x0000020b5fb04600 Exception <a 'sun/nio/fs/WindowsException'{0x0000000758012d30}> (0x0000000758012d30) 
thrown [s\open\src\hotspot\share\prims\jni.cpp, line 516]
Event: 192.434 Thread 0x0000020b5fb091f0 Exception <a 'sun/nio/fs/WindowsException'{0x000000075b5e1208}> (0x000000075b5e1208) 
thrown [s\open\src\hotspot\share\prims\jni.cpp, line 516]
Event: 193.490 Thread 0x0000020b5fb0a630 Exception <a 'sun/nio/fs/WindowsException'{0x0000000743c232e8}> (0x0000000743c232e8) 
thrown [s\open\src\hotspot\share\prims\jni.cpp, line 516]
Event: 193.559 Thread 0x0000020b5fb091f0 Exception <a 'sun/nio/fs/WindowsException'{0x000000073b388070}> (0x000000073b388070) 
thrown [s\open\src\hotspot\share\prims\jni.cpp, line 516]
Event: 193.561 Thread 0x0000020b5fb0a630 Exception <a 'sun/nio/fs/WindowsException'{0x000000073c996fd0}> (0x000000073c996fd0) 
thrown [s\open\src\hotspot\share\prims\jni.cpp, line 516]
Event: 193.792 Thread 0x0000020b5fb0a630 Exception <a 'sun/nio/fs/WindowsException'{0x000000077358d020}> (0x000000077358d020) 
thrown [s\open\src\hotspot\share\prims\jni.cpp, line 516]
Event: 193.936 Thread 0x0000020b5fb0a630 Exception <a 'sun/nio/fs/WindowsException'{0x000000076cea6c78}> (0x000000076cea6c78) 
thrown [s\open\src\hotspot\share\prims\jni.cpp, line 516]
Event: 194.266 Thread 0x0000020b5fb0a630 Exception <a 'sun/nio/fs/WindowsException'{0x000000075d320c08}> (0x000000075d320c08) 
thrown [s\open\src\hotspot\share\prims\jni.cpp, line 516]
Event: 194.367 Thread 0x0000020b5fb0a630 Exception <a 'sun/nio/fs/WindowsException'{0x0000000758510918}> (0x0000000758510918) 
thrown [s\open\src\hotspot\share\prims\jni.cpp, line 516]
Event: 194.738 Thread 0x0000020b5f2eef00 Exception <a 'sun/nio/fs/WindowsException'{0x00000007779e6b60}> (0x00000007779e6b60) 
thrown [s\open\src\hotspot\share\prims\jni.cpp, line 516]
Event: 194.852 Thread 0x0000020b6127bbe0 Exception <a 'sun/nio/fs/WindowsException'{0x000000077334d518}> (0x000000077334d518) 
thrown [s\open\src\hotspot\share\prims\jni.cpp, line 516]
Event: 194.881 Thread 0x0000020b6127bbe0 Implicit null exception at 0x0000020b48903de6 to 0x0000020b48903fcc
Event: 194.957 Thread 0x0000020b6127bbe0 Exception <a 'sun/nio/fs/WindowsException'{0x000000076f54ccb0}> (0x000000076f54ccb0) 
thrown [s\open\src\hotspot\share\prims\jni.cpp, line 516]
Event: 195.541 Thread 0x0000020b5fb091f0 Exception <a 'sun/nio/fs/WindowsException'{0x000000075c1c21f8}> (0x000000075c1c21f8) 
thrown [s\open\src\hotspot\share\prims\jni.cpp, line 516]
Event: 195.616 Thread 0x0000020b5fb091f0 Exception <a 'sun/nio/fs/WindowsException'{0x0000000759ea99a8}> (0x0000000759ea99a8) 
thrown [s\open\src\hotspot\share\prims\jni.cpp, line 516]
Event: 195.671 Thread 0x0000020b5fb091f0 Exception <a 'sun/nio/fs/WindowsException'{0x00000007568a2148}> (0x00000007568a2148) 
thrown [s\open\src\hotspot\share\prims\jni.cpp, line 516]
Event: 195.821 Thread 0x0000020b5fb091f0 Exception <a 'sun/nio/fs/WindowsException'{0x00000007515ece00}> (0x00000007515ece00) 
thrown [s\open\src\hotspot\share\prims\jni.cpp, line 516]

VM Operations (20 events):
Event: 192.764 Executing VM operation: HandshakeAllThreads
Event: 192.765 Executing VM operation: HandshakeAllThreads done
Event: 193.012 Executing VM operation: G1CollectForAllocation
Event: 193.037 Executing VM operation: G1CollectForAllocation done
Event: 193.076 Executing VM operation: G1CollectForAllocation
Event: 193.102 Executing VM operation: G1CollectForAllocation done
Event: 193.648 Executing VM operation: G1CollectForAllocation
Event: 193.657 Executing VM operation: G1CollectForAllocation done
Event: 194.242 Executing VM operation: HandshakeAllThreads
Event: 194.287 Executing VM operation: HandshakeAllThreads done
Event: 194.352 Executing VM operation: ICBufferFull
Event: 194.359 Executing VM operation: ICBufferFull done
Event: 194.496 Executing VM operation: G1TryInitiateConcMark
Event: 194.521 Executing VM operation: G1TryInitiateConcMark done
Event: 195.085 Executing VM operation: G1Concurrent
Event: 195.133 Executing VM operation: G1Concurrent done
Event: 195.176 Executing VM operation: HandshakeAllThreads
Event: 195.295 Executing VM operation: HandshakeAllThreads done
Event: 195.414 Executing VM operation: G1Concurrent
Event: 195.415 Executing VM operation: G1Concurrent done

Events (20 events):
Event: 195.361 Thread 0x0000020b5a8f42b0 flushing nmethod 0x0000020b42886b10
Event: 195.362 Thread 0x0000020b5a8f42b0 flushing nmethod 0x0000020b429c6d10
Event: 195.362 Thread 0x0000020b5a8f42b0 flushing nmethod 0x0000020b42a08e90
Event: 195.362 Thread 0x0000020b5a8f42b0 flushing nmethod 0x0000020b42a35110
Event: 195.363 Thread 0x0000020b5a8f42b0 flushing nmethod 0x0000020b42af8390
Event: 195.363 Thread 0x0000020b5a8f42b0 flushing nmethod 0x0000020b42b75b10
Event: 195.363 Thread 0x0000020b5a8f42b0 flushing nmethod 0x0000020b42bac210
Event: 195.364 Thread 0x0000020b5a8f42b0 flushing nmethod 0x0000020b42c22090
Event: 195.364 Thread 0x0000020b5a8f42b0 flushing nmethod 0x0000020b42cf6110
Event: 195.364 Thread 0x0000020b5a8f42b0 flushing nmethod 0x0000020b42d1b490
Event: 195.365 Thread 0x0000020b5a8f42b0 flushing nmethod 0x0000020b42d40810
Event: 195.365 Thread 0x0000020b5a8f42b0 flushing nmethod 0x0000020b42d60110
Event: 195.365 Thread 0x0000020b5a8f42b0 flushing nmethod 0x0000020b42d60690
Event: 195.365 Thread 0x0000020b5a8f42b0 flushing nmethod 0x0000020b42d63e90
Event: 195.365 Thread 0x0000020b5a8f42b0 flushing nmethod 0x0000020b42ddf810
Event: 195.365 Thread 0x0000020b5a8f42b0 flushing nmethod 0x0000020b42de0610
Event: 195.366 Thread 0x0000020b5a8f42b0 flushing nmethod 0x0000020b42fa3c10
Event: 195.367 Thread 0x0000020b5a8f42b0 flushing nmethod 0x0000020b43015090
Event: 195.368 Thread 0x0000020b5a8f42b0 flushing nmethod 0x0000020b431a5f10
Event: 195.368 Thread 0x0000020b5a8f42b0 flushing nmethod 0x0000020b4329a390


Dynamic libraries:
0x00007ff6b9970000 - 0x00007ff6b9980000 	C:\Program Files\Java\jdk-17\bin\java.exe
0x00007ffbe32e0000 - 0x00007ffbe3547000 	C:\WINDOWS\SYSTEM32\ntdll.dll
0x00007ffbe1930000 - 0x00007ffbe19f9000 	C:\WINDOWS\System32\KERNEL32.DLL
0x00007ffbdfdc0000 - 0x00007ffbe01b7000 	C:\WINDOWS\System32\KERNELBASE.dll
0x00007ffbe0470000 - 0x00007ffbe05bb000 	C:\WINDOWS\System32\ucrtbase.dll
0x00007ffbc5970000 - 0x00007ffbc598b000 	C:\Program Files\Java\jdk-17\bin\VCRUNTIME140.dll
0x00007ffbc5aa0000 - 0x00007ffbc5ab9000 	C:\Program Files\Java\jdk-17\bin\jli.dll
0x00007ffbe2640000 - 0x00007ffbe26f6000 	C:\WINDOWS\System32\ADVAPI32.dll
0x00007ffbe17b0000 - 0x00007ffbe1859000 	C:\WINDOWS\System32\msvcrt.dll
0x00007ffbe2590000 - 0x00007ffbe2637000 	C:\WINDOWS\System32\sechost.dll
0x00007ffbe1a90000 - 0x00007ffbe1ba8000 	C:\WINDOWS\System32\RPCRT4.dll
0x00007ffbe2f60000 - 0x00007ffbe3126000 	C:\WINDOWS\System32\USER32.dll
0x00007ffbe0ef0000 - 0x00007ffbe0f17000 	C:\WINDOWS\System32\win32u.dll
0x00007ffbe1900000 - 0x00007ffbe192b000 	C:\WINDOWS\System32\GDI32.dll
0x00007ffbe01c0000 - 0x00007ffbe02ec000 	C:\WINDOWS\System32\gdi32full.dll
0x00007ffbdfd10000 - 0x00007ffbdfdb3000 	C:\WINDOWS\System32\msvcp_win.dll
0x00007ffbcf4e0000 - 0x00007ffbcf4eb000 	C:\WINDOWS\SYSTEM32\VERSION.dll
0x00007ffbcc5d0000 - 0x00007ffbcc862000 	C:\WINDOWS\WinSxS\amd64_microsoft.windows.common-controls_6595b64144ccf1df_6.0.26100.8457_none_3e0b2faee331e92d\COMCTL32.dll
0x00007ffbe2060000 - 0x00007ffbe2092000 	C:\WINDOWS\System32\IMM32.DLL
0x00007ffbcd820000 - 0x00007ffbcd82c000 	C:\Program Files\Java\jdk-17\bin\vcruntime140_1.dll
0x00007ffb55ca0000 - 0x00007ffb55d2e000 	C:\Program Files\Java\jdk-17\bin\msvcp140.dll
0x00007ffb1b350000 - 0x00007ffb1bf30000 	C:\Program Files\Java\jdk-17\bin\server\jvm.dll
0x00007ffbe1860000 - 0x00007ffbe1868000 	C:\WINDOWS\System32\PSAPI.DLL
0x00007ffbcc590000 - 0x00007ffbcc5c6000 	C:\WINDOWS\SYSTEM32\WINMM.dll
0x00007ffbc5b30000 - 0x00007ffbc5b3a000 	C:\WINDOWS\SYSTEM32\WSOCK32.dll
0x00007ffbe1870000 - 0x00007ffbe18f0000 	C:\WINDOWS\System32\WS2_32.dll
0x00007ffbdea70000 - 0x00007ffbdea8b000 	C:\WINDOWS\SYSTEM32\kernel.appcore.dll
0x00007ffbc5b00000 - 0x00007ffbc5b0a000 	C:\Program Files\Java\jdk-17\bin\jimage.dll
0x00007ffbdde80000 - 0x00007ffbde0c2000 	C:\WINDOWS\SYSTEM32\DBGHELP.DLL
0x00007ffbe1bb0000 - 0x00007ffbe1f33000 	C:\WINDOWS\System32\combase.dll
0x00007ffbe1f40000 - 0x00007ffbe2019000 	C:\WINDOWS\System32\OLEAUT32.dll
0x00007ffbc1a30000 - 0x00007ffbc1a6b000 	C:\WINDOWS\SYSTEM32\dbgcore.DLL
0x00007ffbe0f20000 - 0x00007ffbe0fc8000 	C:\WINDOWS\System32\bcryptPrimitives.dll
0x00007ffbbc790000 - 0x00007ffbbc79e000 	C:\Program Files\Java\jdk-17\bin\instrument.dll
0x00007ffbbe4d0000 - 0x00007ffbbe4f5000 	C:\Program Files\Java\jdk-17\bin\java.dll
0x00007ffb544d0000 - 0x00007ffb545a7000 	C:\Program Files\Java\jdk-17\bin\jsvml.dll
0x00007ffbe2760000 - 0x00007ffbe2ece000 	C:\WINDOWS\System32\SHELL32.dll
0x00007ffbe0680000 - 0x00007ffbe0eec000 	C:\WINDOWS\System32\windows.storage.dll
0x00007ffbe1060000 - 0x00007ffbe1156000 	C:\WINDOWS\System32\SHCORE.dll
0x00007ffbe3230000 - 0x00007ffbe3296000 	C:\WINDOWS\System32\shlwapi.dll
0x00007ffbdfc30000 - 0x00007ffbdfc59000 	C:\WINDOWS\SYSTEM32\profapi.dll
0x00007ffba18f0000 - 0x00007ffba1908000 	C:\Program Files\Java\jdk-17\bin\zip.dll
0x00007ffbbc740000 - 0x00007ffbbc759000 	C:\Program Files\Java\jdk-17\bin\net.dll
0x00007ffbd8240000 - 0x00007ffbd8369000 	C:\WINDOWS\SYSTEM32\WINHTTP.dll
0x00007ffbdeff0000 - 0x00007ffbdf05c000 	C:\WINDOWS\system32\mswsock.dll
0x00007ffba1910000 - 0x00007ffba1926000 	C:\Program Files\Java\jdk-17\bin\nio.dll
0x00007ffbbfa10000 - 0x00007ffbbfa20000 	C:\Program Files\Java\jdk-17\bin\verify.dll
0x00007ffb787a0000 - 0x00007ffb787c7000 	C:\Users\rohan\.gradle\native\1def1411415f61bf3af743bc5b6707747c0891f09f0c88961ee8f79bc544acac\windows-amd64\native-platform.dll
0x0000000077b10000 - 0x0000000077b83000 	C:\Users\rohan\.gradle\native\0.2.5\x86_64-windows-gnu\gradle-fileevents.dll
0x00007ffbbedd0000 - 0x00007ffbbedda000 	C:\Program Files\Java\jdk-17\bin\management.dll
0x00007ffbbe410000 - 0x00007ffbbe41b000 	C:\Program Files\Java\jdk-17\bin\management_ext.dll
0x00007ffbdf2f0000 - 0x00007ffbdf30b000 	C:\WINDOWS\SYSTEM32\CRYPTSP.dll
0x00007ffbde9d0000 - 0x00007ffbdea09000 	C:\WINDOWS\system32\rsaenh.dll
0x00007ffbdf0a0000 - 0x00007ffbdf0d3000 	C:\WINDOWS\SYSTEM32\USERENV.dll
0x00007ffbdfc00000 - 0x00007ffbdfc2a000 	C:\WINDOWS\SYSTEM32\bcrypt.dll
0x00007ffbdf310000 - 0x00007ffbdf31c000 	C:\WINDOWS\SYSTEM32\CRYPTBASE.dll
0x00007ffbde450000 - 0x00007ffbde482000 	C:\WINDOWS\SYSTEM32\IPHLPAPI.DLL
0x00007ffbe2020000 - 0x00007ffbe202a000 	C:\WINDOWS\System32\NSI.dll
0x00007ffbd9600000 - 0x00007ffbd961d000 	C:\WINDOWS\SYSTEM32\dhcpcsvc6.DLL
0x00007ffbd9580000 - 0x00007ffbd95a5000 	C:\WINDOWS\SYSTEM32\dhcpcsvc.DLL
0x00007ffbde490000 - 0x00007ffbde5c2000 	C:\WINDOWS\SYSTEM32\DNSAPI.dll
0x00007ffbbc620000 - 0x00007ffbbc62e000 	C:\Program Files\Java\jdk-17\bin\sunmscapi.dll
0x00007ffbe02f0000 - 0x00007ffbe0468000 	C:\WINDOWS\System32\CRYPT32.dll
0x00007ffbdf510000 - 0x00007ffbdf540000 	C:\WINDOWS\SYSTEM32\ncrypt.dll
0x00007ffbdf4c0000 - 0x00007ffbdf4ff000 	C:\WINDOWS\SYSTEM32\NTASN1.dll
0x00007ffb9a2d0000 - 0x00007ffb9a2d8000 	C:\WINDOWS\system32\wshunix.dll
0x0000000077a10000 - 0x0000000077a83000 	C:\Users\rohan\AppData\Local\Temp\native-platform13252113946184817002dir\gradle-fileevents.dll
0x00007ffbaec70000 - 0x00007ffbaec88000 	C:\WINDOWS\system32\napinsp.dll
0x00007ffbae590000 - 0x00007ffbae5a3000 	C:\WINDOWS\System32\winrnr.dll
0x00007ffbae640000 - 0x00007ffbae662000 	C:\WINDOWS\system32\nlansp_c.dll
0x00007ffbd0cf0000 - 0x00007ffbd0d06000 	C:\WINDOWS\system32\wshbth.dll
0x00007ffbd94c0000 - 0x00007ffbd94cb000 	C:\Windows\System32\rasadhlp.dll
0x00007ffbd99c0000 - 0x00007ffbd9a46000 	C:\WINDOWS\System32\fwpuclnt.dll
0x00007ffbdeba0000 - 0x00007ffbdebd6000 	C:\WINDOWS\SYSTEM32\ntmarta.dll
0x00007ffbc69a0000 - 0x00007ffbc69a7000 	C:\Program Files\Java\jdk-17\bin\rmi.dll

dbghelp: loaded successfully - version: 4.0.5 - missing functions: none
symbol engine: initialized successfully - sym options: 0x614 - pdb path: .;C:\Program Files\Java\jdk-17\bin;C:\WINDOWS\SYSTEM32;C:\WINDOWS\WinSxS\amd64_microsoft.windows.common-controls_6595b64144ccf1df_6.0.26100.8457_none_3e0b2faee331e92d;C:\Program Files\Java\jdk-17\bin\server;C:\Users\rohan\.gradle\native\1def1411415f61bf3af743bc5b6707747c0891f09f0c88961ee8f79bc544acac\windows-amd64;C:\Users\rohan\.gradle\native\0.2.5\x86_64-windows-gnu;C:\Users\rohan\AppData\Local\Temp\native-platform13252113946184817002dir

VM Arguments:
jvm_args: --add-opens=java.base/java.lang=ALL-UNNAMED --add-opens=java.base/java.lang.invoke=ALL-UNNAMED --add-opens=java.base/java.util=ALL-UNNAMED --add-opens=java.prefs/java.util.prefs=ALL-UNNAMED --add-exports=jdk.compiler/com.sun.tools.javac.api=ALL-UNNAMED --add-exports=jdk.compiler/com.sun.tools.javac.util=ALL-UNNAMED --add-opens=java.base/java.util=ALL-UNNAMED --add-opens=java.prefs/java.util.prefs=ALL-UNNAMED --add-opens=java.base/java.nio.charset=ALL-UNNAMED --add-opens=java.base/java.net=ALL-UNNAMED --add-opens=java.base/java.util.concurrent.atomic=ALL-UNNAMED --add-opens=java.xml/javax.xml.namespace=ALL-UNNAMED -XX:MaxMetaspaceSize=1g -XX:+HeapDumpOnOutOfMemoryError -Xmx4g -Dfile.encoding=windows-1252 -Duser.country=IN -Duser.language=en -Duser.variant -javaagent:C:\Users\rohan\.gradle\wrapper\dists\gradle-8.12-all\ejduaidbjup3bmmkhw3rie4zb\gradle-8.12\lib\agents\gradle-instrumentation-agent-8.12.jar 
java_command: org.gradle.launcher.daemon.bootstrap.GradleDaemon 8.12
java_class_path (initial): C:\Users\rohan\.gradle\wrapper\dists\gradle-8.12-all\ejduaidbjup3bmmkhw3rie4zb\gradle-8.12\lib\gradle-daemon-main-8.12.jar
Launcher Type: SUN_STANDARD

[Global flags]
     intx CICompilerCount                          = 4                                         {product} {ergonomic}
   size_t CompressedClassSpaceSize                 = 872415232                                 {product} {ergonomic}
     uint ConcGCThreads                            = 2                                         {product} {ergonomic}
     uint G1ConcRefinementThreads                  = 8                                         {product} {ergonomic}
   size_t G1HeapRegionSize                         = 2097152                                   {product} {ergonomic}
    uintx GCDrainStackTargetSize                   = 64                                        {product} {ergonomic}
     bool HeapDumpOnOutOfMemoryError               = true                                   {manageable} {command line}
   size_t InitialHeapSize                          = 266338304                                 {product} {ergonomic}
   size_t MarkStackSize                            = 4194304                                   {product} {ergonomic}
   size_t MaxHeapSize                              = 4294967296                                {product} {command line}
   size_t MaxMetaspaceSize                         = 1073741824                                {product} {command line}
   size_t MaxNewSize                               = 2575302656                                {product} {ergonomic}
   size_t MinHeapDeltaBytes                        = 2097152                                   {product} {ergonomic}
   size_t MinHeapSize                              = 8388608                                   {product} {ergonomic}
    uintx NonNMethodCodeHeapSize                   = 5839372                                {pd product} {ergonomic}
    uintx NonProfiledCodeHeapSize                  = 122909434                              {pd product} {ergonomic}
    uintx ProfiledCodeHeapSize                     = 122909434                              {pd product} {ergonomic}
    uintx ReservedCodeCacheSize                    = 251658240                              {pd product} {ergonomic}
     bool SegmentedCodeCache                       = true                                      {product} {ergonomic}
   size_t SoftMaxHeapSize                          = 4294967296                             {manageable} {ergonomic}
     bool UseCompressedClassPointers               = true                           {product lp64_product} {ergonomic}
     bool UseCompressedOops                        = true                           {product lp64_product} {ergonomic}
     bool UseG1GC                                  = true                                      {product} {ergonomic}
     bool UseLargePagesIndividualAllocation        = false                                  {pd product} {ergonomic}

Logging:
Log output configuration:
 #0: stdout all=warning uptime,level,tags
 #1: stderr all=off uptime,level,tags

Environment Variables:
JAVA_HOME=C:\Program Files\Java\jdk-17
CLASSPATH=C:\Users\rohan\bundle\android\\gradle\wrapper\gradle-wrapper.jar
PATH=C:\Users\rohan\bundle\node_modules\.bin;C:\Users\rohan\bundle\node_modules\.bin;C:\Users\rohan\node_modules\.bin;C:\Users\node_modules\.bin;C:\node_modules\.bin;C:\Users\rohan\AppData\Roaming\npm\node_modules\npm\node_modules\@npmcli\run-script\lib\node-gyp-bin;c:\Users\rohan\AppData\Roaming\Code\User\globalStorage\github.copilot-chat\debugCommand;c:\Users\rohan\AppData\Roaming\Code\User\globalStorage\github.copilot-chat\copilotCli;C:\Python312\Scripts\;C:\Python312\;C:\WINDOWS\system32;C:\WINDOWS;C:\WINDOWS\System32\Wbem;C:\WINDOWS\System32\WindowsPowerShell\v1.0\;C:\WINDOWS\System32\OpenSSH\;C:\Program Files\Git\cmd;C:\ProgramData\chocolatey\bin;D:\Php;C:\composer;C:\Users\rohan\AppData\Local\Android\Sdk\platform-tools;C:\Users\rohan\AppData\Local\Android\Sdk\emulator;C:\Users\rohan\AppData\Local\Android\Sdk\tools;C:\Users\rohan\AppData\Local\Android\Sdk\tools\bin;C:\Users\rohan\AppData\Local\Android\Sdk\build-tools\33.0.1;C:\Program Files\PuTTY\;D:\React\;D:\Flutter\flutter_windows_3.27.3-stable\flutter\bin;C:\tools\php84;C:\Program Files\Meld\;C:\Program Files\Docker\Docker\resources\bin;C:\Program Files\Java\jdk-17\bin;C:\Program Files\Common Files\Oracle\Java\javapath;C:\Python312\Scripts\;C:\Python312\;C:\Program Files (x86)\Common Files\Oracle\Java\javapath;C:\WINDOWS\system32;C:\WINDOWS;C:\WINDOWS\System32\Wbem;C:\WINDOWS\System32\WindowsPowerShell\v1.0\;C:\WINDOWS\System32\OpenSSH\;C:\Program Files\Git\cmd;C:\ProgramData\chocolatey\bin;D:\Php;C:\composer;C:\Users\rohan\AppData\Local\Android\Sdk\platform-tools;C:\Users\rohan\AppData\Local\Android\Sdk\emulator;C:\Users\rohan\AppData\Local\Android\Sdk\tools;C:\Users\rohan\AppData\Local\Android\Sdk\tools\bin;C:\Users\rohan\AppData\Local\Android\Sdk\build-tools\33.0.1;C:\Program Files\PuTTY\;D:\React\;D:\Flutter\flutter_windows_3.27.3-stable\flutter\bin;C:\tools\php84;C:\Program Files\Meld\;C:\Program Files\Docker\Docker\resources\bin;C:\Users\rohan\AppData\Local\Microsoft\WindowsApps;C:\Users\rohan\AppData\L
USERNAME=rohan
LANG=en_US.UTF-8
OS=Windows_NT
PROCESSOR_IDENTIFIER=Intel64 Family 6 Model 140 Stepping 2, GenuineIntel



---------------  S Y S T E M  ---------------

OS:
 Windows 11 , 64 bit Build 26100 (10.0.26100.8328)
OS uptime: 5 days 18:33 hours
Hyper-V role detected

CPU: total 8 (initial active 8) (4 cores per cpu, 2 threads per core) family 6 model 140 stepping 2 microcode 0x22, cx8, cmov, fxsr, ht, mmx, 3dnowpref, sse, sse2, sse3, ssse3, sse4.1, sse4.2, popcnt, lzcnt, tsc, tscinvbit, avx, avx2, aes, erms, clmul, bmi1, bmi2, adx, avx512f, avx512dq, avx512cd, avx512bw, avx512vl, sha, fma, vzeroupper, avx512_vpopcntdq, avx512_vpclmulqdq, avx512_vaes, avx512_vnni, clflush, clflushopt, clwb, avx512_vbmi2, avx512_vbmi, hv

Memory: 4k page, system-wide physical 16167M (511M free)
TotalPageFile size 31642M (AvailPageFile size 4M)
current process WorkingSet (physical memory assigned to process): 2682M, peak: 3076M
current process commit charge ("private bytes"): 2728M, peak: 3126M

vm_info: Java HotSpot(TM) 64-Bit Server VM (17.0.12+8-LTS-286) for windows-amd64 JRE (17.0.12+8-LTS-286), built on Jun  5 2024 06:46:59 by "mach5one" with MS VC++ 17.6 (VS2022)

END.
